"results.est","results.true","results.param","results.id","results.method","results.sim","times.data_simulation","times.wisp","times.ELLA","times.DESeq2"
-0.0337013584157294,0,"rate_effect","Pvalb","wisp",1,0.0459022521972656,226.993104219437,24.1935837268829,1.51726198196411
-5.06598146789867,-0.474480230594054,"rate_effect","Slc17a7","wisp",1,0.0322229862213135,331.06693983078,30.7433168888092,1.6044819355011
0.217659038439057,0,"rate_effect","Tac2","wisp",1,0.0333068370819092,374.853465080261,21.7227132320404,1.55030393600464
-0.144273115638929,0,"rate_effect","Vip","wisp",1,0.0307085514068604,384.058814287186,22.0142612457275,1.6028254032135
0.197959866644125,0.0205018830019981,"random_effect","replicate1","wisp",1,0.0302438735961914,391.767779111862,25.2758643627167,1.53045392036438
0.244377749772092,0.0689533562399447,"random_effect","replicate2","wisp",1,0.0305290222167969,388.461657047272,23.9431219100952,1.55912685394287
-0.427212835567607,-0.320642593549564,"random_effect","replicate3","wisp",1,0.0326883792877197,384.937769889832,29.8561155796051,1.56570911407471
0.248379330678345,0.061961587285623,"random_effect","replicate4","wisp",1,0.026921272277832,389.509970188141,21.9643669128418,1.66833257675171
0.827505827505827,0,"FSE","Pvalb","wisp",1,0.0267267227172852,388.007637023926,30.0672695636749,1.57240080833435
0,1,"FSE","Slc17a7","wisp",1,0.0300586223602295,418.203063964844,30.2898714542389,1.61718273162842
0.618181818181818,0,"FSE","Tac2","wisp",1,0.0290942192077637,406.942582845688,31.5599641799927,1.58856463432312
0.121238761238761,0,"FSE","Vip","wisp",1,0.0287714004516602,429.646015167236,26.2195875644684,1.60668730735779
2.20004681178443e-06,1,"SVG","Pvalb","ELLA",1,0.0317835807800293,341.669018268585,26.9653091430664,1.54579663276672
0.879012436581935,1,"SVG","Slc17a7","ELLA",1,0.0308656692504883,410.980796337128,26.0913398265839,1.58828997612
2.20005802620271e-06,1,"SVG","Tac2","ELLA",1,0.0299198627471924,381.337107896805,27.0866591930389,1.55881309509277
1.10001204328691e-06,1,"SVG","Vip","ELLA",1,0.0317187309265137,406.580022573471,25.456356048584,2.13756680488586
-8.58521368688429,0,"rate_effect","Slc17a7","DESeq2",1,0.0320427417755127,381.373903751373,26.0200519561768,1.62136936187744
0.0119450668843992,-0.474480230594054,"rate_effect","Pvalb","DESeq2",1,0.0314962863922119,398.525640964508,30.7137763500214,1.63695192337036
-0.000870884307319894,0,"rate_effect","Tac2","DESeq2",1,0.0254049301147461,391.480886697769,26.8268549442291,1.66666102409363
0.0271295765741185,0,"rate_effect","Vip","DESeq2",1,0.0256845951080322,386.229352712631,22.1226570606232,2.23532843589783
0,0,"FSE","Slc17a7","DESeq2",1,0.0274255275726318,393.043655633926,26.3135740756989,1.62186360359192
0.712086304377413,1,"FSE","Pvalb","DESeq2",1,0.0314497947692871,399.737291574478,27.4356372356415,1.54793643951416
0.970894439639564,0,"FSE","Tac2","DESeq2",1,0.0278842449188232,407.994123220444,30.0831542015076,1.70397877693176
0.459785126721375,0,"FSE","Vip","DESeq2",1,0.0312459468841553,454.349458694458,27.4588553905487,1.65162825584412
-0.0680967258870854,0,"rate_effect","Pvalb","wisp",2,0.0302815437316895,416.451984167099,27.4706983566284,1.66848421096802
-0.0565859613607953,0,"rate_effect","Slc17a7","wisp",2,0.030287504196167,445.160679101944,26.9797604084015,1.6416482925415
-0.016651551788211,0,"rate_effect","Tac2","wisp",2,0.0270621776580811,418.129014253616,28.2524511814117,1.66839957237244
-0.610005810196905,-0.175284441793337,"rate_effect","Vip","wisp",2,0.025137186050415,427.151807546616,30.0656287670135,1.72059488296509
-0.363197458769354,-0.131967326393351,"random_effect","replicate1","wisp",2,0.0248410701751709,419.83846116066,32.9552249908447,1.71002101898193
0.193435494553902,0.397517432691529,"random_effect","replicate2","wisp",2,0.031097412109375,420.148341417313,25.3059678077698,1.70672941207886
0.213070319843601,0.425063600996509,"random_effect","replicate3","wisp",2,0.0304763317108154,422.099095344543,27.7931344509125,1.73184728622437
0.174757840713799,0.426752915838733,"random_effect","replicate4","wisp",2,0.0281741619110107,436.614368438721,25.8525140285492,1.87365055084229
0.631409406919611,0,"FSE","Pvalb","wisp",2,0.031022310256958,431.403715372086,31.1884779930115,1.73899722099304
1.54133366633367,0,"FSE","Slc17a7","wisp",2,0.0317983627319336,446.260487318039,21.985191822052,1.75307321548462
0.567916458541459,0,"FSE","Tac2","wisp",2,0.0358791351318359,425.043972253799,28.740198135376,1.71167206764221
0.358613608613609,1,"FSE","Vip","wisp",2,0.0326249599456787,432.28660774231,34.3577883243561,1.82336187362671
0.951720231557055,1,"SVG","Pvalb","ELLA",2,0.025691032409668,413.085528612137,26.3216788768768,1.68938827514648
0.89806332898226,1,"SVG","Slc17a7","ELLA",2,0.0321977138519287,431.868797302246,31.4128401279449,1.72128224372864
0.968767664316532,0,"SVG","Tac2","ELLA",2,0.0303294658660889,427.370543956757,21.0685846805573,1.7031238079071
1.10000833819512e-06,1,"SVG","Vip","ELLA",2,0.031196117401123,438.467203855515,26.1320161819458,1.84325361251831
0.00845500348068148,0,"rate_effect","Slc17a7","DESeq2",2,0.0318443775177002,416.291744470596,28.2499594688416,1.83968019485474
0.0023712427657925,0,"rate_effect","Pvalb","DESeq2",2,0.0282285213470459,444.577963352203,21.2990975379944,2.37900733947754
0.0168282144194272,0,"rate_effect","Tac2","DESeq2",2,0.029576301574707,425.557831048965,32.9004528522491,2.33510065078735
-1.17317839789,-0.175284441793337,"rate_effect","Vip","DESeq2",2,0.0261030197143555,454.543220043182,25.3657302856445,1.65312337875366
0.12254649572526,0,"FSE","Slc17a7","DESeq2",2,0.030604362487793,448.491393089294,27.0592975616455,1.72818160057068
0.768284246218634,0,"FSE","Pvalb","DESeq2",2,0.0423741340637207,418.818164825439,24.772531747818,1.71317410469055
0.237522875958882,0,"FSE","Tac2","DESeq2",2,0.0336840152740479,421.485532522202,26.0124709606171,1.66458964347839
0,1,"FSE","Vip","DESeq2",2,0.0301039218902588,419.07643198967,23.9351878166199,1.70808434486389
-2.14881284949691,-0.430503937182948,"rate_effect","Pvalb","wisp",3,0.029496431350708,443.56943154335,25.7597060203552,1.6528697013855
-0.00294262641203666,0,"rate_effect","Slc17a7","wisp",3,0.0322501659393311,423.658175468445,25.207447052002,1.70782256126404
-0.00721355632229157,0,"rate_effect","Tac2","wisp",3,0.0313875675201416,427.1850502491,25.8664109706879,2.41867923736572
0.243577172733064,0,"rate_effect","Vip","wisp",3,0.0261313915252686,428.541162490845,22.9495022296906,1.70014810562134
0.264044940539264,-0.355183797189966,"random_effect","replicate1","wisp",3,0.816929817199707,433.676968336105,31.5241286754608,2.48922324180603
-0.465855004944345,-0.46885572001338,"random_effect","replicate2","wisp",3,0.0293712615966797,430.996541023254,24.3395192623138,1.70786213874817
-0.308319211815029,-0.442088458221406,"random_effect","replicate3","wisp",3,0.0294525623321533,435.360939741135,24.5862038135529,1.74760770797729
0.516532416291286,-0.161017677746713,"random_effect","replicate4","wisp",3,0.0314376354217529,431.56404876709,26.8166272640228,1.69978642463684
0.0280280280280281,1,"FSE","Pvalb","wisp",3,0.0298619270324707,443.675142288208,30.911069393158,1.68198251724243
0.785813591369147,0,"FSE","Slc17a7","wisp",3,0.0369207859039307,443.817051887512,31.6257169246674,1.67301535606384
0.891752863975086,0,"FSE","Tac2","wisp",3,0.0287370681762695,425.840946435928,20.6871118545532,1.69628477096558
0.714276776776777,0,"FSE","Vip","wisp",3,0.816901922225952,418.899758338928,25.4150378704071,1.71676182746887
0.960678443744623,1,"SVG","Pvalb","ELLA",3,0.0307743549346924,427.506590843201,28.1352660655975,1.71242094039917
0.892227941246121,0,"SVG","Slc17a7","ELLA",3,0.0329976081848145,430.744173049927,26.0876758098602,1.68078994750977
0.929550162628235,0,"SVG","Tac2","ELLA",3,0.0331697463989258,343.210713863373,25.4671909809113,1.68777298927307
1.10000857561632e-06,1,"SVG","Vip","ELLA",3,0.0300967693328857,440.774281978607,23.2325868606567,2.37251234054565
0.0737743099860267,-0.430503937182948,"rate_effect","Slc17a7","DESeq2",3,0.812228679656982,421.734682798386,24.0035390853882,1.67496418952942
-5.75428351695937,0,"rate_effect","Pvalb","DESeq2",3,0.0344059467315674,414.342206716537,31.1541674137115,1.68140697479248
-0.00193730497221675,0,"rate_effect","Tac2","DESeq2",3,0.0330021381378174,437.451224327087,29.745246887207,1.75335311889648
0.0277097416190478,0,"rate_effect","Vip","DESeq2",3,0.0306010246276855,442.808385372162,28.5078384876251,1.74131655693054
0.147813971448282,1,"FSE","Slc17a7","DESeq2",3,0.0322425365447998,418.705527305603,32.1499083042145,1.71031928062439
0,0,"FSE","Pvalb","DESeq2",3,0.02848219871521,418.45457649231,31.55730676651,1.6748194694519
0.969324068095076,0,"FSE","Tac2","DESeq2",3,0.0327200889587402,418.613175630569,21.0245373249054,2.49808239936829
0.741342399809784,0,"FSE","Vip","DESeq2",3,0.0323636531829834,451.664989948273,26.4137582778931,1.71981382369995
-0.0625567142700426,0.0542591158300638,"rate_effect","Pvalb","wisp",4,0.0289516448974609,431.30482840538,26.2738811969757,1.79348587989807
-0.00550328229200786,0,"rate_effect","Slc17a7","wisp",4,0.0340394973754883,424.700837850571,28.7098228931427,1.66401886940002
0.0145570401397517,0,"rate_effect","Tac2","wisp",4,0.0275821685791016,425.654767751694,28.4632177352905,1.66555500030518
0.0492162471763979,0,"rate_effect","Vip","wisp",4,0.0329325199127197,423.197243452072,33.9429748058319,1.6831533908844
0.180260797761518,-0.296618966851383,"random_effect","replicate1","wisp",4,0.0311880111694336,434.951207876205,25.2036564350128,1.74011588096619
0.504562067172282,0.136504909023643,"random_effect","replicate2","wisp",4,0.0296409130096436,440.225367546082,27.4221527576447,1.70881175994873
-0.481243735204897,-0.447836728766561,"random_effect","replicate3","wisp",4,0.817978858947754,426.278552532196,33.1131513118744,1.70468354225159
-0.279035236861789,-0.385776356328279,"random_effect","replicate4","wisp",4,0.0321147441864014,422.636915206909,29.2182486057281,1.70727491378784
1.64307692307692,1,"FSE","Pvalb","wisp",4,0.0328273773193359,447.521906852722,29.8023293018341,1.68975639343262
1.47122265489612,0,"FSE","Slc17a7","wisp",4,0.0354571342468262,452.610210418701,26.6774995326996,1.70772361755371
1.78693528693529,0,"FSE","Tac2","wisp",4,0.0321264266967773,433.965416669846,32.878084897995,1.7208776473999
0.849428349428349,0,"FSE","Vip","wisp",4,0.0312814712524414,422.190920829773,24.4393150806427,1.70067930221558
0.89155179544369,1,"SVG","Pvalb","ELLA",4,0.0330197811126709,418.523633003235,25.5854187011719,1.69677972793579
0.795827911730434,0,"SVG","Slc17a7","ELLA",4,0.034435510635376,420.346521377563,26.4988250732422,1.68244385719299
0.878350779286037,0,"SVG","Tac2","ELLA",4,0.0320837497711182,450.666950464249,31.1645810604095,1.67498111724854
1.10000775749297e-06,1,"SVG","Vip","ELLA",4,0.0363020896911621,457.17814874649,21.4324703216553,1.71121692657471
-0.0133502140676751,0.0542591158300638,"rate_effect","Slc17a7","DESeq2",4,0.029810905456543,428.343622922897,28.0981600284576,1.70960855484009
0.283444140051696,0,"rate_effect","Pvalb","DESeq2",4,0.0300595760345459,430.763073682785,25.8358247280121,1.69846940040588
-0.035687976873155,0,"rate_effect","Tac2","DESeq2",4,0.0283267498016357,397.332173585892,18.7034997940063,1.69594931602478
-0.0476295933209614,0,"rate_effect","Vip","DESeq2",4,0.0276176929473877,442.712224245071,28.8775310516357,1.6610062122345
0.360394260004598,1,"FSE","Slc17a7","DESeq2",4,0.0308253765106201,427.544069766998,28.7976498603821,1.63383769989014
5.95674159915383e-40,0,"FSE","Pvalb","DESeq2",4,0.809355020523071,410.579885721207,29.0670175552368,1.86269569396973
0.360394260004598,0,"FSE","Tac2","DESeq2",4,0.0337629318237305,423.401099443436,29.6546030044556,1.68249821662903
0.116640790539036,0,"FSE","Vip","DESeq2",4,0.0272953510284424,422.697418212891,28.5365047454834,1.725830078125
0.0370395041294278,0,"rate_effect","Pvalb","wisp",5,0.029818058013916,439.7497215271,28.5780348777771,1.66135263442993
0.139479321104839,0,"rate_effect","Slc17a7","wisp",5,0.0316903591156006,433.967046022415,28.9943070411682,1.69037532806396
-0.0422547188389766,0,"rate_effect","Tac2","wisp",5,0.0298211574554443,431.580412626266,25.7868802547455,1.6839165687561
0.0198505671888081,0,"rate_effect","Vip","wisp",5,0.030144214630127,421.375997781754,24.3016586303711,1.71349835395813
0.404412994162038,0.360686373198405,"random_effect","replicate1","wisp",5,0.807829141616821,465.29434800148,29.0233175754547,1.72194504737854
-0.192611667686036,-0.14831909397617,"random_effect","replicate2","wisp",5,0.0383744239807129,429.53732085228,28.4468386173248,1.68207979202271
0.230902898899276,-0.00433761184103787,"random_effect","replicate3","wisp",5,0.0290732383728027,429.263690233231,27.6097779273987,1.72484445571899
-0.480237231045185,-0.3590559407603,"random_effect","replicate4","wisp",5,0.0312666893005371,437.413307189941,27.8502190113068,1.60901474952698
1.22493131868132,0,"FSE","Pvalb","wisp",5,0.805010795593262,426.455203294754,26.4656774997711,1.70355725288391
0.731705794205794,0,"FSE","Slc17a7","wisp",5,0.0289487838745117,436.127036333084,28.2870264053345,1.67139077186584
1.62701187701188,0,"FSE","Tac2","wisp",5,0.03226637840271,420.098921537399,31.8938703536987,1.69554042816162
1.27769452769453,0,"FSE","Vip","wisp",5,0.032975435256958,438.165823221207,30.2825698852539,1.69946098327637
0.932944276709551,0,"SVG","Pvalb","ELLA",5,0.0294399261474609,422.019849300385,30.9425678253174,1.66973900794983
0.840353328237685,1,"SVG","Slc17a7","ELLA",5,0.0314321517944336,431.475331306458,22.7149419784546,1.67200517654419
0.969945699768661,0,"SVG","Tac2","ELLA",5,0.0310087203979492,456.257085084915,32.455356836319,1.71188235282898
0.874672334743213,0,"SVG","Vip","ELLA",5,0.0314266681671143,415.877539396286,24.0265824794769,1.67043447494507
-9.30250543986999e-05,0,"rate_effect","Slc17a7","DESeq2",5,0.0294971466064453,416.692481517792,28.3475487232208,1.67638111114502
-0.000285707856641027,0,"rate_effect","Pvalb","DESeq2",5,0.0342004299163818,336.719402313232,26.6872763633728,1.68443870544434
0.000137480227109425,0,"rate_effect","Tac2","DESeq2",5,0.0316140651702881,440.845675230026,27.6376297473907,1.67763209342957
-7.81779231956606e-05,0,"rate_effect","Vip","DESeq2",5,0.0327372550964355,439.942652225494,29.3641135692596,1.70473194122314
0.941454144219683,0,"FSE","Slc17a7","DESeq2",5,0.0318393707275391,427.237243175507,26.6134941577911,1.71749186515808
0.887108608169382,0,"FSE","Pvalb","DESeq2",5,0.0313699245452881,439.644544839859,28.5925753116608,1.69865012168884
0.887108608169382,0,"FSE","Tac2","DESeq2",5,0.0302164554595947,430.495224475861,30.2653694152832,1.85662579536438
0.887108608169382,0,"FSE","Vip","DESeq2",5,0.0278749465942383,433.838924407959,19.8628737926483,1.78214120864868
0.00944795786900992,0,"rate_effect","Pvalb","wisp",6,0.0278384685516357,430.360751152039,22.3971903324127,1.76852321624756
0.0167775175632107,0,"rate_effect","Slc17a7","wisp",6,0.0297048091888428,444.295955896378,24.0693807601929,1.65312027931213
0.0278624642019323,0,"rate_effect","Tac2","wisp",6,0.0325343608856201,439.585692644119,22.7576236724854,1.69080781936646
0.195801953831474,0,"rate_effect","Vip","wisp",6,0.0392982959747314,440.06645655632,24.0361716747284,1.71503973007202
-0.198582480760158,-0.327775565441698,"random_effect","replicate1","wisp",6,0.029843807220459,437.265570402145,32.5572719573975,1.693115234375
0.531214131561764,0.311647037742659,"random_effect","replicate2","wisp",6,0.0291032791137695,439.432435512543,28.7472431659698,1.66761207580566
-0.576230724847558,-0.46063916804269,"random_effect","replicate3","wisp",6,0.0333409309387207,453.339238643646,31.4272742271423,1.68288779258728
0.295436159294651,-0.172033008886501,"random_effect","replicate4","wisp",6,0.0347957611083984,417.253128051758,31.6567099094391,1.64820694923401
0.694638694638695,0,"FSE","Pvalb","wisp",6,0.0314128398895264,437.256318807602,26.5088288784027,1.63021802902222
1.59496059496059,0,"FSE","Slc17a7","wisp",6,0.0340812206268311,430.002932310104,29.5874364376068,1.69731545448303
1.08953546453546,0,"FSE","Tac2","wisp",6,0.0293447971343994,435.143224954605,28.5866005420685,1.70678520202637
0.400217066883734,0,"FSE","Vip","wisp",6,0.0311143398284912,445.551970005035,28.4414129257202,1.71600365638733
0.942292559396529,0,"SVG","Pvalb","ELLA",6,0.0289325714111328,403.162273168564,26.9035997390747,1.71544790267944
0.890427041410567,1,"SVG","Slc17a7","ELLA",6,0.0286831855773926,430.203703165054,26.6837778091431,1.66840791702271
0.844865585664937,1,"SVG","Tac2","ELLA",6,1.57948327064514,437.185100317001,27.2536680698395,1.667564868927
2.20002348594317e-06,1,"SVG","Vip","ELLA",6,0.034404993057251,445.910422801971,27.2072422504425,1.68012309074402
0.00679815579585788,0,"rate_effect","Slc17a7","DESeq2",6,0.0283098220825195,453.391103506088,26.5794351100922,1.68018746376038
0.00615270324849718,0,"rate_effect","Pvalb","DESeq2",6,0.801506280899048,419.876414775848,24.7873849868774,1.75839638710022
-0.0050488513883107,0,"rate_effect","Tac2","DESeq2",6,0.0307512283325195,428.397931814194,25.2241079807281,1.7059383392334
-0.00251788429857463,0,"rate_effect","Vip","DESeq2",6,0.0340209007263184,436.847017526627,28.057745218277,1.85157752037048
0.261742479672823,0,"FSE","Slc17a7","DESeq2",6,0.0325219631195068,418.58698797226,21.6276752948761,1.68365335464478
0.261742479672823,0,"FSE","Pvalb","DESeq2",6,0.029606819152832,451.323617219925,28.6904950141907,1.68021440505981
0.187830560067125,0,"FSE","Tac2","DESeq2",6,0.0282809734344482,451.912832021713,22.7493710517883,1.72066164016724
0.416578618067539,0,"FSE","Vip","DESeq2",6,0.801509857177734,422.313986063004,26.464081287384,1.70801472663879
-0.239191140027137,0,"rate_effect","Pvalb","wisp",7,0.035719633102417,420.760576486588,28.6639797687531,1.73553800582886
-0.156488420245961,0,"rate_effect","Slc17a7","wisp",7,0.0332770347595215,423.522397279739,32.0795929431915,1.68319892883301
0.00445238141273276,0,"rate_effect","Tac2","wisp",7,0.0316963195800781,452.135765552521,27.33478307724,1.69501924514771
0.0656041247679126,0,"rate_effect","Vip","wisp",7,0.0274889469146729,429.882750511169,29.0840692520142,2.21656131744385
-0.282807622040708,-0.125960189616308,"random_effect","replicate1","wisp",7,0.0337462425231934,456.47945690155,29.6877138614655,1.71448874473572
0.315449651841763,0.477889107074589,"random_effect","replicate2","wisp",7,0.0293803215026855,422.508548974991,28.0290486812592,1.72083115577698
0.151066473770263,0.149043631041422,"random_effect","replicate3","wisp",7,0.0302333831787109,425.557153701782,25.630185842514,1.71045875549316
-0.232705975725647,-0.0743453288450837,"random_effect","replicate4","wisp",7,0.0314383506774902,456.831465482712,28.0305428504944,1.73749208450317
1.2024642024642,0,"FSE","Pvalb","wisp",7,0.0300333499908447,420.228207826614,25.318615436554,1.76744961738586
0.416139416139416,0,"FSE","Slc17a7","wisp",7,0.029646635055542,425.508758306503,32.9703578948975,1.67997980117798
1.17782217782218,0,"FSE","Tac2","wisp",7,0.795555591583252,424.274295568466,28.6420726776123,1.70204496383667
0.52988677988678,0,"FSE","Vip","wisp",7,0.0330798625946045,427.26707816124,18.6909942626953,1.63834738731384
0.945732698546809,1,"SVG","Pvalb","ELLA",7,0.0290913581848145,427.728501081467,29.9143071174622,1.79513120651245
0.861013965362973,1,"SVG","Slc17a7","ELLA",7,0.0293011665344238,426.269878864288,28.6204409599304,1.68565964698792
0.825696731729847,0,"SVG","Tac2","ELLA",7,0.0388209819793701,418.660535097122,32.9334063529968,1.7362232208252
2.20002813378084e-06,1,"SVG","Vip","ELLA",7,0.0292532444000244,425.60621213913,21.9722917079926,1.68773722648621
-0.000184884671677124,0,"rate_effect","Slc17a7","DESeq2",7,0.0324656963348389,443.387887001038,24.3710117340088,1.69161748886108
0.000139995514247364,0,"rate_effect","Pvalb","DESeq2",7,0.0302588939666748,439.416900157928,23.9184587001801,1.70590662956238
-3.0334081120547e-05,0,"rate_effect","Tac2","DESeq2",7,0.0327942371368408,438.957689762115,27.6632163524628,1.71968770027161
6.93231826848243e-05,0,"rate_effect","Vip","DESeq2",7,0.0285742282867432,421.09440946579,29.6664223670959,1.71637344360352
0.234752543648526,0,"FSE","Slc17a7","DESeq2",7,0.0321705341339111,433.779055833817,24.2364208698273,1.66416764259338
0.345562613884188,0,"FSE","Pvalb","DESeq2",7,0.0324299335479736,441.995455741882,30.9328153133392,1.71126890182495
0.754153349935293,0,"FSE","Tac2","DESeq2",7,0.029210090637207,439.464953899384,34.3297638893127,1.69986629486084
0.754153349935293,0,"FSE","Vip","DESeq2",7,0.0426244735717773,437.597018718719,24.8363919258118,1.68951106071472
0.031255473907827,0,"rate_effect","Pvalb","wisp",8,0.0324771404266357,425.207281112671,34.9626548290253,1.69158744812012
-0.0200123997775703,0,"rate_effect","Slc17a7","wisp",8,0.0298991203308105,418.647297859192,25.208455324173,1.70028805732727
0.929497067669338,0.424305924912915,"rate_effect","Tac2","wisp",8,0.0298573970794678,427.855692625046,21.8786227703094,1.69300127029419
0.610502071746591,0.283321557333693,"rate_effect","Vip","wisp",8,0.0312502384185791,432.517842054367,28.3129653930664,1.68675136566162
-0.374471944498065,-0.424554875120521,"random_effect","replicate1","wisp",8,0.0320358276367188,411.424299955368,27.6908824443817,1.68193197250366
-0.633783162867539,-0.481414386769757,"random_effect","replicate2","wisp",8,0.0310063362121582,427.761325597763,29.3594481945038,1.68344497680664
0.579320851232223,0.336756162112579,"random_effect","replicate3","wisp",8,0.0334844589233398,428.166197538376,26.1797046661377,1.7228901386261
0.378519810960268,-0.18414446641691,"random_effect","replicate4","wisp",8,0.0315742492675781,434.415714979172,25.5722579956055,1.75341796875
0.506860486452323,0,"FSE","Pvalb","wisp",8,0.0306034088134766,423.648044109344,28.6630384922028,2.33507633209229
0.875513375513375,0,"FSE","Slc17a7","wisp",8,0.0319352149963379,457.630842685699,30.2729852199554,1.71965885162354
0.148157398157398,1,"FSE","Tac2","wisp",8,0.0309898853302002,427.793577194214,24.6332676410675,1.78945779800415
0.105238511488512,1,"FSE","Vip","wisp",8,0.0248186588287354,427.134085416794,20.8497416973114,1.70171666145325
0.983682036552306,0,"SVG","Pvalb","ELLA",8,0.0303020477294922,449.407165288925,26.851879119873,1.69535422325134
0.927825471630637,0,"SVG","Slc17a7","ELLA",8,0.0301089286804199,428.247339248657,29.8079919815063,1.66396045684814
0.834168344933953,1,"SVG","Tac2","ELLA",8,0.0322089195251465,408.884809732437,26.4115223884583,1.72398972511292
2.20006406315143e-06,1,"SVG","Vip","ELLA",8,0.0315802097320557,422.765319108963,25.9771552085876,1.73013639450073
-0.68105287109659,0,"rate_effect","Slc17a7","DESeq2",8,0.0289065837860107,439.160111427307,22.1827802658081,1.76004147529602
-0.639915511224454,0,"rate_effect","Pvalb","DESeq2",8,0.0298852920532227,427.017245531082,28.7798230648041,1.70368719100952
1.10686396034109,0.424305924912915,"rate_effect","Tac2","DESeq2",8,0.0346510410308838,423.745444536209,30.480721950531,1.68005108833313
0.625866605994468,0.283321557333693,"rate_effect","Vip","DESeq2",8,0.0336208343505859,457.350196123123,29.9804899692535,1.70068073272705
1.0796265111572e-164,0,"FSE","Slc17a7","DESeq2",8,0.0338809490203857,436.45938372612,22.8680624961853,1.66281175613403
1.65507487577295e-101,0,"FSE","Pvalb","DESeq2",8,0.034174919128418,440.511873960495,28.8962671756744,1.64716815948486
1.70287291390733e-291,1,"FSE","Tac2","DESeq2",8,0.0303421020507812,427.628512382507,22.2104892730713,1.71368527412415
3.64840734677128e-110,1,"FSE","Vip","DESeq2",8,0.0332088470458984,344.416242599487,30.4543399810791,1.69739413261414
-0.00222957961479753,0,"rate_effect","Pvalb","wisp",9,0.0305843353271484,431.98536658287,24.406289100647,1.68058586120605
-0.0778352757196987,0,"rate_effect","Slc17a7","wisp",9,0.0328588485717773,449.26571059227,33.3354132175446,1.73019027709961
-0.0217223445706222,0,"rate_effect","Tac2","wisp",9,0.0297694206237793,439.159985542297,26.3205349445343,1.71449494361877
0.0311729616843848,0,"rate_effect","Vip","wisp",9,0.0305607318878174,428.652082204819,30.6755955219269,1.88950419425964
-0.376954289109488,-0.1874511805363,"random_effect","replicate1","wisp",9,0.0316033363342285,445.094449043274,42.2195236682892,1.67439436912537
0.260847909849626,0.237788333324715,"random_effect","replicate2","wisp",9,0.0265688896179199,435.233200311661,26.1416709423065,1.71018147468567
0.172812165801571,0.144012347562239,"random_effect","replicate3","wisp",9,0.0327644348144531,439.456162452698,26.0999274253845,1.78638219833374
0.0903677085523565,0.103182347957045,"random_effect","replicate4","wisp",9,0.0307676792144775,437.681057214737,27.9302146434784,1.65710139274597
1.54777222777223,0,"FSE","Pvalb","wisp",9,0.0290651321411133,427.405111312866,22.3053696155548,1.72048687934875
1.79813936063936,0,"FSE","Slc17a7","wisp",9,0.0320477485656738,433.640318632126,29.350049495697,1.72802352905273
1.63240759240759,0,"FSE","Tac2","wisp",9,0.0298590660095215,448.810079097748,25.333607673645,1.71256875991821
1.49594405594406,0,"FSE","Vip","wisp",9,0.0316283702850342,455.552742004395,29.5427038669586,1.7094087600708
0.946062745614427,0,"SVG","Pvalb","ELLA",9,0.0333898067474365,440.108868360519,23.9051141738892,1.67539310455322
0.900213369420833,1,"SVG","Slc17a7","ELLA",9,0.0299966335296631,419.217404127121,32.1976454257965,1.70710897445679
0.790810688894248,0,"SVG","Tac2","ELLA",9,0.0458025932312012,433.931190729141,28.3724331855774,1.67933249473572
0.865639091677047,0,"SVG","Vip","ELLA",9,0.0300023555755615,429.552792310715,29.0982015132904,1.65337753295898
-0.0103687483500296,0,"rate_effect","Slc17a7","DESeq2",9,0.0322961807250977,435.765223503113,31.6087048053741,1.71501207351685
-0.0052815053368234,0,"rate_effect","Pvalb","DESeq2",9,0.0341274738311768,417.889683008194,28.9951059818268,1.70399403572083
0.000645737756453335,0,"rate_effect","Tac2","DESeq2",9,0.0294394493103027,453.733312368393,25.2916481494904,1.77246928215027
0.00508585692544411,0,"rate_effect","Vip","DESeq2",9,0.0308578014373779,468.61527967453,25.4667437076569,1.71070170402527
0.287888261018631,0,"FSE","Slc17a7","DESeq2",9,0.820080041885376,436.097178220749,26.8479788303375,1.66347169876099
0.396003306886198,0,"FSE","Pvalb","DESeq2",9,0.0320253372192383,431.81830573082,30.8184201717377,1.66999959945679
0.750251597042137,0,"FSE","Tac2","DESeq2",9,0.0323450565338135,407.469310998917,23.6902546882629,1.6712794303894
0.396003306886198,0,"FSE","Vip","DESeq2",9,0.0303232669830322,458.878425359726,29.6515972614288,1.6605019569397
0.390161781225728,0,"rate_effect","Pvalb","wisp",10,0.0322065353393555,419.259837388992,28.8181869983673,1.6933798789978
0.401131798601908,0.155135501874611,"rate_effect","Slc17a7","wisp",10,0.0321733951568604,430.462215185165,29.7094798088074,1.70585680007935
0.595319707549262,0,"rate_effect","Tac2","wisp",10,0.0398569107055664,434.449024200439,32.2220323085785,1.69411945343018
0.0785079598345819,0,"rate_effect","Vip","wisp",10,0.0285923480987549,429.197801351547,26.8881816864014,1.82680439949036
-0.171813039937251,-0.154406205518171,"random_effect","replicate1","wisp",10,0.0303695201873779,462.501043796539,27.2750470638275,1.7259795665741
-0.296698355281732,-0.239916251972318,"random_effect","replicate2","wisp",10,0.0310995578765869,422.670966625214,21.7350451946259,1.75525784492493
0.134256446307807,-0.0648860812652856,"random_effect","replicate3","wisp",10,0.0324530601501465,428.048925638199,30.4400534629822,1.65608763694763
0.287523822848208,0.112786630401388,"random_effect","replicate4","wisp",10,0.80547022819519,440.463515520096,28.439962387085,1.65983462333679
0.46525,0,"FSE","Pvalb","wisp",10,0.0333585739135742,445.77917599678,26.5162720680237,1.65799617767334
0.449666666666667,1,"FSE","Slc17a7","wisp",10,0.834730386734009,404.486200332642,22.7781071662903,1.70609188079834
0.709,0,"FSE","Tac2","wisp",10,0.0285840034484863,414.615249633789,23.4158487319946,1.73908114433289
0.17830612244898,0,"FSE","Vip","wisp",10,0.0306859016418457,433.938928842545,33.8327622413635,1.7237377166748
0.948625256770809,1,"SVG","Pvalb","ELLA",10,0.0308890342712402,422.670696020126,25.4336326122284,1.66652059555054
0.879758073093717,1,"SVG","Slc17a7","ELLA",10,0.0306036472320557,419.418052911758,25.2467229366302,1.70362830162048
2.20004339007707e-06,1,"SVG","Tac2","ELLA",10,0.0317995548248291,461.469823598862,32.3803489208221,1.67511296272278
7.33336373404114e-07,1,"SVG","Vip","ELLA",10,0.0344686508178711,434.89457821846,27.1384015083313,1.70538330078125
0.778994927141943,0,"rate_effect","Slc17a7","DESeq2",10,0.0282166004180908,443.423809051514,32.3087086677551,1.67403841018677
0.0113290453597437,0.155135501874611,"rate_effect","Pvalb","DESeq2",10,0.0308902263641357,431.944690704346,30.5837070941925,1.7223334312439
-0.0304146668741853,0,"rate_effect","Tac2","DESeq2",10,0.0291938781738281,425.225584983826,23.5495102405548,1.67557716369629
-0.0401648354896997,0,"rate_effect","Vip","DESeq2",10,0.0274803638458252,449.36609172821,29.871399641037,1.7144455909729
0,0,"FSE","Slc17a7","DESeq2",10,0.0323798656463623,397.502710580826,26.9996373653412,1.68184280395508
0.299082522049358,1,"FSE","Pvalb","DESeq2",10,0.0408256053924561,431.450164318085,30.4177463054657,1.70918226242065
0.086548619657709,0,"FSE","Tac2","DESeq2",10,0.0313534736633301,438.536264657974,29.9569611549377,1.84068560600281
0.0114373614545058,0,"FSE","Vip","DESeq2",10,0.0400087833404541,433.042570114136,30.6304001808167,1.66168165206909
-0.00824364395427005,-0.0988542200066149,"rate_effect","Pvalb","wisp",11,0.817047119140625,430.118763923645,24.3502914905548,1.6999716758728
0.00309927984000723,0,"rate_effect","Slc17a7","wisp",11,0.0297436714172363,437.071761846542,23.595419883728,1.64554500579834
0.0798991742928068,0,"rate_effect","Tac2","wisp",11,0.032271146774292,436.101019144058,24.8949110507965,1.70548939704895
-0.0495987206151464,0,"rate_effect","Vip","wisp",11,0.0315263271331787,432.288017749786,30.956157207489,1.69679665565491
0.31184855440233,0.419696841388941,"random_effect","replicate1","wisp",11,0.0336310863494873,437.491618871689,23.7585678100586,1.71569228172302
-0.219736805798675,-0.108538903528824,"random_effect","replicate2","wisp",11,1.60711026191711,421.640034914017,25.7011733055115,1.6941704750061
0.32294680921084,0.427209017099813,"random_effect","replicate3","wisp",11,0.0332968235015869,424.412275791168,31.337925195694,1.72009944915771
-0.433041062396066,-0.299262438667938,"random_effect","replicate4","wisp",11,0.0317978858947754,432.436423778534,26.7529740333557,1.69773530960083
0.93053634305835,1,"FSE","Pvalb","wisp",11,0.0310676097869873,423.374612569809,30.5652163028717,1.68888401985168
1.27299798792757,0,"FSE","Slc17a7","wisp",11,0.0288574695587158,432.843449831009,27.3957550525665,1.6828761100769
0.367819159857102,0,"FSE","Tac2","wisp",11,0.0459022521972656,226.993104219437,24.1935837268829,1.51726198196411
0.901073105298457,0,"FSE","Vip","wisp",11,0.0322229862213135,331.06693983078,30.7433168888092,1.6044819355011
0.98675433271821,0,"SVG","Pvalb","ELLA",11,0.0333068370819092,374.853465080261,21.7227132320404,1.55030393600464
0.886827531599484,0,"SVG","Slc17a7","ELLA",11,0.0307085514068604,384.058814287186,22.0142612457275,1.6028254032135
0.784106430872665,1,"SVG","Tac2","ELLA",11,0.0302438735961914,391.767779111862,25.2758643627167,1.53045392036438
0.925342177322747,0,"SVG","Vip","ELLA",11,0.0305290222167969,388.461657047272,23.9431219100952,1.55912685394287
0.00542879110576387,-0.0988542200066149,"rate_effect","Slc17a7","DESeq2",11,0.0326883792877197,384.937769889832,29.8561155796051,1.56570911407471
5.17856826961878e-05,0,"rate_effect","Pvalb","DESeq2",11,0.026921272277832,389.509970188141,21.9643669128418,1.66833257675171
0.000389358048562443,0,"rate_effect","Tac2","DESeq2",11,0.0267267227172852,388.007637023926,30.0672695636749,1.57240080833435
6.66583524128879e-05,0,"rate_effect","Vip","DESeq2",11,0.0300586223602295,418.203063964844,30.2898714542389,1.61718273162842
0.0394408753222713,1,"FSE","Slc17a7","DESeq2",11,0.0290942192077637,406.942582845688,31.5599641799927,1.58856463432312
0.667523704237512,0,"FSE","Pvalb","DESeq2",11,0.0287714004516602,429.646015167236,26.2195875644684,1.60668730735779
0.0926721852485069,0,"FSE","Tac2","DESeq2",11,0.0317835807800293,341.669018268585,26.9653091430664,1.54579663276672
0.500730319777213,0,"FSE","Vip","DESeq2",11,0.0308656692504883,410.980796337128,26.0913398265839,1.58828997612
-1.28162056645681,-0.322111245477572,"rate_effect","Pvalb","wisp",12,0.0299198627471924,381.337107896805,27.0866591930389,1.55881309509277
1.19355468178472,0.461721304105595,"rate_effect","Slc17a7","wisp",12,0.0317187309265137,406.580022573471,25.456356048584,2.13756680488586
-0.703461462957781,-0.199776540976018,"rate_effect","Tac2","wisp",12,0.0320427417755127,381.373903751373,26.0200519561768,1.62136936187744
-0.854279846545564,-0.212414792971686,"rate_effect","Vip","wisp",12,0.0314962863922119,398.525640964508,30.7137763500214,1.63695192337036
-0.316377275367133,-0.352936027105898,"random_effect","replicate1","wisp",12,0.0254049301147461,391.480886697769,26.8268549442291,1.66666102409363
-0.378601437041403,-0.384747898671776,"random_effect","replicate2","wisp",12,0.0256845951080322,386.229352712631,22.1226570606232,2.23532843589783
0.293827251649854,-0.0669760361779481,"random_effect","replicate3","wisp",12,0.0274255275726318,393.043655633926,26.3135740756989,1.62186360359192
0.446248961889185,0.298803774639964,"random_effect","replicate4","wisp",12,0.0314497947692871,399.737291574478,27.4356372356415,1.54793643951416
0.0549988866622132,1,"FSE","Pvalb","wisp",12,0.0278842449188232,407.994123220444,30.0831542015076,1.70397877693176
0.106295925183701,1,"FSE","Slc17a7","wisp",12,0.0312459468841553,454.349458694458,27.4588553905487,1.65162825584412
0.00149278148133001,1,"FSE","Tac2","wisp",12,0.0302815437316895,416.451984167099,27.4706983566284,1.66848421096802
0.00134963805161343,1,"FSE","Vip","wisp",12,0.030287504196167,445.160679101944,26.9797604084015,1.6416482925415
0.806259441792732,1,"SVG","Pvalb","ELLA",12,0.0270621776580811,418.129014253616,28.2524511814117,1.66839957237244
0.97015910931549,1,"SVG","Slc17a7","ELLA",12,0.025137186050415,427.151807546616,30.0656287670135,1.72059488296509
1.10012949916527e-06,1,"SVG","Tac2","ELLA",12,0.0248410701751709,419.83846116066,32.9552249908447,1.71002101898193
1.10000384156983e-06,1,"SVG","Vip","ELLA",12,0.031097412109375,420.148341417313,25.3059678077698,1.70672941207886
3.49369581680681,-0.322111245477572,"rate_effect","Slc17a7","DESeq2",12,0.0304763317108154,422.099095344543,27.7931344509125,1.73184728622437
-1.35815426590717,0.461721304105595,"rate_effect","Pvalb","DESeq2",12,0.0281741619110107,436.614368438721,25.8525140285492,1.87365055084229
0.0684058628353818,-0.199776540976018,"rate_effect","Tac2","DESeq2",12,0.031022310256958,431.403715372086,31.1884779930115,1.73899722099304
-0.0683509995844278,-0.212414792971686,"rate_effect","Vip","DESeq2",12,0.0317983627319336,446.260487318039,21.985191822052,1.75307321548462
0,1,"FSE","Slc17a7","DESeq2",12,0.0358791351318359,425.043972253799,28.740198135376,1.71167206764221
0,1,"FSE","Pvalb","DESeq2",12,0.0326249599456787,432.28660774231,34.3577883243561,1.82336187362671
0.0601772980973004,1,"FSE","Tac2","DESeq2",12,0.025691032409668,413.085528612137,26.3216788768768,1.68938827514648
0.0601772980973004,1,"FSE","Vip","DESeq2",12,0.0321977138519287,431.868797302246,31.4128401279449,1.72128224372864
0.0283737058870138,-0.0213465914130211,"rate_effect","Pvalb","wisp",13,0.0303294658660889,427.370543956757,21.0685846805573,1.7031238079071
-1.3310719999911,-0.230413937475532,"rate_effect","Slc17a7","wisp",13,0.031196117401123,438.467203855515,26.1320161819458,1.84325361251831
-0.616153120346793,-0.171753931324929,"rate_effect","Tac2","wisp",13,0.0318443775177002,416.291744470596,28.2499594688416,1.83968019485474
-2.03007637664924,-0.454761838773265,"rate_effect","Vip","wisp",13,0.0282285213470459,444.577963352203,21.2990975379944,2.37900733947754
-0.028083566413261,0.398059827042744,"random_effect","replicate1","wisp",13,0.029576301574707,425.557831048965,32.9004528522491,2.33510065078735
0.0054999974090606,-0.35184498433955,"random_effect","replicate2","wisp",13,0.0261030197143555,454.543220043182,25.3657302856445,1.65312337875366
0.0212796658161096,-0.200146074173972,"random_effect","replicate3","wisp",13,0.030604362487793,448.491393089294,27.0592975616455,1.72818160057068
-0.0327908393228427,-0.483382056234404,"random_effect","replicate4","wisp",13,0.0423741340637207,418.818164825439,24.772531747818,1.71317410469055
0.394205794205794,1,"FSE","Pvalb","wisp",13,0.0336840152740479,421.485532522202,26.0124709606171,1.66458964347839
0,1,"FSE","Slc17a7","wisp",13,0.0301039218902588,419.07643198967,23.9351878166199,1.70808434486389
0.0406532243266937,1,"FSE","Tac2","wisp",13,0.029496431350708,443.56943154335,25.7597060203552,1.6528697013855
0.182205549552488,1,"FSE","Vip","wisp",13,0.0322501659393311,423.658175468445,25.207447052002,1.70782256126404
0.943747499138663,1,"SVG","Pvalb","ELLA",13,0.0313875675201416,427.1850502491,25.8664109706879,2.41867923736572
0.866155817666747,1,"SVG","Slc17a7","ELLA",13,0.0261313915252686,428.541162490845,22.9495022296906,1.70014810562134
1.10000792385989e-06,1,"SVG","Tac2","ELLA",13,0.816929817199707,433.676968336105,31.5241286754608,2.48922324180603
1.10000617781214e-06,1,"SVG","Vip","ELLA",13,0.0293712615966797,430.996541023254,24.3395192623138,1.70786213874817
-0.263632461330422,-0.0213465914130211,"rate_effect","Slc17a7","DESeq2",13,0.0294525623321533,435.360939741135,24.5862038135529,1.74760770797729
1.39578638247448,-0.230413937475532,"rate_effect","Pvalb","DESeq2",13,0.0314376354217529,431.56404876709,26.8166272640228,1.69978642463684
0.273106990379673,-0.171753931324929,"rate_effect","Tac2","DESeq2",13,0.0298619270324707,443.675142288208,30.911069393158,1.68198251724243
-4.98360832262797,-0.454761838773265,"rate_effect","Vip","DESeq2",13,0.0369207859039307,443.817051887512,31.6257169246674,1.67301535606384
8.13753192437844e-84,1,"FSE","Slc17a7","DESeq2",13,0.0287370681762695,425.840946435928,20.6871118545532,1.69628477096558
0,1,"FSE","Pvalb","DESeq2",13,0.816901922225952,418.899758338928,25.4150378704071,1.71676182746887
9.09639224019737e-21,1,"FSE","Tac2","DESeq2",13,0.0307743549346924,427.506590843201,28.1352660655975,1.71242094039917
0,1,"FSE","Vip","DESeq2",13,0.0329976081848145,430.744173049927,26.0876758098602,1.68078994750977
-0.267124475207487,0,"rate_effect","Pvalb","wisp",14,0.0331697463989258,343.210713863373,25.4671909809113,1.68777298927307
-0.0346363322186456,0,"rate_effect","Slc17a7","wisp",14,0.0300967693328857,440.774281978607,23.2325868606567,2.37251234054565
0.0459946211093397,0,"rate_effect","Tac2","wisp",14,0.812228679656982,421.734682798386,24.0035390853882,1.67496418952942
-0.00499854687210432,0,"rate_effect","Vip","wisp",14,0.0344059467315674,414.342206716537,31.1541674137115,1.68140697479248
-0.173428472118116,0.115055703558028,"random_effect","replicate1","wisp",14,0.0330021381378174,437.451224327087,29.745246887207,1.75335311889648
-0.376012392714164,-0.207066764589399,"random_effect","replicate2","wisp",14,0.0306010246276855,442.808385372162,28.5078384876251,1.74131655693054
0.310406294242683,0.453820622060448,"random_effect","replicate3","wisp",14,0.0322425365447998,418.705527305603,32.1499083042145,1.71031928062439
0.187520993182302,0.222200268879533,"random_effect","replicate4","wisp",14,0.02848219871521,418.45457649231,31.55730676651,1.6748194694519
1.23424,0,"FSE","Pvalb","wisp",14,0.0327200889587402,418.613175630569,21.0245373249054,2.49808239936829
1.17612,0,"FSE","Slc17a7","wisp",14,0.0323636531829834,451.664989948273,26.4137582778931,1.71981382369995
1.27505555555556,0,"FSE","Tac2","wisp",14,0.0289516448974609,431.30482840538,26.2738811969757,1.79348587989807
1.22475510204082,0,"FSE","Vip","wisp",14,0.0340394973754883,424.700837850571,28.7098228931427,1.66401886940002
0.854621358241043,1,"SVG","Pvalb","ELLA",14,0.0275821685791016,425.654767751694,28.4632177352905,1.66555500030518
0.936196658063236,1,"SVG","Slc17a7","ELLA",14,0.0329325199127197,423.197243452072,33.9429748058319,1.6831533908844
0.91328403113009,0,"SVG","Tac2","ELLA",14,0.0311880111694336,434.951207876205,25.2036564350128,1.74011588096619
0.773555842184458,0,"SVG","Vip","ELLA",14,0.0296409130096436,440.225367546082,27.4221527576447,1.70881175994873
-0.00831782510627191,0,"rate_effect","Slc17a7","DESeq2",14,0.817978858947754,426.278552532196,33.1131513118744,1.70468354225159
0.000118238758394998,0,"rate_effect","Pvalb","DESeq2",14,0.0321147441864014,422.636915206909,29.2182486057281,1.70727491378784
-0.000266669038777741,0,"rate_effect","Tac2","DESeq2",14,0.0328273773193359,447.521906852722,29.8023293018341,1.68975639343262
-3.30828646814142e-05,0,"rate_effect","Vip","DESeq2",14,0.0354571342468262,452.610210418701,26.6774995326996,1.70772361755371
0.460071154995413,0,"FSE","Slc17a7","DESeq2",14,0.0321264266967773,433.965416669846,32.878084897995,1.7208776473999
0.16102456949599,0,"FSE","Pvalb","DESeq2",14,0.0312814712524414,422.190920829773,24.4393150806427,1.70067930221558
0.901200068730704,0,"FSE","Tac2","DESeq2",14,0.0330197811126709,418.523633003235,25.5854187011719,1.69677972793579
0.460071154995413,0,"FSE","Vip","DESeq2",14,0.034435510635376,420.346521377563,26.4988250732422,1.68244385719299
-0.0166271579871309,0,"rate_effect","Pvalb","wisp",15,0.0320837497711182,450.666950464249,31.1645810604095,1.67498111724854
-0.00532799653408439,0,"rate_effect","Slc17a7","wisp",15,0.0363020896911621,457.17814874649,21.4324703216553,1.71121692657471
-0.00596832370925718,0,"rate_effect","Tac2","wisp",15,0.029810905456543,428.343622922897,28.0981600284576,1.70960855484009
-0.0292854575132475,0,"rate_effect","Vip","wisp",15,0.0300595760345459,430.763073682785,25.8358247280121,1.69846940040588
0.271858342701232,-0.139583569951355,"random_effect","replicate1","wisp",15,0.0283267498016357,397.332173585892,18.7034997940063,1.69594931602478
-0.736176201213869,-0.485249129356816,"random_effect","replicate2","wisp",15,0.0276176929473877,442.712224245071,28.8775310516357,1.6610062122345
0.316384700827098,-0.0894599854946136,"random_effect","replicate3","wisp",15,0.0308253765106201,427.544069766998,28.7976498603821,1.63383769989014
0.513806802344325,0.491897092433646,"random_effect","replicate4","wisp",15,0.809355020523071,410.579885721207,29.0670175552368,1.86269569396973
0.89123121776183,0,"FSE","Pvalb","wisp",15,0.0337629318237305,423.401099443436,29.6546030044556,1.68249821662903
0.836163836163836,0,"FSE","Slc17a7","wisp",15,0.0272953510284424,422.697418212891,28.5365047454834,1.725830078125
1.3120004995005,0,"FSE","Tac2","wisp",15,0.029818058013916,439.7497215271,28.5780348777771,1.66135263442993
0.413142413142413,0,"FSE","Vip","wisp",15,0.0316903591156006,433.967046022415,28.9943070411682,1.69037532806396
0.877415582887975,0,"SVG","Pvalb","ELLA",15,0.0298211574554443,431.580412626266,25.7868802547455,1.6839165687561
0.849070940215032,0,"SVG","Slc17a7","ELLA",15,0.030144214630127,421.375997781754,24.3016586303711,1.71349835395813
2.44444817332212e-07,1,"SVG","Tac2","ELLA",15,0.807829141616821,465.29434800148,29.0233175754547,1.72194504737854
1.10001830233575e-06,1,"SVG","Vip","ELLA",15,0.0383744239807129,429.53732085228,28.4468386173248,1.68207979202271
0.0120926607797718,0,"rate_effect","Slc17a7","DESeq2",15,0.0290732383728027,429.263690233231,27.6097779273987,1.72484445571899
0.00491209075880379,0,"rate_effect","Pvalb","DESeq2",15,0.0312666893005371,437.413307189941,27.8502190113068,1.60901474952698
-0.00719849058037491,0,"rate_effect","Tac2","DESeq2",15,0.805010795593262,426.455203294754,26.4656774997711,1.70355725288391
-0.00244132400421562,0,"rate_effect","Vip","DESeq2",15,0.0289487838745117,436.127036333084,28.2870264053345,1.67139077186584
0.235592578469195,0,"FSE","Slc17a7","DESeq2",15,0.03226637840271,420.098921537399,31.8938703536987,1.69554042816162
0.526326773366971,0,"FSE","Pvalb","DESeq2",15,0.032975435256958,438.165823221207,30.2825698852539,1.69946098327637
0.526326773366971,0,"FSE","Tac2","DESeq2",15,0.0294399261474609,422.019849300385,30.9425678253174,1.66973900794983
0.648363724365523,0,"FSE","Vip","DESeq2",15,0.0314321517944336,431.475331306458,22.7149419784546,1.67200517654419
0.304762983706119,0.101856319699436,"rate_effect","Pvalb","wisp",16,0.0310087203979492,456.257085084915,32.455356836319,1.71188235282898
0.0528705230680019,0,"rate_effect","Slc17a7","wisp",16,0.0314266681671143,415.877539396286,24.0265824794769,1.67043447494507
-0.422620723728125,0,"rate_effect","Tac2","wisp",16,0.0294971466064453,416.692481517792,28.3475487232208,1.67638111114502
0.0921129642882529,0,"rate_effect","Vip","wisp",16,0.0342004299163818,336.719402313232,26.6872763633728,1.68443870544434
0.428604081563888,0.0156579143367708,"random_effect","replicate1","wisp",16,0.0316140651702881,440.845675230026,27.6376297473907,1.67763209342957
0.413567867608076,-0.0514088561758399,"random_effect","replicate2","wisp",16,0.0327372550964355,439.942652225494,29.3641135692596,1.70473194122314
0.287884093580005,-0.212377771968022,"random_effect","replicate3","wisp",16,0.0318393707275391,427.237243175507,26.6134941577911,1.71749186515808
-0.680905119134389,-0.481231529032812,"random_effect","replicate4","wisp",16,0.0313699245452881,439.644544839859,28.5925753116608,1.69865012168884
1.16980421686747,1,"FSE","Pvalb","wisp",16,0.0302164554595947,430.495224475861,30.2653694152832,1.85662579536438
1.05591811691209,0,"FSE","Slc17a7","wisp",16,0.0278749465942383,433.838924407959,19.8628737926483,1.78214120864868
0.376385542168675,0,"FSE","Tac2","wisp",16,0.0278384685516357,430.360751152039,22.3971903324127,1.76852321624756
0.603106302762069,0,"FSE","Vip","wisp",16,0.0297048091888428,444.295955896378,24.0693807601929,1.65312027931213
0.797683510137811,1,"SVG","Pvalb","ELLA",16,0.0325343608856201,439.585692644119,22.7576236724854,1.69080781936646
0.853760033002861,1,"SVG","Slc17a7","ELLA",16,0.0392982959747314,440.06645655632,24.0361716747284,1.71503973007202
0.960817570258545,1,"SVG","Tac2","ELLA",16,0.029843807220459,437.265570402145,32.5572719573975,1.693115234375
0.892187787308331,1,"SVG","Vip","ELLA",16,0.0291032791137695,439.432435512543,28.7472431659698,1.66761207580566
-0.0383342445605634,0.101856319699436,"rate_effect","Slc17a7","DESeq2",16,0.0333409309387207,453.339238643646,31.4272742271423,1.68288779258728
0.523916657751828,0,"rate_effect","Pvalb","DESeq2",16,0.0347957611083984,417.253128051758,31.6567099094391,1.64820694923401
-0.0251074707051217,0,"rate_effect","Tac2","DESeq2",16,0.0314128398895264,437.256318807602,26.5088288784027,1.63021802902222
-0.0213161781131962,0,"rate_effect","Vip","DESeq2",16,0.0340812206268311,430.002932310104,29.5874364376068,1.69731545448303
0.449986256370914,1,"FSE","Slc17a7","DESeq2",16,0.0293447971343994,435.143224954605,28.5866005420685,1.70678520202637
1.42158989174075e-44,0,"FSE","Pvalb","DESeq2",16,0.0311143398284912,445.551970005035,28.4414129257202,1.71600365638733
0.530528798314124,0,"FSE","Tac2","DESeq2",16,0.0289325714111328,403.162273168564,26.9035997390747,1.71544790267944
0.530528798314124,0,"FSE","Vip","DESeq2",16,0.0286831855773926,430.203703165054,26.6837778091431,1.66840791702271
0.887529904164175,0.267144161742181,"rate_effect","Pvalb","wisp",17,1.57948327064514,437.185100317001,27.2536680698395,1.667564868927
-0.236319516078976,0,"rate_effect","Slc17a7","wisp",17,0.034404993057251,445.910422801971,27.2072422504425,1.68012309074402
-0.0409629484244371,0,"rate_effect","Tac2","wisp",17,0.0283098220825195,453.391103506088,26.5794351100922,1.68018746376038
0.0107159562292522,0,"rate_effect","Vip","wisp",17,0.801506280899048,419.876414775848,24.7873849868774,1.75839638710022
0.261353740395948,0.197529777185991,"random_effect","replicate1","wisp",17,0.0307512283325195,428.397931814194,25.2241079807281,1.7059383392334
-0.324221027037544,-0.214143222896382,"random_effect","replicate2","wisp",17,0.0340209007263184,436.847017526627,28.057745218277,1.85157752037048
-0.278561931307067,-0.176822972018272,"random_effect","replicate3","wisp",17,0.0325219631195068,418.58698797226,21.6276752948761,1.68365335464478
0.305310288038211,0.291085468139499,"random_effect","replicate4","wisp",17,0.029606819152832,451.323617219925,28.6904950141907,1.68021440505981
0.29020979020979,1,"FSE","Pvalb","wisp",17,0.0282809734344482,451.912832021713,22.7493710517883,1.72066164016724
0.22002997002997,0,"FSE","Slc17a7","wisp",17,0.801509857177734,422.313986063004,26.464081287384,1.70801472663879
1.32517482517483,0,"FSE","Tac2","wisp",17,0.035719633102417,420.760576486588,28.6639797687531,1.73553800582886
1.34017982017982,0,"FSE","Vip","wisp",17,0.0332770347595215,423.522397279739,32.0795929431915,1.68319892883301
0.978595599707322,1,"SVG","Pvalb","ELLA",17,0.0316963195800781,452.135765552521,27.33478307724,1.69501924514771
0.852926166106747,1,"SVG","Slc17a7","ELLA",17,0.0274889469146729,429.882750511169,29.0840692520142,2.21656131744385
0.980431693184112,0,"SVG","Tac2","ELLA",17,0.0337462425231934,456.47945690155,29.6877138614655,1.71448874473572
0.837131914719718,0,"SVG","Vip","ELLA",17,0.0293803215026855,422.508548974991,28.0290486812592,1.72083115577698
-0.0089198025411188,0.267144161742181,"rate_effect","Slc17a7","DESeq2",17,0.0302333831787109,425.557153701782,25.630185842514,1.71045875549316
1.20280430067146,0,"rate_effect","Pvalb","DESeq2",17,0.0314383506774902,456.831465482712,28.0305428504944,1.73749208450317
-0.0127791293881214,0,"rate_effect","Tac2","DESeq2",17,0.0300333499908447,420.228207826614,25.318615436554,1.76744961738586
-0.0112699589482845,0,"rate_effect","Vip","DESeq2",17,0.029646635055542,425.508758306503,32.9703578948975,1.67997980117798
0.355578834775726,1,"FSE","Slc17a7","DESeq2",17,0.795555591583252,424.274295568466,28.6420726776123,1.70204496383667
0,0,"FSE","Pvalb","DESeq2",17,0.0330798625946045,427.26707816124,18.6909942626953,1.63834738731384
0.427781651168243,0,"FSE","Tac2","DESeq2",17,0.0290913581848145,427.728501081467,29.9143071174622,1.79513120651245
0.427781651168243,0,"FSE","Vip","DESeq2",17,0.0293011665344238,426.269878864288,28.6204409599304,1.68565964698792
-0.0495945484470462,0,"rate_effect","Pvalb","wisp",18,0.0388209819793701,418.660535097122,32.9334063529968,1.7362232208252
0.245074536267827,0,"rate_effect","Slc17a7","wisp",18,0.0292532444000244,425.60621213913,21.9722917079926,1.68773722648621
0.119723084410558,0.0613635305780917,"rate_effect","Tac2","wisp",18,0.0324656963348389,443.387887001038,24.3710117340088,1.69161748886108
0.0842718384011228,0,"rate_effect","Vip","wisp",18,0.0302588939666748,439.416900157928,23.9184587001801,1.70590662956238
-0.238094865938509,-0.147643114672974,"random_effect","replicate1","wisp",18,0.0327942371368408,438.957689762115,27.6632163524628,1.71968770027161
0.318632728813403,0.32337395218201,"random_effect","replicate2","wisp",18,0.0285742282867432,421.09440946579,29.6664223670959,1.71637344360352
0.180523146364054,0.0952212654519826,"random_effect","replicate3","wisp",18,0.0321705341339111,433.779055833817,24.2364208698273,1.66416764259338
-0.328856351926683,-0.214048265246674,"random_effect","replicate4","wisp",18,0.0324299335479736,441.995455741882,30.9328153133392,1.71126890182495
0.531855899202838,0,"FSE","Pvalb","wisp",18,0.029210090637207,439.464953899384,34.3297638893127,1.69986629486084
0.33784965034965,0,"FSE","Slc17a7","wisp",18,0.0426244735717773,437.597018718719,24.8363919258118,1.68951106071472
0.654625374625375,1,"FSE","Tac2","wisp",18,0.0324771404266357,425.207281112671,34.9626548290253,1.69158744812012
0.321535607249893,0,"FSE","Vip","wisp",18,0.0298991203308105,418.647297859192,25.208455324173,1.70028805732727
0.889970968507382,0,"SVG","Pvalb","ELLA",18,0.0298573970794678,427.855692625046,21.8786227703094,1.69300127029419
0.852347096172641,1,"SVG","Slc17a7","ELLA",18,0.0312502384185791,432.517842054367,28.3129653930664,1.68675136566162
4.40000580803623e-07,1,"SVG","Tac2","ELLA",18,0.0320358276367188,411.424299955368,27.6908824443817,1.68193197250366
0.922120191896295,1,"SVG","Vip","ELLA",18,0.0310063362121582,427.761325597763,29.3594481945038,1.68344497680664
-0.0297778817245469,0,"rate_effect","Slc17a7","DESeq2",18,0.0334844589233398,428.166197538376,26.1797046661377,1.7228901386261
-0.0126200712425455,0,"rate_effect","Pvalb","DESeq2",18,0.0315742492675781,434.415714979172,25.5722579956055,1.75341796875
0.305047426853158,0.0613635305780917,"rate_effect","Tac2","DESeq2",18,0.0306034088134766,423.648044109344,28.6630384922028,2.33507633209229
0.00717234114298815,0,"rate_effect","Vip","DESeq2",18,0.0319352149963379,457.630842685699,30.2729852199554,1.71965885162354
0.000492365590719818,0,"FSE","Slc17a7","DESeq2",18,0.0309898853302002,427.793577194214,24.6332676410675,1.78945779800415
0.357900060047757,0,"FSE","Pvalb","DESeq2",18,0.0248186588287354,427.134085416794,20.8497416973114,1.70171666145325
8.86028671027545e-84,1,"FSE","Tac2","DESeq2",18,0.0303020477294922,449.407165288925,26.851879119873,1.69535422325134
0.620241768729892,0,"FSE","Vip","DESeq2",18,0.0301089286804199,428.247339248657,29.8079919815063,1.66396045684814
-2.12491022386279,-0.393213217845187,"rate_effect","Pvalb","wisp",19,0.0322089195251465,408.884809732437,26.4115223884583,1.72398972511292
4.60299049099715e-05,0,"rate_effect","Slc17a7","wisp",19,0.0315802097320557,422.765319108963,25.9771552085876,1.73013639450073
-0.0259953565265348,0,"rate_effect","Tac2","wisp",19,0.0289065837860107,439.160111427307,22.1827802658081,1.76004147529602
0.0222515396611277,0,"rate_effect","Vip","wisp",19,0.0298852920532227,427.017245531082,28.7798230648041,1.70368719100952
-0.0991556087714409,-0.139716301346198,"random_effect","replicate1","wisp",19,0.0346510410308838,423.745444536209,30.480721950531,1.68005108833313
0.4192708898945,0.385551159735769,"random_effect","replicate2","wisp",19,0.0336208343505859,457.350196123123,29.9804899692535,1.70068073272705
-0.496249732741886,-0.388155688298866,"random_effect","replicate3","wisp",19,0.0338809490203857,436.45938372612,22.8680624961853,1.66281175613403
0.269070330506346,0.0326552907936275,"random_effect","replicate4","wisp",19,0.034174919128418,440.511873960495,28.8962671756744,1.64716815948486
0.00184,1,"FSE","Pvalb","wisp",19,0.0303421020507812,427.628512382507,22.2104892730713,1.71368527412415
1.34376,0,"FSE","Slc17a7","wisp",19,0.0332088470458984,344.416242599487,30.4543399810791,1.69739413261414
1.12977551020408,0,"FSE","Tac2","wisp",19,0.0305843353271484,431.98536658287,24.406289100647,1.68058586120605
1.75492,0,"FSE","Vip","wisp",19,0.0328588485717773,449.26571059227,33.3354132175446,1.73019027709961
0.897122345018247,1,"SVG","Pvalb","ELLA",19,0.0297694206237793,439.159985542297,26.3205349445343,1.71449494361877
0.835584612552525,0,"SVG","Slc17a7","ELLA",19,0.0305607318878174,428.652082204819,30.6755955219269,1.88950419425964
0.857174784539438,0,"SVG","Tac2","ELLA",19,0.0316033363342285,445.094449043274,42.2195236682892,1.67439436912537
0.915818479844403,0,"SVG","Vip","ELLA",19,0.0265688896179199,435.233200311661,26.1416709423065,1.71018147468567
0.0162344072807791,-0.393213217845187,"rate_effect","Slc17a7","DESeq2",19,0.0327644348144531,439.456162452698,26.0999274253845,1.78638219833374
-4.37298115009635,0,"rate_effect","Pvalb","DESeq2",19,0.0307676792144775,437.681057214737,27.9302146434784,1.65710139274597
0.014080980870386,0,"rate_effect","Tac2","DESeq2",19,0.0290651321411133,427.405111312866,22.3053696155548,1.72048687934875
0.0121570543032708,0,"rate_effect","Vip","DESeq2",19,0.0320477485656738,433.640318632126,29.350049495697,1.72802352905273
0.0495939861279432,1,"FSE","Slc17a7","DESeq2",19,0.0298590660095215,448.810079097748,25.333607673645,1.71256875991821
0,0,"FSE","Pvalb","DESeq2",19,0.0316283702850342,455.552742004395,29.5427038669586,1.7094087600708
0.423292621947461,0,"FSE","Tac2","DESeq2",19,0.0333898067474365,440.108868360519,23.9051141738892,1.67539310455322
0.423292621947461,0,"FSE","Vip","DESeq2",19,0.0299966335296631,419.217404127121,32.1976454257965,1.70710897445679
-0.00475279226499161,0.0998824981506914,"rate_effect","Pvalb","wisp",20,0.0458025932312012,433.931190729141,28.3724331855774,1.67933249473572
0.163648213016245,0,"rate_effect","Slc17a7","wisp",20,0.0300023555755615,429.552792310715,29.0982015132904,1.65337753295898
-0.0166793453926956,0,"rate_effect","Tac2","wisp",20,0.0322961807250977,435.765223503113,31.6087048053741,1.71501207351685
-0.136327231587992,0,"rate_effect","Vip","wisp",20,0.0341274738311768,417.889683008194,28.9951059818268,1.70399403572083
0.255344330744445,-0.117792185395956,"random_effect","replicate1","wisp",20,0.0294394493103027,453.733312368393,25.2916481494904,1.77246928215027
0.17312804184533,-0.120881830342114,"random_effect","replicate2","wisp",20,0.0308578014373779,468.61527967453,25.4667437076569,1.71070170402527
-0.446422875424919,-0.377346919849515,"random_effect","replicate3","wisp",20,0.820080041885376,436.097178220749,26.8479788303375,1.66347169876099
0.238923184366494,-0.120147029170766,"random_effect","replicate4","wisp",20,0.0320253372192383,431.81830573082,30.8184201717377,1.66999959945679
1.23931623931624,1,"FSE","Pvalb","wisp",20,0.0323450565338135,407.469310998917,23.6902546882629,1.6712794303894
2.3385989010989,0,"FSE","Slc17a7","wisp",20,0.0303232669830322,458.878425359726,29.6515972614288,1.6605019569397
1.64115884115884,0,"FSE","Tac2","wisp",20,0.0322065353393555,419.259837388992,28.8181869983673,1.6933798789978
0.804679695304695,0,"FSE","Vip","wisp",20,0.0321733951568604,430.462215185165,29.7094798088074,1.70585680007935
0.89419803013918,0,"SVG","Pvalb","ELLA",20,0.0398569107055664,434.449024200439,32.2220323085785,1.69411945343018
0.851746810210733,1,"SVG","Slc17a7","ELLA",20,0.0285923480987549,429.197801351547,26.8881816864014,1.82680439949036
0.936444737809551,0,"SVG","Tac2","ELLA",20,0.0303695201873779,462.501043796539,27.2750470638275,1.7259795665741
0.885291600082918,0,"SVG","Vip","ELLA",20,0.0310995578765869,422.670966625214,21.7350451946259,1.75525784492493
0.000201643882689376,0.0998824981506914,"rate_effect","Slc17a7","DESeq2",20,0.0324530601501465,428.048925638199,30.4400534629822,1.65608763694763
-0.000107002204584743,0,"rate_effect","Pvalb","DESeq2",20,0.80547022819519,440.463515520096,28.439962387085,1.65983462333679
-1.19130129234412e-05,0,"rate_effect","Tac2","DESeq2",20,0.0333585739135742,445.77917599678,26.5162720680237,1.65799617767334
8.73187336592265e-05,0,"rate_effect","Vip","DESeq2",20,0.834730386734009,404.486200332642,22.7781071662903,1.70609188079834
0.863415826508496,1,"FSE","Slc17a7","DESeq2",20,0.0285840034484863,414.615249633789,23.4158487319946,1.73908114433289
0.87269586731455,0,"FSE","Pvalb","DESeq2",20,0.0306859016418457,433.938928842545,33.8327622413635,1.7237377166748
0.87269586731455,0,"FSE","Tac2","DESeq2",20,0.0308890342712402,422.670696020126,25.4336326122284,1.66652059555054
0.87269586731455,0,"FSE","Vip","DESeq2",20,0.0306036472320557,419.418052911758,25.2467229366302,1.70362830162048
0.0267178819759017,0,"rate_effect","Pvalb","wisp",21,0.0317995548248291,461.469823598862,32.3803489208221,1.67511296272278
0.0556098999650427,0,"rate_effect","Slc17a7","wisp",21,0.0344686508178711,434.89457821846,27.1384015083313,1.70538330078125
0.00155085645497828,0,"rate_effect","Tac2","wisp",21,0.0282166004180908,443.423809051514,32.3087086677551,1.67403841018677
-0.013197145873292,0,"rate_effect","Vip","wisp",21,0.0308902263641357,431.944690704346,30.5837070941925,1.7223334312439
0.238031307937818,-0.0734735915903002,"random_effect","replicate1","wisp",21,0.0291938781738281,425.225584983826,23.5495102405548,1.67557716369629
-0.294600867516726,-0.234881902812049,"random_effect","replicate2","wisp",21,0.0274803638458252,449.36609172821,29.871399641037,1.7144455909729
0.320656802071123,0.0540621895343065,"random_effect","replicate3","wisp",21,0.0323798656463623,397.502710580826,26.9996373653412,1.68184280395508
-0.313031063896382,-0.277353702113032,"random_effect","replicate4","wisp",21,0.0408256053924561,431.450164318085,30.4177463054657,1.70918226242065
1.04387449285408,0,"FSE","Pvalb","wisp",21,0.0313534736633301,438.536264657974,29.9569611549377,1.84068560600281
1.38749250749251,0,"FSE","Slc17a7","wisp",21,0.0400087833404541,433.042570114136,30.6304001808167,1.66168165206909
1.16389732716263,0,"FSE","Tac2","wisp",21,0.817047119140625,430.118763923645,24.3502914905548,1.6999716758728
0.864975024975025,0,"FSE","Vip","wisp",21,0.0297436714172363,437.071761846542,23.595419883728,1.64554500579834
0.832534558336302,0,"SVG","Pvalb","ELLA",21,0.032271146774292,436.101019144058,24.8949110507965,1.70548939704895
0.924574174395153,1,"SVG","Slc17a7","ELLA",21,0.0315263271331787,432.288017749786,30.956157207489,1.69679665565491
0.893429717106935,0,"SVG","Tac2","ELLA",21,0.0336310863494873,437.491618871689,23.7585678100586,1.71569228172302
0.774621560866206,0,"SVG","Vip","ELLA",21,1.60711026191711,421.640034914017,25.7011733055115,1.6941704750061
9.23962261984027e-05,0,"rate_effect","Slc17a7","DESeq2",21,0.0332968235015869,424.412275791168,31.337925195694,1.72009944915771
2.37046709605394e-05,0,"rate_effect","Pvalb","DESeq2",21,0.0317978858947754,432.436423778534,26.7529740333557,1.69773530960083
1.34444514955598e-05,0,"rate_effect","Tac2","DESeq2",21,0.0310676097869873,423.374612569809,30.5652163028717,1.68888401985168
-3.86960415029472e-05,0,"rate_effect","Vip","DESeq2",21,0.0288574695587158,432.843449831009,27.3957550525665,1.6828761100769
0.904107061857004,0,"FSE","Slc17a7","DESeq2",21,0.0459022521972656,226.993104219437,24.1935837268829,1.51726198196411
0.904107061857004,0,"FSE","Pvalb","DESeq2",21,0.0322229862213135,331.06693983078,30.7433168888092,1.6044819355011
0.932453148444826,0,"FSE","Tac2","DESeq2",21,0.0333068370819092,374.853465080261,21.7227132320404,1.55030393600464
0.904107061857004,0,"FSE","Vip","DESeq2",21,0.0307085514068604,384.058814287186,22.0142612457275,1.6028254032135
-0.00181295217419202,0,"rate_effect","Pvalb","wisp",22,0.0302438735961914,391.767779111862,25.2758643627167,1.53045392036438
-0.0745331683467566,0,"rate_effect","Slc17a7","wisp",22,0.0305290222167969,388.461657047272,23.9431219100952,1.55912685394287
0.000329528344446629,0,"rate_effect","Tac2","wisp",22,0.0326883792877197,384.937769889832,29.8561155796051,1.56570911407471
0.360482780890911,0,"rate_effect","Vip","wisp",22,0.026921272277832,389.509970188141,21.9643669128418,1.66833257675171
0.262276236038085,-0.00224026944488287,"random_effect","replicate1","wisp",22,0.0267267227172852,388.007637023926,30.0672695636749,1.57240080833435
-0.341597788822818,-0.340344400145113,"random_effect","replicate2","wisp",22,0.0300586223602295,418.203063964844,30.2898714542389,1.61718273162842
-0.465936156566483,-0.406991614960134,"random_effect","replicate3","wisp",22,0.0290942192077637,406.942582845688,31.5599641799927,1.58856463432312
0.442659504026512,0.470614696620032,"random_effect","replicate4","wisp",22,0.0287714004516602,429.646015167236,26.2195875644684,1.60668730735779
0.731695085255767,0,"FSE","Pvalb","wisp",22,0.0317835807800293,341.669018268585,26.9653091430664,1.54579663276672
1.35124122367101,0,"FSE","Slc17a7","wisp",22,0.0308656692504883,410.980796337128,26.0913398265839,1.58828997612
0.660575476429288,0,"FSE","Tac2","wisp",22,0.0299198627471924,381.337107896805,27.0866591930389,1.55881309509277
0.244817786693414,0,"FSE","Vip","wisp",22,0.0317187309265137,406.580022573471,25.456356048584,2.13756680488586
0.886443893238514,1,"SVG","Pvalb","ELLA",22,0.0320427417755127,381.373903751373,26.0200519561768,1.62136936187744
0.901406258351871,1,"SVG","Slc17a7","ELLA",22,0.0314962863922119,398.525640964508,30.7137763500214,1.63695192337036
2.20006465989631e-06,1,"SVG","Tac2","ELLA",22,0.0254049301147461,391.480886697769,26.8268549442291,1.66666102409363
0.822693628317115,1,"SVG","Vip","ELLA",22,0.0256845951080322,386.229352712631,22.1226570606232,2.23532843589783
-0.000103025261129128,0,"rate_effect","Slc17a7","DESeq2",22,0.0274255275726318,393.043655633926,26.3135740756989,1.62186360359192
-3.21175738310785e-05,0,"rate_effect","Pvalb","DESeq2",22,0.0314497947692871,399.737291574478,27.4356372356415,1.54793643951416
4.20254489796837e-05,0,"rate_effect","Tac2","DESeq2",22,0.0278842449188232,407.994123220444,30.0831542015076,1.70397877693176
0.00107765989524997,0,"rate_effect","Vip","DESeq2",22,0.0312459468841553,454.349458694458,27.4588553905487,1.65162825584412
0.644183265383752,0,"FSE","Slc17a7","DESeq2",22,0.0302815437316895,416.451984167099,27.4706983566284,1.66848421096802
0.475990836914355,0,"FSE","Pvalb","DESeq2",22,0.030287504196167,445.160679101944,26.9797604084015,1.6416482925415
0.475990836914355,0,"FSE","Tac2","DESeq2",22,0.0270621776580811,418.129014253616,28.2524511814117,1.66839957237244
0.644183265383752,0,"FSE","Vip","DESeq2",22,0.025137186050415,427.151807546616,30.0656287670135,1.72059488296509
9.0204653257293e-05,0,"rate_effect","Pvalb","wisp",23,0.0248410701751709,419.83846116066,32.9552249908447,1.71002101898193
-0.0126732720048007,0,"rate_effect","Slc17a7","wisp",23,0.031097412109375,420.148341417313,25.3059678077698,1.70672941207886
0.127350738562596,0.0384562134277076,"rate_effect","Tac2","wisp",23,0.0304763317108154,422.099095344543,27.7931344509125,1.73184728622437
0.0277605228447818,0,"rate_effect","Vip","wisp",23,0.0281741619110107,436.614368438721,25.8525140285492,1.87365055084229
-0.231861966619778,-0.101499438052997,"random_effect","replicate1","wisp",23,0.031022310256958,431.403715372086,31.1884779930115,1.73899722099304
0.215552087277839,0.180059688165784,"random_effect","replicate2","wisp",23,0.0317983627319336,446.260487318039,21.985191822052,1.75307321548462
0.342708859159616,0.47462382633239,"random_effect","replicate3","wisp",23,0.0358791351318359,425.043972253799,28.740198135376,1.71167206764221
-0.37328178017863,-0.23253461997956,"random_effect","replicate4","wisp",23,0.0326249599456787,432.28660774231,34.3577883243561,1.82336187362671
1.02445702445702,0,"FSE","Pvalb","wisp",23,0.025691032409668,413.085528612137,26.3216788768768,1.68938827514648
2.03404758506799,0,"FSE","Slc17a7","wisp",23,0.0321977138519287,431.868797302246,31.4128401279449,1.72128224372864
1.16597688026259,1,"FSE","Tac2","wisp",23,0.0303294658660889,427.370543956757,21.0685846805573,1.7031238079071
1.46758796758797,0,"FSE","Vip","wisp",23,0.031196117401123,438.467203855515,26.1320161819458,1.84325361251831
0.932591540366585,0,"SVG","Pvalb","ELLA",23,0.0318443775177002,416.291744470596,28.2499594688416,1.83968019485474
0.819719158978798,0,"SVG","Slc17a7","ELLA",23,0.0282285213470459,444.577963352203,21.2990975379944,2.37900733947754
4.4000095578145e-07,1,"SVG","Tac2","ELLA",23,0.029576301574707,425.557831048965,32.9004528522491,2.33510065078735
0.957535274276999,0,"SVG","Vip","ELLA",23,0.0261030197143555,454.543220043182,25.3657302856445,1.65312337875366
-0.00925002002775205,0,"rate_effect","Slc17a7","DESeq2",23,0.030604362487793,448.491393089294,27.0592975616455,1.72818160057068
-0.00696154758916085,0,"rate_effect","Pvalb","DESeq2",23,0.0423741340637207,418.818164825439,24.772531747818,1.71317410469055
0.216057252115304,0.0384562134277076,"rate_effect","Tac2","DESeq2",23,0.0336840152740479,421.485532522202,26.0124709606171,1.66458964347839
-0.0114087237662599,0,"rate_effect","Vip","DESeq2",23,0.0301039218902588,419.07643198967,23.9351878166199,1.70808434486389
0.128286020885992,0,"FSE","Slc17a7","DESeq2",23,0.029496431350708,443.56943154335,25.7597060203552,1.6528697013855
0.483412029231051,0,"FSE","Pvalb","DESeq2",23,0.0322501659393311,423.658175468445,25.207447052002,1.70782256126404
3.53106409513576e-41,1,"FSE","Tac2","DESeq2",23,0.0313875675201416,427.1850502491,25.8664109706879,2.41867923736572
0.483412029231051,0,"FSE","Vip","DESeq2",23,0.0261313915252686,428.541162490845,22.9495022296906,1.70014810562134
0.592429941401338,0.19655186496675,"rate_effect","Pvalb","wisp",24,0.816929817199707,433.676968336105,31.5241286754608,2.48922324180603
1.02411009589802,0.335399746196344,"rate_effect","Slc17a7","wisp",24,0.0293712615966797,430.996541023254,24.3395192623138,1.70786213874817
0.906874039862863,0.303513675229624,"rate_effect","Tac2","wisp",24,0.0294525623321533,435.360939741135,24.5862038135529,1.74760770797729
-0.0259682286423502,0,"rate_effect","Vip","wisp",24,0.0314376354217529,431.56404876709,26.8166272640228,1.69978642463684
-0.257522370405716,-0.116890050005168,"random_effect","replicate1","wisp",24,0.0298619270324707,443.675142288208,30.911069393158,1.68198251724243
0.306297198263168,0.432598557556048,"random_effect","replicate2","wisp",24,0.0369207859039307,443.817051887512,31.6257169246674,1.67301535606384
0.152223007873691,0.113299644785002,"random_effect","replicate3","wisp",24,0.0287370681762695,425.840946435928,20.6871118545532,1.69628477096558
-0.268111409154323,-0.139144895831123,"random_effect","replicate4","wisp",24,0.816901922225952,418.899758338928,25.4150378704071,1.71676182746887
0.57475,1,"FSE","Pvalb","wisp",24,0.0307743549346924,427.506590843201,28.1352660655975,1.71242094039917
0.0041875,1,"FSE","Slc17a7","wisp",24,0.0329976081848145,430.744173049927,26.0876758098602,1.68078994750977
0.077,1,"FSE","Tac2","wisp",24,0.0331697463989258,343.210713863373,25.4671909809113,1.68777298927307
1.07724,0,"FSE","Vip","wisp",24,0.0300967693328857,440.774281978607,23.2325868606567,2.37251234054565
0.942949146897601,1,"SVG","Pvalb","ELLA",24,0.812228679656982,421.734682798386,24.0035390853882,1.67496418952942
0.896849129063726,1,"SVG","Slc17a7","ELLA",24,0.0344059467315674,414.342206716537,31.1541674137115,1.68140697479248
7.3333473277204e-07,1,"SVG","Tac2","ELLA",24,0.0330021381378174,437.451224327087,29.745246887207,1.75335311889648
0.987864164149355,0,"SVG","Vip","ELLA",24,0.0306010246276855,442.808385372162,28.5078384876251,1.74131655693054
0.309897584486885,0.19655186496675,"rate_effect","Slc17a7","DESeq2",24,0.0322425365447998,418.705527305603,32.1499083042145,1.71031928062439
-0.221723520535441,0.335399746196344,"rate_effect","Pvalb","DESeq2",24,0.02848219871521,418.45457649231,31.55730676651,1.6748194694519
0.221602082939914,0.303513675229624,"rate_effect","Tac2","DESeq2",24,0.0327200889587402,418.613175630569,21.0245373249054,2.49808239936829
-1.17002009681396,0,"rate_effect","Vip","DESeq2",24,0.0323636531829834,451.664989948273,26.4137582778931,1.71981382369995
0,1,"FSE","Slc17a7","DESeq2",24,0.0289516448974609,431.30482840538,26.2738811969757,1.79348587989807
2.07659514212294e-146,1,"FSE","Pvalb","DESeq2",24,0.0340394973754883,424.700837850571,28.7098228931427,1.66401886940002
5.51080793901236e-72,1,"FSE","Tac2","DESeq2",24,0.0275821685791016,425.654767751694,28.4632177352905,1.66555500030518
0,0,"FSE","Vip","DESeq2",24,0.0329325199127197,423.197243452072,33.9429748058319,1.6831533908844
-0.0081562369224812,0,"rate_effect","Pvalb","wisp",25,0.0311880111694336,434.951207876205,25.2036564350128,1.74011588096619
-0.0133278127668114,0,"rate_effect","Slc17a7","wisp",25,0.0296409130096436,440.225367546082,27.4221527576447,1.70881175994873
0.0189277523640227,0,"rate_effect","Tac2","wisp",25,0.817978858947754,426.278552532196,33.1131513118744,1.70468354225159
-0.139313334292692,0,"rate_effect","Vip","wisp",25,0.0321147441864014,422.636915206909,29.2182486057281,1.70727491378784
-0.29744580851918,-0.304702179972082,"random_effect","replicate1","wisp",25,0.0328273773193359,447.521906852722,29.8023293018341,1.68975639343262
0.503000350533633,0.444049649173394,"random_effect","replicate2","wisp",25,0.0354571342468262,452.610210418701,26.6774995326996,1.70772361755371
-0.632569277800395,-0.464274531695992,"random_effect","replicate3","wisp",25,0.0321264266967773,433.965416669846,32.878084897995,1.7208776473999
0.402114081120634,0.0910555929876864,"random_effect","replicate4","wisp",25,0.0312814712524414,422.190920829773,24.4393150806427,1.70067930221558
4.67332667332667,0,"FSE","Pvalb","wisp",25,0.0330197811126709,418.523633003235,25.5854187011719,1.69677972793579
1.21825396825397,0,"FSE","Slc17a7","wisp",25,0.034435510635376,420.346521377563,26.4988250732422,1.68244385719299
1.34543234543235,0,"FSE","Tac2","wisp",25,0.0320837497711182,450.666950464249,31.1645810604095,1.67498111724854
0.517045454545455,0,"FSE","Vip","wisp",25,0.0363020896911621,457.17814874649,21.4324703216553,1.71121692657471
0.896940624807545,1,"SVG","Pvalb","ELLA",25,0.029810905456543,428.343622922897,28.0981600284576,1.70960855484009
0.952613385980926,0,"SVG","Slc17a7","ELLA",25,0.0300595760345459,430.763073682785,25.8358247280121,1.69846940040588
0.868775991619911,0,"SVG","Tac2","ELLA",25,0.0283267498016357,397.332173585892,18.7034997940063,1.69594931602478
0.824871914767058,1,"SVG","Vip","ELLA",25,0.0276176929473877,442.712224245071,28.8775310516357,1.6610062122345
-7.73841200096995e-05,0,"rate_effect","Slc17a7","DESeq2",25,0.0308253765106201,427.544069766998,28.7976498603821,1.63383769989014
-1.69196794198273e-05,0,"rate_effect","Pvalb","DESeq2",25,0.809355020523071,410.579885721207,29.0670175552368,1.86269569396973
1.6424280523725e-05,0,"rate_effect","Tac2","DESeq2",25,0.0337629318237305,423.401099443436,29.6546030044556,1.68249821662903
-2.13544584909592e-05,0,"rate_effect","Vip","DESeq2",25,0.0272953510284424,422.697418212891,28.5365047454834,1.725830078125
0.624556177868308,0,"FSE","Slc17a7","DESeq2",25,0.029818058013916,439.7497215271,28.5780348777771,1.66135263442993
0.792303018481191,0,"FSE","Pvalb","DESeq2",25,0.0316903591156006,433.967046022415,28.9943070411682,1.69037532806396
0.624556177868308,0,"FSE","Tac2","DESeq2",25,0.0298211574554443,431.580412626266,25.7868802547455,1.6839165687561
0.624556177868308,0,"FSE","Vip","DESeq2",25,0.030144214630127,421.375997781754,24.3016586303711,1.71349835395813
-0.436712719766557,-0.114879452623427,"rate_effect","Pvalb","wisp",26,0.807829141616821,465.29434800148,29.0233175754547,1.72194504737854
-1.0299991045346,-0.115502113010734,"rate_effect","Slc17a7","wisp",26,0.0383744239807129,429.53732085228,28.4468386173248,1.68207979202271
0.00530163368035017,0,"rate_effect","Tac2","wisp",26,0.0290732383728027,429.263690233231,27.6097779273987,1.72484445571899
-0.213273904233724,-0.059181091375649,"rate_effect","Vip","wisp",26,0.0312666893005371,437.413307189941,27.8502190113068,1.60901474952698
-0.0636334115746396,0.014249101979658,"random_effect","replicate1","wisp",26,0.805010795593262,426.455203294754,26.4656774997711,1.70355725288391
-0.330558757290206,-0.167739485157654,"random_effect","replicate2","wisp",26,0.0289487838745117,436.127036333084,28.2870264053345,1.67139077186584
0.310244108863071,0.421475102659315,"random_effect","replicate3","wisp",26,0.03226637840271,420.098921537399,31.8938703536987,1.69554042816162
0.0874061578459228,0.0763849704526365,"random_effect","replicate4","wisp",26,0.032975435256958,438.165823221207,30.2825698852539,1.69946098327637
0.114062186559679,1,"FSE","Pvalb","wisp",26,0.0294399261474609,422.019849300385,30.9425678253174,1.66973900794983
0.27346038114343,1,"FSE","Slc17a7","wisp",26,0.0314321517944336,431.475331306458,22.7149419784546,1.67200517654419
1.8749582079572,0,"FSE","Tac2","wisp",26,0.0310087203979492,456.257085084915,32.455356836319,1.71188235282898
0.233353120586249,1,"FSE","Vip","wisp",26,0.0314266681671143,415.877539396286,24.0265824794769,1.67043447494507
0.928300320731773,1,"SVG","Pvalb","ELLA",26,0.0294971466064453,416.692481517792,28.3475487232208,1.67638111114502
0.90740765172149,1,"SVG","Slc17a7","ELLA",26,0.0342004299163818,336.719402313232,26.6872763633728,1.68443870544434
0.886308517414838,0,"SVG","Tac2","ELLA",26,0.0316140651702881,440.845675230026,27.6376297473907,1.67763209342957
0.834098053329698,1,"SVG","Vip","ELLA",26,0.0327372550964355,439.942652225494,29.3641135692596,1.70473194122314
-0.186331753798067,-0.114879452623427,"rate_effect","Slc17a7","DESeq2",26,0.0318393707275391,427.237243175507,26.6134941577911,1.71749186515808
-0.191031432235458,-0.115502113010734,"rate_effect","Pvalb","DESeq2",26,0.0313699245452881,439.644544839859,28.5925753116608,1.69865012168884
0.56708703434294,0,"rate_effect","Tac2","DESeq2",26,0.0302164554595947,430.495224475861,30.2653694152832,1.85662579536438
0.184878211971507,-0.059181091375649,"rate_effect","Vip","DESeq2",26,0.0278749465942383,433.838924407959,19.8628737926483,1.78214120864868
2.08412357829702e-71,1,"FSE","Slc17a7","DESeq2",26,0.0278384685516357,430.360751152039,22.3971903324127,1.76852321624756
1.39661129643442e-44,1,"FSE","Pvalb","DESeq2",26,0.0297048091888428,444.295955896378,24.0693807601929,1.65312027931213
5.35293014870297e-222,0,"FSE","Tac2","DESeq2",26,0.0325343608856201,439.585692644119,22.7576236724854,1.69080781936646
2.58432766074036e-30,1,"FSE","Vip","DESeq2",26,0.0392982959747314,440.06645655632,24.0361716747284,1.71503973007202
0.00284528348558054,0,"rate_effect","Pvalb","wisp",27,0.029843807220459,437.265570402145,32.5572719573975,1.693115234375
0.00350239870495848,0,"rate_effect","Slc17a7","wisp",27,0.0291032791137695,439.432435512543,28.7472431659698,1.66761207580566
0.945880082303918,0.421138281002641,"rate_effect","Tac2","wisp",27,0.0333409309387207,453.339238643646,31.4272742271423,1.68288779258728
-0.318938293093132,-0.0892516516614705,"rate_effect","Vip","wisp",27,0.0347957611083984,417.253128051758,31.6567099094391,1.64820694923401
0.155917278808335,0.154355104081333,"random_effect","replicate1","wisp",27,0.0314128398895264,437.256318807602,26.5088288784027,1.63021802902222
-0.298927739157109,-0.155067334882915,"random_effect","replicate2","wisp",27,0.0340812206268311,430.002932310104,29.5874364376068,1.69731545448303
0.279098083093025,0.366928139002994,"random_effect","replicate3","wisp",27,0.0293447971343994,435.143224954605,28.5866005420685,1.70678520202637
-0.161330546421283,-0.0287444668356329,"random_effect","replicate4","wisp",27,0.0311143398284912,445.551970005035,28.4414129257202,1.71600365638733
1.60064425370548,0,"FSE","Pvalb","wisp",27,0.0289325714111328,403.162273168564,26.9035997390747,1.71544790267944
2.50437562437562,0,"FSE","Slc17a7","wisp",27,0.0286831855773926,430.203703165054,26.6837778091431,1.66840791702271
0.0134265734265734,1,"FSE","Tac2","wisp",27,1.57948327064514,437.185100317001,27.2536680698395,1.667564868927
0.521091153744215,1,"FSE","Vip","wisp",27,0.034404993057251,445.910422801971,27.2072422504425,1.68012309074402
0.935417125261631,0,"SVG","Pvalb","ELLA",27,0.0283098220825195,453.391103506088,26.5794351100922,1.68018746376038
0.761176725388922,0,"SVG","Slc17a7","ELLA",27,0.801506280899048,419.876414775848,24.7873849868774,1.75839638710022
1.10000716818659e-06,1,"SVG","Tac2","ELLA",27,0.0307512283325195,428.397931814194,25.2241079807281,1.7059383392334
0.799609267362219,1,"SVG","Vip","ELLA",27,0.0340209007263184,436.847017526627,28.057745218277,1.85157752037048
0.00107235445600565,0,"rate_effect","Slc17a7","DESeq2",27,0.0325219631195068,418.58698797226,21.6276752948761,1.68365335464478
-0.000753487384469956,0,"rate_effect","Pvalb","DESeq2",27,0.029606819152832,451.323617219925,28.6904950141907,1.68021440505981
1.74496179744684,0.421138281002641,"rate_effect","Tac2","DESeq2",27,0.0282809734344482,451.912832021713,22.7493710517883,1.72066164016724
-0.591127198569428,-0.0892516516614705,"rate_effect","Vip","DESeq2",27,0.801509857177734,422.313986063004,26.464081287384,1.70801472663879
0.913737059070609,0,"FSE","Slc17a7","DESeq2",27,0.035719633102417,420.760576486588,28.6639797687531,1.73553800582886
0.919905893040594,0,"FSE","Pvalb","DESeq2",27,0.0332770347595215,423.522397279739,32.0795929431915,1.68319892883301
0,1,"FSE","Tac2","DESeq2",27,0.0316963195800781,452.135765552521,27.33478307724,1.69501924514771
9.98990581285633e-194,1,"FSE","Vip","DESeq2",27,0.0274889469146729,429.882750511169,29.0840692520142,2.21656131744385
0.000477108856923009,0,"rate_effect","Pvalb","wisp",28,0.0337462425231934,456.47945690155,29.6877138614655,1.71448874473572
-0.00375367676508712,0.212889823596925,"rate_effect","Slc17a7","wisp",28,0.0293803215026855,422.508548974991,28.0290486812592,1.72083115577698
0.0180879450465306,0,"rate_effect","Tac2","wisp",28,0.0302333831787109,425.557153701782,25.630185842514,1.71045875549316
0.239700363476922,0,"rate_effect","Vip","wisp",28,0.0314383506774902,456.831465482712,28.0305428504944,1.73749208450317
0.307128939447246,0.440223173936829,"random_effect","replicate1","wisp",28,0.0300333499908447,420.228207826614,25.318615436554,1.76744961738586
-0.328886952893789,-0.180249719182029,"random_effect","replicate2","wisp",28,0.029646635055542,425.508758306503,32.9703578948975,1.67997980117798
0.194739353558994,0.226364359725267,"random_effect","replicate3","wisp",28,0.795555591583252,424.274295568466,28.6420726776123,1.70204496383667
-0.218826625790181,-0.0300106813665479,"random_effect","replicate4","wisp",28,0.0330798625946045,427.26707816124,18.6909942626953,1.63834738731384
2.62797222222222,0,"FSE","Pvalb","wisp",28,0.0290913581848145,427.728501081467,29.9143071174622,1.79513120651245
1.86038888888889,1,"FSE","Slc17a7","wisp",28,0.0293011665344238,426.269878864288,28.6204409599304,1.68565964698792
1.39367901234568,0,"FSE","Tac2","wisp",28,0.0388209819793701,418.660535097122,32.9334063529968,1.7362232208252
1.26534567901235,0,"FSE","Vip","wisp",28,0.0292532444000244,425.60621213913,21.9722917079926,1.68773722648621
0.821636964234323,0,"SVG","Pvalb","ELLA",28,0.0324656963348389,443.387887001038,24.3710117340088,1.69161748886108
0.912865259783769,0,"SVG","Slc17a7","ELLA",28,0.0302588939666748,439.416900157928,23.9184587001801,1.70590662956238
0.807391500482569,0,"SVG","Tac2","ELLA",28,0.0327942371368408,438.957689762115,27.6632163524628,1.71968770027161
0.921275382724914,1,"SVG","Vip","ELLA",28,0.0285742282867432,421.09440946579,29.6664223670959,1.71637344360352
0.00397765752813308,0,"rate_effect","Slc17a7","DESeq2",28,0.0321705341339111,433.779055833817,24.2364208698273,1.66416764259338
0.000181818985333591,0.212889823596925,"rate_effect","Pvalb","DESeq2",28,0.0324299335479736,441.995455741882,30.9328153133392,1.71126890182495
-4.25741607777395e-05,0,"rate_effect","Tac2","DESeq2",28,0.029210090637207,439.464953899384,34.3297638893127,1.69986629486084
-0.000116768913961056,0,"rate_effect","Vip","DESeq2",28,0.0426244735717773,437.597018718719,24.8363919258118,1.68951106071472
0.0279474813720139,0,"FSE","Slc17a7","DESeq2",28,0.0324771404266357,425.207281112671,34.9626548290253,1.69158744812012
0.195795893280056,1,"FSE","Pvalb","DESeq2",28,0.0298991203308105,418.647297859192,25.208455324173,1.70028805732727
0.553289145803811,0,"FSE","Tac2","DESeq2",28,0.0298573970794678,427.855692625046,21.8786227703094,1.69300127029419
0.131439812661809,0,"FSE","Vip","DESeq2",28,0.0312502384185791,432.517842054367,28.3129653930664,1.68675136566162
-0.00633321099379586,0,"rate_effect","Pvalb","wisp",29,0.0320358276367188,411.424299955368,27.6908824443817,1.68193197250366
-0.00511865959262305,0,"rate_effect","Slc17a7","wisp",29,0.0310063362121582,427.761325597763,29.3594481945038,1.68344497680664
-0.0437357383832775,0,"rate_effect","Tac2","wisp",29,0.0334844589233398,428.166197538376,26.1797046661377,1.7228901386261
-0.0170337933297031,0,"rate_effect","Vip","wisp",29,0.0315742492675781,434.415714979172,25.5722579956055,1.75341796875
0.147087521265729,0.391981550026685,"random_effect","replicate1","wisp",29,0.0306034088134766,423.648044109344,28.6630384922028,2.33507633209229
-0.0927728893330571,0.146360607352108,"random_effect","replicate2","wisp",29,0.0319352149963379,457.630842685699,30.2729852199554,1.71965885162354
0.122595534871207,0.237122104503214,"random_effect","replicate3","wisp",29,0.0309898853302002,427.793577194214,24.6332676410675,1.78945779800415
-0.217023772549457,0.0386156300082803,"random_effect","replicate4","wisp",29,0.0248186588287354,427.134085416794,20.8497416973114,1.70171666145325
1.56761111111111,0,"FSE","Pvalb","wisp",29,0.0303020477294922,449.407165288925,26.851879119873,1.69535422325134
1.72316,0,"FSE","Slc17a7","wisp",29,0.0301089286804199,428.247339248657,29.8079919815063,1.66396045684814
0.779,0,"FSE","Tac2","wisp",29,0.0322089195251465,408.884809732437,26.4115223884583,1.72398972511292
1.01379591836735,0,"FSE","Vip","wisp",29,0.0315802097320557,422.765319108963,25.9771552085876,1.73013639450073
0.911828086042098,0,"SVG","Pvalb","ELLA",29,0.0289065837860107,439.160111427307,22.1827802658081,1.76004147529602
0.902060925477537,0,"SVG","Slc17a7","ELLA",29,0.0298852920532227,427.017245531082,28.7798230648041,1.70368719100952
0.889114177204753,1,"SVG","Tac2","ELLA",29,0.0346510410308838,423.745444536209,30.480721950531,1.68005108833313
0.802726691239431,0,"SVG","Vip","ELLA",29,0.0336208343505859,457.350196123123,29.9804899692535,1.70068073272705
0.000561988465228762,0,"rate_effect","Slc17a7","DESeq2",29,0.0338809490203857,436.45938372612,22.8680624961853,1.66281175613403
-0.000476816154456563,0,"rate_effect","Pvalb","DESeq2",29,0.034174919128418,440.511873960495,28.8962671756744,1.64716815948486
2.19462589954659e-05,0,"rate_effect","Tac2","DESeq2",29,0.0303421020507812,427.628512382507,22.2104892730713,1.71368527412415
7.75943939149419e-05,0,"rate_effect","Vip","DESeq2",29,0.0332088470458984,344.416242599487,30.4543399810791,1.69739413261414
0.499111041201778,0,"FSE","Slc17a7","DESeq2",29,0.0305843353271484,431.98536658287,24.406289100647,1.68058586120605
0.499111041201778,0,"FSE","Pvalb","DESeq2",29,0.0328588485717773,449.26571059227,33.3354132175446,1.73019027709961
0.659356834491452,0,"FSE","Tac2","DESeq2",29,0.0297694206237793,439.159985542297,26.3205349445343,1.71449494361877
0.499111041201778,0,"FSE","Vip","DESeq2",29,0.0305607318878174,428.652082204819,30.6755955219269,1.88950419425964
-0.17350578904122,0,"rate_effect","Pvalb","wisp",30,0.0316033363342285,445.094449043274,42.2195236682892,1.67439436912537
0.148247344400227,0,"rate_effect","Slc17a7","wisp",30,0.0265688896179199,435.233200311661,26.1416709423065,1.71018147468567
-0.307753457821391,0,"rate_effect","Tac2","wisp",30,0.0327644348144531,439.456162452698,26.0999274253845,1.78638219833374
0.639992100103179,0.426882261643186,"rate_effect","Vip","wisp",30,0.0307676792144775,437.681057214737,27.9302146434784,1.65710139274597
-0.547691731078856,-0.467527400702238,"random_effect","replicate1","wisp",30,0.0290651321411133,427.405111312866,22.3053696155548,1.72048687934875
0.479576386693332,0.321711323224008,"random_effect","replicate2","wisp",30,0.0320477485656738,433.640318632126,29.350049495697,1.72802352905273
-0.430507184076302,-0.431321751791984,"random_effect","replicate3","wisp",30,0.0298590660095215,448.810079097748,25.333607673645,1.71256875991821
0.463923922789185,0.208597862860188,"random_effect","replicate4","wisp",30,0.0316283702850342,455.552742004395,29.5427038669586,1.7094087600708
0.846819846819846,0,"FSE","Pvalb","wisp",30,0.0333898067474365,440.108868360519,23.9051141738892,1.67539310455322
0.403846153846154,0,"FSE","Slc17a7","wisp",30,0.0299966335296631,419.217404127121,32.1976454257965,1.70710897445679
0.272687312687313,0,"FSE","Tac2","wisp",30,0.0458025932312012,433.931190729141,28.3724331855774,1.67933249473572
0.147879897879898,1,"FSE","Vip","wisp",30,0.0300023555755615,429.552792310715,29.0982015132904,1.65337753295898
0.784066347064622,1,"SVG","Pvalb","ELLA",30,0.0322961807250977,435.765223503113,31.6087048053741,1.71501207351685
0.893729325208171,1,"SVG","Slc17a7","ELLA",30,0.0341274738311768,417.889683008194,28.9951059818268,1.70399403572083
1.10000764119711e-06,1,"SVG","Tac2","ELLA",30,0.0294394493103027,453.733312368393,25.2916481494904,1.77246928215027
0.850551798087215,1,"SVG","Vip","ELLA",30,0.0308578014373779,468.61527967453,25.4667437076569,1.71070170402527
-0.011649435407332,0,"rate_effect","Slc17a7","DESeq2",30,0.820080041885376,436.097178220749,26.8479788303375,1.66347169876099
-0.0158478021972988,0,"rate_effect","Pvalb","DESeq2",30,0.0320253372192383,431.81830573082,30.8184201717377,1.66999959945679
-0.0190062767531455,0,"rate_effect","Tac2","DESeq2",30,0.0323450565338135,407.469310998917,23.6902546882629,1.6712794303894
1.76167112091651,0.426882261643186,"rate_effect","Vip","DESeq2",30,0.0303232669830322,458.878425359726,29.6515972614288,1.6605019569397
0.468881023356791,0,"FSE","Slc17a7","DESeq2",30,0.0322065353393555,419.259837388992,28.8181869983673,1.6933798789978
0.468881023356791,0,"FSE","Pvalb","DESeq2",30,0.0321733951568604,430.462215185165,29.7094798088074,1.70585680007935
0.468881023356791,0,"FSE","Tac2","DESeq2",30,0.0398569107055664,434.449024200439,32.2220323085785,1.69411945343018
0,1,"FSE","Vip","DESeq2",30,0.0285923480987549,429.197801351547,26.8881816864014,1.82680439949036
-0.158356318859139,0,"rate_effect","Pvalb","wisp",31,0.0303695201873779,462.501043796539,27.2750470638275,1.7259795665741
-0.139145341949762,0,"rate_effect","Slc17a7","wisp",31,0.0310995578765869,422.670966625214,21.7350451946259,1.75525784492493
0.817670050459718,0.410251405555755,"rate_effect","Tac2","wisp",31,0.0324530601501465,428.048925638199,30.4400534629822,1.65608763694763
-1.63346708378458,-0.442954586585984,"rate_effect","Vip","wisp",31,0.80547022819519,440.463515520096,28.439962387085,1.65983462333679
-0.184321259818269,-0.207753607071936,"random_effect","replicate1","wisp",31,0.0333585739135742,445.77917599678,26.5162720680237,1.65799617767334
0.413528908894033,0.493290255777538,"random_effect","replicate2","wisp",31,0.834730386734009,404.486200332642,22.7781071662903,1.70609188079834
-0.0241496896023171,-0.138314296957105,"random_effect","replicate3","wisp",31,0.0285840034484863,414.615249633789,23.4158487319946,1.73908114433289
-0.3668413948352,-0.354061337653548,"random_effect","replicate4","wisp",31,0.0306859016418457,433.938928842545,33.8327622413635,1.7237377166748
0.752087912087912,0,"FSE","Pvalb","wisp",31,0.0308890342712402,422.670696020126,25.4336326122284,1.66652059555054
1.44443056943057,0,"FSE","Slc17a7","wisp",31,0.0306036472320557,419.418052911758,25.2467229366302,1.70362830162048
0.477022977022977,1,"FSE","Tac2","wisp",31,0.0317995548248291,461.469823598862,32.3803489208221,1.67511296272278
0.10977910977911,1,"FSE","Vip","wisp",31,0.0344686508178711,434.89457821846,27.1384015083313,1.70538330078125
0.860417333338365,1,"SVG","Pvalb","ELLA",31,0.0282166004180908,443.423809051514,32.3087086677551,1.67403841018677
0.863265567513507,1,"SVG","Slc17a7","ELLA",31,0.0308902263641357,431.944690704346,30.5837070941925,1.7223334312439
1.10001875597288e-06,1,"SVG","Tac2","ELLA",31,0.0291938781738281,425.225584983826,23.5495102405548,1.67557716369629
2.20008700796415e-06,1,"SVG","Vip","ELLA",31,0.0274803638458252,449.36609172821,29.871399641037,1.7144455909729
-0.00860511899739908,0,"rate_effect","Slc17a7","DESeq2",31,0.0323798656463623,397.502710580826,26.9996373653412,1.68184280395508
0.0119242014945096,0,"rate_effect","Pvalb","DESeq2",31,0.0408256053924561,431.450164318085,30.4177463054657,1.70918226242065
1.70896911287029,0.410251405555755,"rate_effect","Tac2","DESeq2",31,0.0313534736633301,438.536264657974,29.9569611549377,1.84068560600281
-6.25194552227895,-0.442954586585984,"rate_effect","Vip","DESeq2",31,0.0400087833404541,433.042570114136,30.6304001808167,1.66168165206909
0.139159957854533,0,"FSE","Slc17a7","DESeq2",31,0.817047119140625,430.118763923645,24.3502914905548,1.6999716758728
0.266035129890019,0,"FSE","Pvalb","DESeq2",31,0.0297436714172363,437.071761846542,23.595419883728,1.64554500579834
0,1,"FSE","Tac2","DESeq2",31,0.032271146774292,436.101019144058,24.8949110507965,1.70548939704895
0,1,"FSE","Vip","DESeq2",31,0.0315263271331787,432.288017749786,30.956157207489,1.69679665565491
-0.000798267456115377,0,"rate_effect","Pvalb","wisp",32,0.0336310863494873,437.491618871689,23.7585678100586,1.71569228172302
-0.0104401559411525,0,"rate_effect","Slc17a7","wisp",32,1.60711026191711,421.640034914017,25.7011733055115,1.6941704750061
-0.0123134280077954,0,"rate_effect","Tac2","wisp",32,0.0332968235015869,424.412275791168,31.337925195694,1.72009944915771
-1.19682553261643,-0.314258085330948,"rate_effect","Vip","wisp",32,0.0317978858947754,432.436423778534,26.7529740333557,1.69773530960083
0.258276809273378,-0.0086745850276202,"random_effect","replicate1","wisp",32,0.0310676097869873,423.374612569809,30.5652163028717,1.68888401985168
0.344259384448445,0.136335506802425,"random_effect","replicate2","wisp",32,0.0288574695587158,432.843449831009,27.3957550525665,1.6828761100769
-0.556360801294067,-0.430261581437662,"random_effect","replicate3","wisp",32,0.0459022521972656,226.993104219437,24.1935837268829,1.51726198196411
0.298441927548188,0.0331657009664923,"random_effect","replicate4","wisp",32,0.0322229862213135,331.06693983078,30.7433168888092,1.6044819355011
1.22844502436339,0,"FSE","Pvalb","wisp",32,0.0333068370819092,374.853465080261,21.7227132320404,1.55030393600464
1.10043018206284,0,"FSE","Slc17a7","wisp",32,0.0307085514068604,384.058814287186,22.0142612457275,1.6028254032135
2.1584015984016,0,"FSE","Tac2","wisp",32,0.0302438735961914,391.767779111862,25.2758643627167,1.53045392036438
0.0193406593406593,1,"FSE","Vip","wisp",32,0.0305290222167969,388.461657047272,23.9431219100952,1.55912685394287
0.867532716001147,0,"SVG","Pvalb","ELLA",32,0.0326883792877197,384.937769889832,29.8561155796051,1.56570911407471
0.843561645728642,0,"SVG","Slc17a7","ELLA",32,0.026921272277832,389.509970188141,21.9643669128418,1.66833257675171
0.883441207663387,1,"SVG","Tac2","ELLA",32,0.0267267227172852,388.007637023926,30.0672695636749,1.57240080833435
0.891197643071771,1,"SVG","Vip","ELLA",32,0.0300586223602295,418.203063964844,30.2898714542389,1.61718273162842
0.0161534821559033,0,"rate_effect","Slc17a7","DESeq2",32,0.0290942192077637,406.942582845688,31.5599641799927,1.58856463432312
0.00395974807117029,0,"rate_effect","Pvalb","DESeq2",32,0.0287714004516602,429.646015167236,26.2195875644684,1.60668730735779
0.0186394485035644,0,"rate_effect","Tac2","DESeq2",32,0.0317835807800293,341.669018268585,26.9653091430664,1.54579663276672
-2.80815968170832,-0.314258085330948,"rate_effect","Vip","DESeq2",32,0.0308656692504883,410.980796337128,26.0913398265839,1.58828997612
0.15900176046011,0,"FSE","Slc17a7","DESeq2",32,0.0299198627471924,381.337107896805,27.0866591930389,1.55881309509277
0.768658520483098,0,"FSE","Pvalb","DESeq2",32,0.0317187309265137,406.580022573471,25.456356048584,2.13756680488586
0.432243001091815,0,"FSE","Tac2","DESeq2",32,0.0320427417755127,381.373903751373,26.0200519561768,1.62136936187744
0,1,"FSE","Vip","DESeq2",32,0.0314962863922119,398.525640964508,30.7137763500214,1.63695192337036
0.0119319683626296,0,"rate_effect","Pvalb","wisp",33,0.0254049301147461,391.480886697769,26.8268549442291,1.66666102409363
0.557616376416943,0.155663468874991,"rate_effect","Slc17a7","wisp",33,0.0256845951080322,386.229352712631,22.1226570606232,2.23532843589783
-1.05639265806052,-0.278690886218101,"rate_effect","Tac2","wisp",33,0.0274255275726318,393.043655633926,26.3135740756989,1.62186360359192
-0.383031733830758,-0.149310727836564,"rate_effect","Vip","wisp",33,0.0314497947692871,399.737291574478,27.4356372356415,1.54793643951416
0.211899609094425,0.281811411958188,"random_effect","replicate1","wisp",33,0.0278842449188232,407.994123220444,30.0831542015076,1.70397877693176
-0.237804835779824,-0.0553117922972888,"random_effect","replicate2","wisp",33,0.0312459468841553,454.349458694458,27.4588553905487,1.65162825584412
0.0903310044458152,0.152121255174279,"random_effect","replicate3","wisp",33,0.0302815437316895,416.451984167099,27.4706983566284,1.66848421096802
0.0703345573320494,0.148760543204844,"random_effect","replicate4","wisp",33,0.030287504196167,445.160679101944,26.9797604084015,1.6416482925415
1.16286491286491,0,"FSE","Pvalb","wisp",33,0.0270621776580811,418.129014253616,28.2524511814117,1.66839957237244
0.178221778221778,1,"FSE","Slc17a7","wisp",33,0.025137186050415,427.151807546616,30.0656287670135,1.72059488296509
0,1,"FSE","Tac2","wisp",33,0.0248410701751709,419.83846116066,32.9552249908447,1.71002101898193
0.604728604728605,1,"FSE","Vip","wisp",33,0.031097412109375,420.148341417313,25.3059678077698,1.70672941207886
0.932882592873593,0,"SVG","Pvalb","ELLA",33,0.0304763317108154,422.099095344543,27.7931344509125,1.73184728622437
0.961195861215197,1,"SVG","Slc17a7","ELLA",33,0.0281741619110107,436.614368438721,25.8525140285492,1.87365055084229
1.10000895964246e-06,1,"SVG","Tac2","ELLA",33,0.031022310256958,431.403715372086,31.1884779930115,1.73899722099304
7.33365889127313e-07,1,"SVG","Vip","ELLA",33,0.0317983627319336,446.260487318039,21.985191822052,1.75307321548462
1.26944535681659,0,"rate_effect","Slc17a7","DESeq2",33,0.0358791351318359,425.043972253799,28.740198135376,1.71167206764221
0.497917859122465,0.155663468874991,"rate_effect","Pvalb","DESeq2",33,0.0326249599456787,432.28660774231,34.3577883243561,1.82336187362671
-1.92429293819394,-0.278690886218101,"rate_effect","Tac2","DESeq2",33,0.025691032409668,413.085528612137,26.3216788768768,1.68938827514648
-0.497277296811591,-0.149310727836564,"rate_effect","Vip","DESeq2",33,0.0321977138519287,431.868797302246,31.4128401279449,1.72128224372864
0,0,"FSE","Slc17a7","DESeq2",33,0.0303294658660889,427.370543956757,21.0685846805573,1.7031238079071
0,1,"FSE","Pvalb","DESeq2",33,0.031196117401123,438.467203855515,26.1320161819458,1.84325361251831
0,1,"FSE","Tac2","DESeq2",33,0.0318443775177002,416.291744470596,28.2499594688416,1.83968019485474
9.8598485912623e-217,1,"FSE","Vip","DESeq2",33,0.0282285213470459,444.577963352203,21.2990975379944,2.37900733947754
0.000367801353058945,0,"rate_effect","Pvalb","wisp",34,0.029576301574707,425.557831048965,32.9004528522491,2.33510065078735
0.0107236732882272,0,"rate_effect","Slc17a7","wisp",34,0.0261030197143555,454.543220043182,25.3657302856445,1.65312337875366
-0.207412426670158,0,"rate_effect","Tac2","wisp",34,0.030604362487793,448.491393089294,27.0592975616455,1.72818160057068
0.0202626939110314,0,"rate_effect","Vip","wisp",34,0.0423741340637207,418.818164825439,24.772531747818,1.71317410469055
-0.794735137332554,-0.494625309249386,"random_effect","replicate1","wisp",34,0.0336840152740479,421.485532522202,26.0124709606171,1.66458964347839
0.298456253544582,-0.247088136617094,"random_effect","replicate2","wisp",34,0.0301039218902588,419.07643198967,23.9351878166199,1.70808434486389
0.301440982242008,-0.24094639532268,"random_effect","replicate3","wisp",34,0.029496431350708,443.56943154335,25.7597060203552,1.6528697013855
0.598625915750828,0.413856350351125,"random_effect","replicate4","wisp",34,0.0322501659393311,423.658175468445,25.207447052002,1.70782256126404
1.35332667332667,0,"FSE","Pvalb","wisp",34,0.0313875675201416,427.1850502491,25.8664109706879,2.41867923736572
1.41666666666667,0,"FSE","Slc17a7","wisp",34,0.0261313915252686,428.541162490845,22.9495022296906,1.70014810562134
0.589797957144896,0,"FSE","Tac2","wisp",34,0.816929817199707,433.676968336105,31.5241286754608,2.48922324180603
1.4014319014319,0,"FSE","Vip","wisp",34,0.0293712615966797,430.996541023254,24.3395192623138,1.70786213874817
0.873502651828214,0,"SVG","Pvalb","ELLA",34,0.0294525623321533,435.360939741135,24.5862038135529,1.74760770797729
0.955293681115117,0,"SVG","Slc17a7","ELLA",34,0.0314376354217529,431.56404876709,26.8166272640228,1.69978642463684
2.20001138595549e-06,1,"SVG","Tac2","ELLA",34,0.0298619270324707,443.675142288208,30.911069393158,1.68198251724243
0.879972208495751,0,"SVG","Vip","ELLA",34,0.0369207859039307,443.817051887512,31.6257169246674,1.67301535606384
-5.94242501332146e-05,0,"rate_effect","Slc17a7","DESeq2",34,0.0287370681762695,425.840946435928,20.6871118545532,1.69628477096558
1.61763828819201e-05,0,"rate_effect","Pvalb","DESeq2",34,0.816901922225952,418.899758338928,25.4150378704071,1.71676182746887
-8.15849007290154e-06,0,"rate_effect","Tac2","DESeq2",34,0.0307743549346924,427.506590843201,28.1352660655975,1.71242094039917
4.07256156602187e-06,0,"rate_effect","Vip","DESeq2",34,0.0329976081848145,430.744173049927,26.0876758098602,1.68078994750977
0.881128268316883,0,"FSE","Slc17a7","DESeq2",34,0.0331697463989258,343.210713863373,25.4671909809113,1.68777298927307
0.881128268316883,0,"FSE","Pvalb","DESeq2",34,0.0300967693328857,440.774281978607,23.2325868606567,2.37251234054565
0.881128268316883,0,"FSE","Tac2","DESeq2",34,0.812228679656982,421.734682798386,24.0035390853882,1.67496418952942
0.881128268316883,0,"FSE","Vip","DESeq2",34,0.0344059467315674,414.342206716537,31.1541674137115,1.68140697479248
0.111294758290156,0,"rate_effect","Pvalb","wisp",35,0.0330021381378174,437.451224327087,29.745246887207,1.75335311889648
1.20342697043564,0.41678485320881,"rate_effect","Slc17a7","wisp",35,0.0306010246276855,442.808385372162,28.5078384876251,1.74131655693054
-0.0066116607731086,0,"rate_effect","Tac2","wisp",35,0.0322425365447998,418.705527305603,32.1499083042145,1.71031928062439
-0.544434534671553,-0.140885466476902,"rate_effect","Vip","wisp",35,0.02848219871521,418.45457649231,31.55730676651,1.6748194694519
-0.518430646836543,-0.359779705991969,"random_effect","replicate1","wisp",35,0.0327200889587402,418.613175630569,21.0245373249054,2.49808239936829
0.375775914072522,0.492428242694587,"random_effect","replicate2","wisp",35,0.0323636531829834,451.664989948273,26.4137582778931,1.71981382369995
0.234088793694255,0.123751048231497,"random_effect","replicate3","wisp",35,0.0289516448974609,431.30482840538,26.2738811969757,1.79348587989807
0.162369073126573,0.0362491270061582,"random_effect","replicate4","wisp",35,0.0340394973754883,424.700837850571,28.7098228931427,1.66401886940002
0.763636363636364,0,"FSE","Pvalb","wisp",35,0.0275821685791016,425.654767751694,28.4632177352905,1.66555500030518
0.0318292818292817,1,"FSE","Slc17a7","wisp",35,0.0329325199127197,423.197243452072,33.9429748058319,1.6831533908844
1.11460539460539,0,"FSE","Tac2","wisp",35,0.0311880111694336,434.951207876205,25.2036564350128,1.74011588096619
0.0263625263625263,1,"FSE","Vip","wisp",35,0.0296409130096436,440.225367546082,27.4221527576447,1.70881175994873
0.8592408386295,0,"SVG","Pvalb","ELLA",35,0.817978858947754,426.278552532196,33.1131513118744,1.70468354225159
0.974612018004911,1,"SVG","Slc17a7","ELLA",35,0.0321147441864014,422.636915206909,29.2182486057281,1.70727491378784
0.936111021928623,0,"SVG","Tac2","ELLA",35,0.0328273773193359,447.521906852722,29.8023293018341,1.68975639343262
0.809840025445669,1,"SVG","Vip","ELLA",35,0.0354571342468262,452.610210418701,26.6774995326996,1.70772361755371
1.7544322354979,0,"rate_effect","Slc17a7","DESeq2",35,0.0321264266967773,433.965416669846,32.878084897995,1.7208776473999
0.00441544833846185,0.41678485320881,"rate_effect","Pvalb","DESeq2",35,0.0312814712524414,422.190920829773,24.4393150806427,1.70067930221558
-0.00409568633658015,0,"rate_effect","Tac2","DESeq2",35,0.0330197811126709,418.523633003235,25.5854187011719,1.69677972793579
-0.98016417255231,-0.140885466476902,"rate_effect","Vip","DESeq2",35,0.034435510635376,420.346521377563,26.4988250732422,1.68244385719299
0,0,"FSE","Slc17a7","DESeq2",35,0.0320837497711182,450.666950464249,31.1645810604095,1.67498111724854
0.801542445768849,1,"FSE","Pvalb","DESeq2",35,0.0363020896911621,457.17814874649,21.4324703216553,1.71121692657471
0.801542445768849,0,"FSE","Tac2","DESeq2",35,0.029810905456543,428.343622922897,28.0981600284576,1.70960855484009
0,1,"FSE","Vip","DESeq2",35,0.0300595760345459,430.763073682785,25.8358247280121,1.69846940040588
-1.98077110555381,-0.325498718069866,"rate_effect","Pvalb","wisp",36,0.0283267498016357,397.332173585892,18.7034997940063,1.69594931602478
1.16992340824543,0.468652430223301,"rate_effect","Slc17a7","wisp",36,0.0276176929473877,442.712224245071,28.8775310516357,1.6610062122345
0.378240972413096,0,"rate_effect","Tac2","wisp",36,0.0308253765106201,427.544069766998,28.7976498603821,1.63383769989014
-0.0429506172109918,0,"rate_effect","Vip","wisp",36,0.809355020523071,410.579885721207,29.0670175552368,1.86269569396973
0.247437766428925,0.349299195222557,"random_effect","replicate1","wisp",36,0.0337629318237305,423.401099443436,29.6546030044556,1.68249821662903
0.181154090358938,0.235139380209148,"random_effect","replicate2","wisp",36,0.0272953510284424,422.697418212891,28.5365047454834,1.725830078125
-0.437770080302107,-0.30834537697956,"random_effect","replicate3","wisp",36,0.029818058013916,439.7497215271,28.5780348777771,1.66135263442993
0.276554096817048,0.482496574521065,"random_effect","replicate4","wisp",36,0.0316903591156006,433.967046022415,28.9943070411682,1.69037532806396
0,1,"FSE","Pvalb","wisp",36,0.0298211574554443,431.580412626266,25.7868802547455,1.6839165687561
0,1,"FSE","Slc17a7","wisp",36,0.030144214630127,421.375997781754,24.3016586303711,1.71349835395813
0.401223776223776,0,"FSE","Tac2","wisp",36,0.807829141616821,465.29434800148,29.0233175754547,1.72194504737854
0.466200466200466,0,"FSE","Vip","wisp",36,0.0383744239807129,429.53732085228,28.4468386173248,1.68207979202271
2.20002210410408e-06,1,"SVG","Pvalb","ELLA",36,0.0290732383728027,429.263690233231,27.6097779273987,1.72484445571899
0.945595975378176,1,"SVG","Slc17a7","ELLA",36,0.0312666893005371,437.413307189941,27.8502190113068,1.60901474952698
2.20002765061178e-06,1,"SVG","Tac2","ELLA",36,0.805010795593262,426.455203294754,26.4656774997711,1.70355725288391
1.10002764247552e-06,1,"SVG","Vip","ELLA",36,0.0289487838745117,436.127036333084,28.2870264053345,1.67139077186584
1.93228515844187,-0.325498718069866,"rate_effect","Slc17a7","DESeq2",36,0.03226637840271,420.098921537399,31.8938703536987,1.69554042816162
-3.00073116898068,0.468652430223301,"rate_effect","Pvalb","DESeq2",36,0.032975435256958,438.165823221207,30.2825698852539,1.69946098327637
0.02129251998137,0,"rate_effect","Tac2","DESeq2",36,0.0294399261474609,422.019849300385,30.9425678253174,1.66973900794983
-0.0210720292704314,0,"rate_effect","Vip","DESeq2",36,0.0314321517944336,431.475331306458,22.7149419784546,1.67200517654419
0,1,"FSE","Slc17a7","DESeq2",36,0.0310087203979492,456.257085084915,32.455356836319,1.71188235282898
0,1,"FSE","Pvalb","DESeq2",36,0.0314266681671143,415.877539396286,24.0265824794769,1.67043447494507
0.278892691425852,0,"FSE","Tac2","DESeq2",36,0.0294971466064453,416.692481517792,28.3475487232208,1.67638111114502
0.278892691425852,0,"FSE","Vip","DESeq2",36,0.0342004299163818,336.719402313232,26.6872763633728,1.68443870544434
-0.0213133178198064,-0.0601605584379286,"rate_effect","Pvalb","wisp",37,0.0316140651702881,440.845675230026,27.6376297473907,1.67763209342957
0.129517886868681,0,"rate_effect","Slc17a7","wisp",37,0.0327372550964355,439.942652225494,29.3641135692596,1.70473194122314
-0.0483611570787404,0,"rate_effect","Tac2","wisp",37,0.0318393707275391,427.237243175507,26.6134941577911,1.71749186515808
0.0149808226009416,0,"rate_effect","Vip","wisp",37,0.0313699245452881,439.644544839859,28.5925753116608,1.69865012168884
-0.326205480860444,-0.289266348350793,"random_effect","replicate1","wisp",37,0.0302164554595947,430.495224475861,30.2653694152832,1.85662579536438
0.389116029915334,0.243380867177621,"random_effect","replicate2","wisp",37,0.0278749465942383,433.838924407959,19.8628737926483,1.78214120864868
0.105138603954194,-0.134277906734496,"random_effect","replicate3","wisp",37,0.0278384685516357,430.360751152039,22.3971903324127,1.76852321624756
-0.315162636089292,-0.291558909462765,"random_effect","replicate4","wisp",37,0.0297048091888428,444.295955896378,24.0693807601929,1.65312027931213
0.891663891663892,1,"FSE","Pvalb","wisp",37,0.0325343608856201,439.585692644119,22.7576236724854,1.69080781936646
0.938616938616938,0,"FSE","Slc17a7","wisp",37,0.0392982959747314,440.06645655632,24.0361716747284,1.71503973007202
1.54301948051948,0,"FSE","Tac2","wisp",37,0.029843807220459,437.265570402145,32.5572719573975,1.693115234375
1.19888111888112,0,"FSE","Vip","wisp",37,0.0291032791137695,439.432435512543,28.7472431659698,1.66761207580566
0.822266612287133,0,"SVG","Pvalb","ELLA",37,0.0333409309387207,453.339238643646,31.4272742271423,1.68288779258728
0.865304449700541,1,"SVG","Slc17a7","ELLA",37,0.0347957611083984,417.253128051758,31.6567099094391,1.64820694923401
0.875422398853894,0,"SVG","Tac2","ELLA",37,0.0314128398895264,437.256318807602,26.5088288784027,1.63021802902222
0.88944382285345,0,"SVG","Vip","ELLA",37,0.0340812206268311,430.002932310104,29.5874364376068,1.69731545448303
0.000257539795801119,-0.0601605584379286,"rate_effect","Slc17a7","DESeq2",37,0.0293447971343994,435.143224954605,28.5866005420685,1.70678520202637
-0.000252542564059637,0,"rate_effect","Pvalb","DESeq2",37,0.0311143398284912,445.551970005035,28.4414129257202,1.71600365638733
5.34635161738736e-05,0,"rate_effect","Tac2","DESeq2",37,0.0289325714111328,403.162273168564,26.9035997390747,1.71544790267944
-1.43503198951382e-05,0,"rate_effect","Vip","DESeq2",37,0.0286831855773926,430.203703165054,26.6837778091431,1.66840791702271
0.495499915174663,1,"FSE","Slc17a7","DESeq2",37,1.57948327064514,437.185100317001,27.2536680698395,1.667564868927
0.932957359842936,0,"FSE","Pvalb","DESeq2",37,0.034404993057251,445.910422801971,27.2072422504425,1.68012309074402
0.925528335399015,0,"FSE","Tac2","DESeq2",37,0.0283098220825195,453.391103506088,26.5794351100922,1.68018746376038
0.932957359842936,0,"FSE","Vip","DESeq2",37,0.801506280899048,419.876414775848,24.7873849868774,1.75839638710022
0.323183514335419,0,"rate_effect","Pvalb","wisp",38,0.0307512283325195,428.397931814194,25.2241079807281,1.7059383392334
0.0341525973959681,0,"rate_effect","Slc17a7","wisp",38,0.0340209007263184,436.847017526627,28.057745218277,1.85157752037048
0.0353352340672791,0,"rate_effect","Tac2","wisp",38,0.0325219631195068,418.58698797226,21.6276752948761,1.68365335464478
0.107885544956998,0,"rate_effect","Vip","wisp",38,0.029606819152832,451.323617219925,28.6904950141907,1.68021440505981
-0.00333440657760412,-0.121985347708687,"random_effect","replicate1","wisp",38,0.0282809734344482,451.912832021713,22.7493710517883,1.72066164016724
0.379844878289754,0.395687750307843,"random_effect","replicate2","wisp",38,0.801509857177734,422.313986063004,26.464081287384,1.70801472663879
0.334760735148928,0.244382644305006,"random_effect","replicate3","wisp",38,0.035719633102417,420.760576486588,28.6639797687531,1.73553800582886
-0.545848144294317,-0.421000140020624,"random_effect","replicate4","wisp",38,0.0332770347595215,423.522397279739,32.0795929431915,1.68319892883301
0.786333666333666,0,"FSE","Pvalb","wisp",38,0.0316963195800781,452.135765552521,27.33478307724,1.69501924514771
1.76941808191808,0,"FSE","Slc17a7","wisp",38,0.0274889469146729,429.882750511169,29.0840692520142,2.21656131744385
0.682012432012432,0,"FSE","Tac2","wisp",38,0.0337462425231934,456.47945690155,29.6877138614655,1.71448874473572
0.481157731157731,0,"FSE","Vip","wisp",38,0.0293803215026855,422.508548974991,28.0290486812592,1.72083115577698
0.898481450651267,1,"SVG","Pvalb","ELLA",38,0.0302333831787109,425.557153701782,25.630185842514,1.71045875549316
0.900992116775012,1,"SVG","Slc17a7","ELLA",38,0.0314383506774902,456.831465482712,28.0305428504944,1.73749208450317
7.33364637961476e-07,1,"SVG","Tac2","ELLA",38,0.0300333499908447,420.228207826614,25.318615436554,1.76744961738586
7.33335495550769e-07,1,"SVG","Vip","ELLA",38,0.029646635055542,425.508758306503,32.9703578948975,1.67997980117798
-2.83361731947716e-05,0,"rate_effect","Slc17a7","DESeq2",38,0.795555591583252,424.274295568466,28.6420726776123,1.70204496383667
-2.64142493433608e-05,0,"rate_effect","Pvalb","DESeq2",38,0.0330798625946045,427.26707816124,18.6909942626953,1.63834738731384
-0.000186082001389463,0,"rate_effect","Tac2","DESeq2",38,0.0290913581848145,427.728501081467,29.9143071174622,1.79513120651245
-1.33474721862007e-06,0,"rate_effect","Vip","DESeq2",38,0.0293011665344238,426.269878864288,28.6204409599304,1.68565964698792
0.803854710008011,0,"FSE","Slc17a7","DESeq2",38,0.0388209819793701,418.660535097122,32.9334063529968,1.7362232208252
0.803854710008011,0,"FSE","Pvalb","DESeq2",38,0.0292532444000244,425.60621213913,21.9722917079926,1.68773722648621
0.803854710008011,0,"FSE","Tac2","DESeq2",38,0.0324656963348389,443.387887001038,24.3710117340088,1.69161748886108
0.803854710008011,0,"FSE","Vip","DESeq2",38,0.0302588939666748,439.416900157928,23.9184587001801,1.70590662956238
0.0226593079966341,0,"rate_effect","Pvalb","wisp",39,0.0327942371368408,438.957689762115,27.6632163524628,1.71968770027161
-1.52848197269056,-0.326155298389494,"rate_effect","Slc17a7","wisp",39,0.0285742282867432,421.09440946579,29.6664223670959,1.71637344360352
0.00118069129693576,0,"rate_effect","Tac2","wisp",39,0.0321705341339111,433.779055833817,24.2364208698273,1.66416764259338
-0.0355940971385071,-0.0555490432307124,"rate_effect","Vip","wisp",39,0.0324299335479736,441.995455741882,30.9328153133392,1.71126890182495
0.393067191273494,-0.321860157884657,"random_effect","replicate1","wisp",39,0.029210090637207,439.464953899384,34.3297638893127,1.69986629486084
0.544899510871462,-0.116937910672277,"random_effect","replicate2","wisp",39,0.0426244735717773,437.597018718719,24.8363919258118,1.68951106071472
-0.550583092796268,-0.487357782199979,"random_effect","replicate3","wisp",39,0.0324771404266357,425.207281112671,34.9626548290253,1.69158744812012
-0.338107617442561,-0.454177346313372,"random_effect","replicate4","wisp",39,0.0298991203308105,418.647297859192,25.208455324173,1.70028805732727
1.22502497502498,0,"FSE","Pvalb","wisp",39,0.0298573970794678,427.855692625046,21.8786227703094,1.69300127029419
0.00155844155844156,1,"FSE","Slc17a7","wisp",39,0.0312502384185791,432.517842054367,28.3129653930664,1.68675136566162
0.982378732378732,0,"FSE","Tac2","wisp",39,0.0320358276367188,411.424299955368,27.6908824443817,1.68193197250366
0.279442779442779,1,"FSE","Vip","wisp",39,0.0310063362121582,427.761325597763,29.3594481945038,1.68344497680664
0.83472276160051,1,"SVG","Pvalb","ELLA",39,0.0334844589233398,428.166197538376,26.1797046661377,1.7228901386261
0.927139463633458,1,"SVG","Slc17a7","ELLA",39,0.0315742492675781,434.415714979172,25.5722579956055,1.75341796875
5.32853750678797e-07,1,"SVG","Tac2","ELLA",39,0.0306034088134766,423.648044109344,28.6630384922028,2.33507633209229
1.10000499586871e-06,1,"SVG","Vip","ELLA",39,0.0319352149963379,457.630842685699,30.2729852199554,1.71965885162354
-2.81599774875724,0,"rate_effect","Slc17a7","DESeq2",39,0.0309898853302002,427.793577194214,24.6332676410675,1.78945779800415
0.254483858678958,-0.326155298389494,"rate_effect","Pvalb","DESeq2",39,0.0248186588287354,427.134085416794,20.8497416973114,1.70171666145325
0.148235383211252,0,"rate_effect","Tac2","DESeq2",39,0.0303020477294922,449.407165288925,26.851879119873,1.69535422325134
-0.108964029201187,-0.0555490432307124,"rate_effect","Vip","DESeq2",39,0.0301089286804199,428.247339248657,29.8079919815063,1.66396045684814
0,0,"FSE","Slc17a7","DESeq2",39,0.0322089195251465,408.884809732437,26.4115223884583,1.72398972511292
2.08568344941661e-10,1,"FSE","Pvalb","DESeq2",39,0.0315802097320557,422.765319108963,25.9771552085876,1.73013639450073
0.00205828616014338,0,"FSE","Tac2","DESeq2",39,0.0289065837860107,439.160111427307,22.1827802658081,1.76004147529602
0.0075063262979803,1,"FSE","Vip","DESeq2",39,0.0298852920532227,427.017245531082,28.7798230648041,1.70368719100952
-0.0295423336384521,0,"rate_effect","Pvalb","wisp",40,0.0346510410308838,423.745444536209,30.480721950531,1.68005108833313
-0.00152287703320484,0,"rate_effect","Slc17a7","wisp",40,0.0336208343505859,457.350196123123,29.9804899692535,1.70068073272705
0.699190643938624,0.282119379146025,"rate_effect","Tac2","wisp",40,0.0338809490203857,436.45938372612,22.8680624961853,1.66281175613403
-0.328962536527968,0,"rate_effect","Vip","wisp",40,0.034174919128418,440.511873960495,28.8962671756744,1.64716815948486
-0.622277261639156,-0.449892699718475,"random_effect","replicate1","wisp",40,0.0303421020507812,427.628512382507,22.2104892730713,1.71368527412415
0.0538250312711212,-0.15354693448171,"random_effect","replicate2","wisp",40,0.0332088470458984,344.416242599487,30.4543399810791,1.69739413261414
0.34930135493653,0.147138639120385,"random_effect","replicate3","wisp",40,0.0305843353271484,431.98536658287,24.406289100647,1.68058586120605
0.433062728359084,0.406385556561872,"random_effect","replicate4","wisp",40,0.0328588485717773,449.26571059227,33.3354132175446,1.73019027709961
1.1737650104997,0,"FSE","Pvalb","wisp",40,0.0297694206237793,439.159985542297,26.3205349445343,1.71449494361877
1.58645354645355,0,"FSE","Slc17a7","wisp",40,0.0305607318878174,428.652082204819,30.6755955219269,1.88950419425964
0.0165956492487104,1,"FSE","Tac2","wisp",40,0.0316033363342285,445.094449043274,42.2195236682892,1.67439436912537
0.465034965034965,0,"FSE","Vip","wisp",40,0.0265688896179199,435.233200311661,26.1416709423065,1.71018147468567
0.865587868110309,0,"SVG","Pvalb","ELLA",40,0.0327644348144531,439.456162452698,26.0999274253845,1.78638219833374
0.896020266815646,0,"SVG","Slc17a7","ELLA",40,0.0307676792144775,437.681057214737,27.9302146434784,1.65710139274597
4.40000572254906e-07,1,"SVG","Tac2","ELLA",40,0.0290651321411133,427.405111312866,22.3053696155548,1.72048687934875
0.80064119621211,1,"SVG","Vip","ELLA",40,0.0320477485656738,433.640318632126,29.350049495697,1.72802352905273
-0.0121458112711001,0,"rate_effect","Slc17a7","DESeq2",40,0.0298590660095215,448.810079097748,25.333607673645,1.71256875991821
-0.0268747312261975,0,"rate_effect","Pvalb","DESeq2",40,0.0316283702850342,455.552742004395,29.5427038669586,1.7094087600708
1.3107342436946,0.282119379146025,"rate_effect","Tac2","DESeq2",40,0.0333898067474365,440.108868360519,23.9051141738892,1.67539310455322
-0.00135451440302627,0,"rate_effect","Vip","DESeq2",40,0.0299966335296631,419.217404127121,32.1976454257965,1.70710897445679
0.388104963130071,0,"FSE","Slc17a7","DESeq2",40,0.0458025932312012,433.931190729141,28.3724331855774,1.67933249473572
0.227558381827107,0,"FSE","Pvalb","DESeq2",40,0.0300023555755615,429.552792310715,29.0982015132904,1.65337753295898
0,1,"FSE","Tac2","DESeq2",40,0.0322961807250977,435.765223503113,31.6087048053741,1.71501207351685
0.9426567496549,0,"FSE","Vip","DESeq2",40,0.0341274738311768,417.889683008194,28.9951059818268,1.70399403572083
-0.0166746578225878,0,"rate_effect","Pvalb","wisp",41,0.0294394493103027,453.733312368393,25.2916481494904,1.77246928215027
-0.419245609147976,-0.137864893069491,"rate_effect","Slc17a7","wisp",41,0.0308578014373779,468.61527967453,25.4667437076569,1.71070170402527
-0.00271120628585991,0,"rate_effect","Tac2","wisp",41,0.820080041885376,436.097178220749,26.8479788303375,1.66347169876099
0.0634027576604423,0,"rate_effect","Vip","wisp",41,0.0320253372192383,431.81830573082,30.8184201717377,1.66999959945679
0.257218525660184,0.366425794316456,"random_effect","replicate1","wisp",41,0.0323450565338135,407.469310998917,23.6902546882629,1.6712794303894
0.238948641359822,0.35568972164765,"random_effect","replicate2","wisp",41,0.0303232669830322,458.878425359726,29.6515972614288,1.6605019569397
-0.393121562793807,-0.204200392588973,"random_effect","replicate3","wisp",41,0.0322065353393555,419.259837388992,28.8181869983673,1.6933798789978
0.0570756816008747,0.120896292384714,"random_effect","replicate4","wisp",41,0.0321733951568604,430.462215185165,29.7094798088074,1.70585680007935
1.15445665445665,0,"FSE","Pvalb","wisp",41,0.0398569107055664,434.449024200439,32.2220323085785,1.69411945343018
0.487012987012987,1,"FSE","Slc17a7","wisp",41,0.0285923480987549,429.197801351547,26.8881816864014,1.82680439949036
0.662698412698413,0,"FSE","Tac2","wisp",41,0.0303695201873779,462.501043796539,27.2750470638275,1.7259795665741
0.170579420579421,0,"FSE","Vip","wisp",41,0.0310995578765869,422.670966625214,21.7350451946259,1.75525784492493
0.822288804015156,0,"SVG","Pvalb","ELLA",41,0.0324530601501465,428.048925638199,30.4400534629822,1.65608763694763
0.911906099051227,1,"SVG","Slc17a7","ELLA",41,0.80547022819519,440.463515520096,28.439962387085,1.65983462333679
0.870431543861428,0,"SVG","Tac2","ELLA",41,0.0333585739135742,445.77917599678,26.5162720680237,1.65799617767334
0.903742682237482,1,"SVG","Vip","ELLA",41,0.834730386734009,404.486200332642,22.7781071662903,1.70609188079834
-0.924366117837273,0,"rate_effect","Slc17a7","DESeq2",41,0.0285840034484863,414.615249633789,23.4158487319946,1.73908114433289
0.0105005735558981,-0.137864893069491,"rate_effect","Pvalb","DESeq2",41,0.0306859016418457,433.938928842545,33.8327622413635,1.7237377166748
-0.00435843990226676,0,"rate_effect","Tac2","DESeq2",41,0.0308890342712402,422.670696020126,25.4336326122284,1.66652059555054
0.0307432000895832,0,"rate_effect","Vip","DESeq2",41,0.0306036472320557,419.418052911758,25.2467229366302,1.70362830162048
0,0,"FSE","Slc17a7","DESeq2",41,0.0317995548248291,461.469823598862,32.3803489208221,1.67511296272278
0.317791662828477,1,"FSE","Pvalb","DESeq2",41,0.0344686508178711,434.89457821846,27.1384015083313,1.70538330078125
0.730278420959715,0,"FSE","Tac2","DESeq2",41,0.0282166004180908,443.423809051514,32.3087086677551,1.67403841018677
0.0210347680394307,0,"FSE","Vip","DESeq2",41,0.0308902263641357,431.944690704346,30.5837070941925,1.7223334312439
0.00349295241363428,0,"rate_effect","Pvalb","wisp",42,0.0291938781738281,425.225584983826,23.5495102405548,1.67557716369629
0.084253192431202,0,"rate_effect","Slc17a7","wisp",42,0.0274803638458252,449.36609172821,29.871399641037,1.7144455909729
-0.0251777394305081,0,"rate_effect","Tac2","wisp",42,0.0323798656463623,397.502710580826,26.9996373653412,1.68184280395508
0.71768854794051,0.309465168043971,"rate_effect","Vip","wisp",42,0.0408256053924561,431.450164318085,30.4177463054657,1.70918226242065
-0.629647796876274,-0.472827835706994,"random_effect","replicate1","wisp",42,0.0313534736633301,438.536264657974,29.9569611549377,1.84068560600281
0.406687608268871,-0.109445825219154,"random_effect","replicate2","wisp",42,0.0400087833404541,433.042570114136,30.6304001808167,1.66168165206909
0.336554556664956,-0.204584108432755,"random_effect","replicate3","wisp",42,0.817047119140625,430.118763923645,24.3502914905548,1.6999716758728
0.237775038083886,-0.266108377138153,"random_effect","replicate4","wisp",42,0.0297436714172363,437.071761846542,23.595419883728,1.64554500579834
1.292571592328,0,"FSE","Pvalb","wisp",42,0.032271146774292,436.101019144058,24.8949110507965,1.70548939704895
0.721444332998997,0,"FSE","Slc17a7","wisp",42,0.0315263271331787,432.288017749786,30.956157207489,1.69679665565491
1.47067733813686,0,"FSE","Tac2","wisp",42,0.0336310863494873,437.491618871689,23.7585678100586,1.71569228172302
0.00288365095285868,1,"FSE","Vip","wisp",42,1.60711026191711,421.640034914017,25.7011733055115,1.6941704750061
0.878570042692952,0,"SVG","Pvalb","ELLA",42,0.0332968235015869,424.412275791168,31.337925195694,1.72009944915771
0.917868644964644,1,"SVG","Slc17a7","ELLA",42,0.0317978858947754,432.436423778534,26.7529740333557,1.69773530960083
0.805406259563645,0,"SVG","Tac2","ELLA",42,0.0310676097869873,423.374612569809,30.5652163028717,1.68888401985168
1.09998650654752e-06,1,"SVG","Vip","ELLA",42,0.0288574695587158,432.843449831009,27.3957550525665,1.6828761100769
-0.0295940187590294,0,"rate_effect","Slc17a7","DESeq2",42,0.0459022521972656,226.993104219437,24.1935837268829,1.51726198196411
-0.0170118144339938,0,"rate_effect","Pvalb","DESeq2",42,0.0322229862213135,331.06693983078,30.7433168888092,1.6044819355011
-0.00604751303789784,0,"rate_effect","Tac2","DESeq2",42,0.0333068370819092,374.853465080261,21.7227132320404,1.55030393600464
1.36467354922153,0.309465168043971,"rate_effect","Vip","DESeq2",42,0.0307085514068604,384.058814287186,22.0142612457275,1.6028254032135
0.0273393520378596,0,"FSE","Slc17a7","DESeq2",42,0.0302438735961914,391.767779111862,25.2758643627167,1.53045392036438
0.478807996772842,0,"FSE","Pvalb","DESeq2",42,0.0305290222167969,388.461657047272,23.9431219100952,1.55912685394287
0.807950135823087,0,"FSE","Tac2","DESeq2",42,0.0326883792877197,384.937769889832,29.8561155796051,1.56570911407471
0,1,"FSE","Vip","DESeq2",42,0.026921272277832,389.509970188141,21.9643669128418,1.66833257675171
0.198290110012953,0.0819152574986219,"rate_effect","Pvalb","wisp",43,0.0267267227172852,388.007637023926,30.0672695636749,1.57240080833435
0.451050325473688,0.036993172718212,"rate_effect","Slc17a7","wisp",43,0.0300586223602295,418.203063964844,30.2898714542389,1.61718273162842
0.0068966457952513,0,"rate_effect","Tac2","wisp",43,0.0290942192077637,406.942582845688,31.5599641799927,1.58856463432312
0.15164370584644,0.0632444056682289,"rate_effect","Vip","wisp",43,0.0287714004516602,429.646015167236,26.2195875644684,1.60668730735779
0.20249573643747,0.346709368051961,"random_effect","replicate1","wisp",43,0.0317835807800293,341.669018268585,26.9653091430664,1.54579663276672
-0.404498472111821,-0.221770111471415,"random_effect","replicate2","wisp",43,0.0308656692504883,410.980796337128,26.0913398265839,1.58828997612
0.242754935003832,0.478692686418071,"random_effect","replicate3","wisp",43,0.0299198627471924,381.337107896805,27.0866591930389,1.55881309509277
0.194638034641641,0.32877328642644,"random_effect","replicate4","wisp",43,0.0317187309265137,406.580022573471,25.456356048584,2.13756680488586
0.0234165834165835,1,"FSE","Pvalb","wisp",43,0.0320427417755127,381.373903751373,26.0200519561768,1.62136936187744
0.0409590409590407,1,"FSE","Slc17a7","wisp",43,0.0314962863922119,398.525640964508,30.7137763500214,1.63695192337036
0.627591158841159,0,"FSE","Tac2","wisp",43,0.0254049301147461,391.480886697769,26.8268549442291,1.66666102409363
0.146686646686647,1,"FSE","Vip","wisp",43,0.0256845951080322,386.229352712631,22.1226570606232,2.23532843589783
0.883355042296011,1,"SVG","Pvalb","ELLA",43,0.0274255275726318,393.043655633926,26.3135740756989,1.62186360359192
0.832448137560757,1,"SVG","Slc17a7","ELLA",43,0.0314497947692871,399.737291574478,27.4356372356415,1.54793643951416
0.910873294611229,0,"SVG","Tac2","ELLA",43,0.0278842449188232,407.994123220444,30.0831542015076,1.70397877693176
1.10000943831512e-06,1,"SVG","Vip","ELLA",43,0.0312459468841553,454.349458694458,27.4588553905487,1.65162825584412
-0.048652083603094,0.0819152574986219,"rate_effect","Slc17a7","DESeq2",43,0.0302815437316895,416.451984167099,27.4706983566284,1.66848421096802
0.199952848796429,0.036993172718212,"rate_effect","Pvalb","DESeq2",43,0.030287504196167,445.160679101944,26.9797604084015,1.6416482925415
-0.233721594767393,0,"rate_effect","Tac2","DESeq2",43,0.0270621776580811,418.129014253616,28.2524511814117,1.66839957237244
0.0498574480722299,0.0632444056682289,"rate_effect","Vip","DESeq2",43,0.025137186050415,427.151807546616,30.0656287670135,1.72059488296509
5.94123684210917e-13,1,"FSE","Slc17a7","DESeq2",43,0.0248410701751709,419.83846116066,32.9552249908447,1.71002101898193
1.38910061657425e-102,1,"FSE","Pvalb","DESeq2",43,0.031097412109375,420.148341417313,25.3059678077698,1.70672941207886
1.31056146950899e-64,0,"FSE","Tac2","DESeq2",43,0.0304763317108154,422.099095344543,27.7931344509125,1.73184728622437
1.79724532494348e-05,1,"FSE","Vip","DESeq2",43,0.0281741619110107,436.614368438721,25.8525140285492,1.87365055084229
0.0498497480665182,0,"rate_effect","Pvalb","wisp",44,0.031022310256958,431.403715372086,31.1884779930115,1.73899722099304
-0.00472446254131212,0,"rate_effect","Slc17a7","wisp",44,0.0317983627319336,446.260487318039,21.985191822052,1.75307321548462
0.0010108441458823,0,"rate_effect","Tac2","wisp",44,0.0358791351318359,425.043972253799,28.740198135376,1.71167206764221
-0.0172343474968135,0,"rate_effect","Vip","wisp",44,0.0326249599456787,432.28660774231,34.3577883243561,1.82336187362671
0.277939984143792,-0.106144010554999,"random_effect","replicate1","wisp",44,0.025691032409668,413.085528612137,26.3216788768768,1.68938827514648
-0.539989705576408,-0.439631786663085,"random_effect","replicate2","wisp",44,0.0321977138519287,431.868797302246,31.4128401279449,1.72128224372864
0.317625705094216,-0.0795945313293487,"random_effect","replicate3","wisp",44,0.0303294658660889,427.370543956757,21.0685846805573,1.7031238079071
0.301639247917205,-0.0894585642963648,"random_effect","replicate4","wisp",44,0.031196117401123,438.467203855515,26.1320161819458,1.84325361251831
0.77688,0,"FSE","Pvalb","wisp",44,0.0318443775177002,416.291744470596,28.2499594688416,1.83968019485474
1.24068,0,"FSE","Slc17a7","wisp",44,0.0282285213470459,444.577963352203,21.2990975379944,2.37900733947754
1.4084693877551,0,"FSE","Tac2","wisp",44,0.029576301574707,425.557831048965,32.9004528522491,2.33510065078735
1.30588888888889,0,"FSE","Vip","wisp",44,0.0261030197143555,454.543220043182,25.3657302856445,1.65312337875366
1.1000189397703e-06,1,"SVG","Pvalb","ELLA",44,0.030604362487793,448.491393089294,27.0592975616455,1.72818160057068
0.830214828890016,0,"SVG","Slc17a7","ELLA",44,0.0423741340637207,418.818164825439,24.772531747818,1.71317410469055
0.992251173573513,0,"SVG","Tac2","ELLA",44,0.0336840152740479,421.485532522202,26.0124709606171,1.66458964347839
2.44443914831916e-07,1,"SVG","Vip","ELLA",44,0.0301039218902588,419.07643198967,23.9351878166199,1.70808434486389
0.000439145473801592,0,"rate_effect","Slc17a7","DESeq2",44,0.029496431350708,443.56943154335,25.7597060203552,1.6528697013855
8.59702515963653e-06,0,"rate_effect","Pvalb","DESeq2",44,0.0322501659393311,423.658175468445,25.207447052002,1.70782256126404
-1.56453732864148e-05,0,"rate_effect","Tac2","DESeq2",44,0.0313875675201416,427.1850502491,25.8664109706879,2.41867923736572
3.37237628216521e-05,0,"rate_effect","Vip","DESeq2",44,0.0261313915252686,428.541162490845,22.9495022296906,1.70014810562134
0.779300501719926,0,"FSE","Slc17a7","DESeq2",44,0.816929817199707,433.676968336105,31.5241286754608,2.48922324180603
0.779300501719926,0,"FSE","Pvalb","DESeq2",44,0.0293712615966797,430.996541023254,24.3395192623138,1.70786213874817
0.779300501719926,0,"FSE","Tac2","DESeq2",44,0.0294525623321533,435.360939741135,24.5862038135529,1.74760770797729
0.779300501719926,0,"FSE","Vip","DESeq2",44,0.0314376354217529,431.56404876709,26.8166272640228,1.69978642463684
2.70200444970137e-05,0,"rate_effect","Pvalb","wisp",45,0.0298619270324707,443.675142288208,30.911069393158,1.68198251724243
-0.00330319243421523,0,"rate_effect","Slc17a7","wisp",45,0.0369207859039307,443.817051887512,31.6257169246674,1.67301535606384
-0.0135230526797808,0,"rate_effect","Tac2","wisp",45,0.0287370681762695,425.840946435928,20.6871118545532,1.69628477096558
0.172520116406754,0,"rate_effect","Vip","wisp",45,0.816901922225952,418.899758338928,25.4150378704071,1.71676182746887
0.42505867902926,0.451006263727322,"random_effect","replicate1","wisp",45,0.0307743549346924,427.506590843201,28.1352660655975,1.71242094039917
-0.550112889697686,-0.417869064724073,"random_effect","replicate2","wisp",45,0.0329976081848145,430.744173049927,26.0876758098602,1.68078994750977
-0.0324229316602434,-0.172215783968568,"random_effect","replicate3","wisp",45,0.0331697463989258,343.210713863373,25.4671909809113,1.68777298927307
0.224203130907556,-0.00874580931849778,"random_effect","replicate4","wisp",45,0.0300967693328857,440.774281978607,23.2325868606567,2.37251234054565
1.15264787664307,0,"FSE","Pvalb","wisp",45,0.812228679656982,421.734682798386,24.0035390853882,1.67496418952942
1.09941354903943,0,"FSE","Slc17a7","wisp",45,0.0344059467315674,414.342206716537,31.1541674137115,1.68140697479248
1.18849005729693,0,"FSE","Tac2","wisp",45,0.0330021381378174,437.451224327087,29.745246887207,1.75335311889648
0.76797837436289,0,"FSE","Vip","wisp",45,0.0306010246276855,442.808385372162,28.5078384876251,1.74131655693054
0.869240788664559,0,"SVG","Pvalb","ELLA",45,0.0322425365447998,418.705527305603,32.1499083042145,1.71031928062439
0.935062603193384,0,"SVG","Slc17a7","ELLA",45,0.02848219871521,418.45457649231,31.55730676651,1.6748194694519
0.894030095056571,0,"SVG","Tac2","ELLA",45,0.0327200889587402,418.613175630569,21.0245373249054,2.49808239936829
0.904825930851311,1,"SVG","Vip","ELLA",45,0.0323636531829834,451.664989948273,26.4137582778931,1.71981382369995
-0.000184805979831422,0,"rate_effect","Slc17a7","DESeq2",45,0.0289516448974609,431.30482840538,26.2738811969757,1.79348587989807
-1.7679014568875e-05,0,"rate_effect","Pvalb","DESeq2",45,0.0340394973754883,424.700837850571,28.7098228931427,1.66401886940002
-2.98187736249182e-05,0,"rate_effect","Tac2","DESeq2",45,0.0275821685791016,425.654767751694,28.4632177352905,1.66555500030518
-3.86946360789524e-05,0,"rate_effect","Vip","DESeq2",45,0.0329325199127197,423.197243452072,33.9429748058319,1.6831533908844
0.618807153005427,0,"FSE","Slc17a7","DESeq2",45,0.0311880111694336,434.951207876205,25.2036564350128,1.74011588096619
0.976243749978768,0,"FSE","Pvalb","DESeq2",45,0.0296409130096436,440.225367546082,27.4221527576447,1.70881175994873
0.936763504510993,0,"FSE","Tac2","DESeq2",45,0.817978858947754,426.278552532196,33.1131513118744,1.70468354225159
0.618807153005427,0,"FSE","Vip","DESeq2",45,0.0321147441864014,422.636915206909,29.2182486057281,1.70727491378784
-2.3476678289904,-0.439209998818114,"rate_effect","Pvalb","wisp",46,0.0328273773193359,447.521906852722,29.8023293018341,1.68975639343262
0.232990445275284,0.0131703978404403,"rate_effect","Slc17a7","wisp",46,0.0354571342468262,452.610210418701,26.6774995326996,1.70772361755371
0.839268454385822,0.338332256767899,"rate_effect","Tac2","wisp",46,0.0321264266967773,433.965416669846,32.878084897995,1.7208776473999
-0.0583181462891182,0,"rate_effect","Vip","wisp",46,0.0312814712524414,422.190920829773,24.4393150806427,1.70067930221558
0.394784569558562,-0.0193939043674618,"random_effect","replicate1","wisp",46,0.0330197811126709,418.523633003235,25.5854187011719,1.69677972793579
-0.746958615367489,-0.492628284031525,"random_effect","replicate2","wisp",46,0.034435510635376,420.346521377563,26.4988250732422,1.68244385719299
0.490569890460821,0.25114810350351,"random_effect","replicate3","wisp",46,0.0320837497711182,450.666950464249,31.1645810604095,1.67498111724854
0.271442605931332,-0.197633804753423,"random_effect","replicate4","wisp",46,0.0363020896911621,457.17814874649,21.4324703216553,1.71121692657471
0.00193556443556444,1,"FSE","Pvalb","wisp",46,0.029810905456543,428.343622922897,28.0981600284576,1.70960855484009
0.0993173493173493,1,"FSE","Slc17a7","wisp",46,0.0300595760345459,430.763073682785,25.8358247280121,1.69846940040588
0,1,"FSE","Tac2","wisp",46,0.0283267498016357,397.332173585892,18.7034997940063,1.69594931602478
0.111000111000111,0,"FSE","Vip","wisp",46,0.0276176929473877,442.712224245071,28.8775310516357,1.6610062122345
0.880913230991137,1,"SVG","Pvalb","ELLA",46,0.0308253765106201,427.544069766998,28.7976498603821,1.63383769989014
0.735958031078349,1,"SVG","Slc17a7","ELLA",46,0.809355020523071,410.579885721207,29.0670175552368,1.86269569396973
2.2000792634369e-06,1,"SVG","Tac2","ELLA",46,0.0337629318237305,423.401099443436,29.6546030044556,1.68249821662903
0.788670939049435,1,"SVG","Vip","ELLA",46,0.0272953510284424,422.697418212891,28.5365047454834,1.725830078125
0.0662602652036149,-0.439209998818114,"rate_effect","Slc17a7","DESeq2",46,0.029818058013916,439.7497215271,28.5780348777771,1.66135263442993
-6.08496264561594,0.0131703978404403,"rate_effect","Pvalb","DESeq2",46,0.0316903591156006,433.967046022415,28.9943070411682,1.69037532806396
1.49538535245545,0.338332256767899,"rate_effect","Tac2","DESeq2",46,0.0298211574554443,431.580412626266,25.7868802547455,1.6839165687561
-0.0755882687490673,0,"rate_effect","Vip","DESeq2",46,0.030144214630127,421.375997781754,24.3016586303711,1.71349835395813
3.58860298496988e-06,1,"FSE","Slc17a7","DESeq2",46,0.807829141616821,465.29434800148,29.0233175754547,1.72194504737854
0,1,"FSE","Pvalb","DESeq2",46,0.0383744239807129,429.53732085228,28.4468386173248,1.68207979202271
1.97883172472336e-319,1,"FSE","Tac2","DESeq2",46,0.0290732383728027,429.263690233231,27.6097779273987,1.72484445571899
0.00039676896933833,0,"FSE","Vip","DESeq2",46,0.0312666893005371,437.413307189941,27.8502190113068,1.60901474952698
-1.51432055131859,-0.3386625952553,"rate_effect","Pvalb","wisp",47,0.805010795593262,426.455203294754,26.4656774997711,1.70355725288391
0.232005437702917,0.0859342706389725,"rate_effect","Slc17a7","wisp",47,0.0289487838745117,436.127036333084,28.2870264053345,1.67139077186584
-0.00763543111861548,0,"rate_effect","Tac2","wisp",47,0.03226637840271,420.098921537399,31.8938703536987,1.69554042816162
-0.0158795632792563,0,"rate_effect","Vip","wisp",47,0.032975435256958,438.165823221207,30.2825698852539,1.69946098327637
0.456952540764517,0.143862723372877,"random_effect","replicate1","wisp",47,0.0294399261474609,422.019849300385,30.9425678253174,1.66973900794983
-0.0792175938100573,-0.310296175302938,"random_effect","replicate2","wisp",47,0.0314321517944336,431.475331306458,22.7149419784546,1.67200517654419
0.449300808015983,0.179049816681072,"random_effect","replicate3","wisp",47,0.0310087203979492,456.257085084915,32.455356836319,1.71188235282898
-0.682399522925171,-0.48416350921616,"random_effect","replicate4","wisp",47,0.0314266681671143,415.877539396286,24.0265824794769,1.67043447494507
0,1,"FSE","Pvalb","wisp",47,0.0294971466064453,416.692481517792,28.3475487232208,1.67638111114502
0.00449550449550451,1,"FSE","Slc17a7","wisp",47,0.0342004299163818,336.719402313232,26.6872763633728,1.68443870544434
0.648851148851149,0,"FSE","Tac2","wisp",47,0.0316140651702881,440.845675230026,27.6376297473907,1.67763209342957
1.10352147852148,0,"FSE","Vip","wisp",47,0.0327372550964355,439.942652225494,29.3641135692596,1.70473194122314
0.85496095599777,1,"SVG","Pvalb","ELLA",47,0.0318393707275391,427.237243175507,26.6134941577911,1.71749186515808
0.886536506204506,1,"SVG","Slc17a7","ELLA",47,0.0313699245452881,439.644544839859,28.5925753116608,1.69865012168884
0.76373057733737,0,"SVG","Tac2","ELLA",47,0.0302164554595947,430.495224475861,30.2653694152832,1.85662579536438
0.866359073362356,0,"SVG","Vip","ELLA",47,0.0278749465942383,433.838924407959,19.8628737926483,1.78214120864868
0.440917705128758,-0.3386625952553,"rate_effect","Slc17a7","DESeq2",47,0.0278384685516357,430.360751152039,22.3971903324127,1.76852321624756
-3.267483315355,0.0859342706389725,"rate_effect","Pvalb","DESeq2",47,0.0297048091888428,444.295955896378,24.0693807601929,1.65312027931213
0.000801905303793107,0,"rate_effect","Tac2","DESeq2",47,0.0325343608856201,439.585692644119,22.7576236724854,1.69080781936646
-0.000364706011404612,0,"rate_effect","Vip","DESeq2",47,0.0392982959747314,440.06645655632,24.0361716747284,1.71503973007202
5.43402573522848e-146,1,"FSE","Slc17a7","DESeq2",47,0.029843807220459,437.265570402145,32.5572719573975,1.693115234375
0,1,"FSE","Pvalb","DESeq2",47,0.0291032791137695,439.432435512543,28.7472431659698,1.66761207580566
0.983810344230137,0,"FSE","Tac2","DESeq2",47,0.0333409309387207,453.339238643646,31.4272742271423,1.68288779258728
0.983810344230137,0,"FSE","Vip","DESeq2",47,0.0347957611083984,417.253128051758,31.6567099094391,1.64820694923401
-2.79846065046477,-0.439407967031002,"rate_effect","Pvalb","wisp",48,0.0314128398895264,437.256318807602,26.5088288784027,1.63021802902222
0.752882402807954,0.194517596857622,"rate_effect","Slc17a7","wisp",48,0.0340812206268311,430.002932310104,29.5874364376068,1.69731545448303
0.0669308294102328,0,"rate_effect","Tac2","wisp",48,0.0293447971343994,435.143224954605,28.5866005420685,1.70678520202637
-0.00917301033613475,0,"rate_effect","Vip","wisp",48,0.0311143398284912,445.551970005035,28.4414129257202,1.71600365638733
0.23753071603127,0.0521719048265368,"random_effect","replicate1","wisp",48,0.0289325714111328,403.162273168564,26.9035997390747,1.71544790267944
-0.187722789430026,-0.175158931640908,"random_effect","replicate2","wisp",48,0.0286831855773926,430.203703165054,26.6837778091431,1.66840791702271
0.27814469399426,0.113209700910375,"random_effect","replicate3","wisp",48,1.57948327064514,437.185100317001,27.2536680698395,1.667564868927
-0.302329367436427,-0.254180505638942,"random_effect","replicate4","wisp",48,0.034404993057251,445.910422801971,27.2072422504425,1.68012309074402
0,1,"FSE","Pvalb","wisp",48,0.0283098220825195,453.391103506088,26.5794351100922,1.68018746376038
0,1,"FSE","Slc17a7","wisp",48,0.801506280899048,419.876414775848,24.7873849868774,1.75839638710022
0.8205625,0,"FSE","Tac2","wisp",48,0.0307512283325195,428.397931814194,25.2241079807281,1.7059383392334
0.886877551020408,0,"FSE","Vip","wisp",48,0.0340209007263184,436.847017526627,28.057745218277,1.85157752037048
0.826631984366452,1,"SVG","Pvalb","ELLA",48,0.0325219631195068,418.58698797226,21.6276752948761,1.68365335464478
0.88707828818224,1,"SVG","Slc17a7","ELLA",48,0.029606819152832,451.323617219925,28.6904950141907,1.68021440505981
1.6710778305562e-06,0,"SVG","Tac2","ELLA",48,0.0282809734344482,451.912832021713,22.7493710517883,1.72066164016724
0.840552683602779,0,"SVG","Vip","ELLA",48,0.801509857177734,422.313986063004,26.464081287384,1.70801472663879
0.950601728274454,-0.439407967031002,"rate_effect","Slc17a7","DESeq2",48,0.035719633102417,420.760576486588,28.6639797687531,1.73553800582886
-6.21895938106383,0.194517596857622,"rate_effect","Pvalb","DESeq2",48,0.0332770347595215,423.522397279739,32.0795929431915,1.68319892883301
0.00984101976337208,0,"rate_effect","Tac2","DESeq2",48,0.0316963195800781,452.135765552521,27.33478307724,1.69501924514771
-0.00962377292945669,0,"rate_effect","Vip","DESeq2",48,0.0274889469146729,429.882750511169,29.0840692520142,2.21656131744385
0,1,"FSE","Slc17a7","DESeq2",48,0.0337462425231934,456.47945690155,29.6877138614655,1.71448874473572
0,1,"FSE","Pvalb","DESeq2",48,0.0293803215026855,422.508548974991,28.0290486812592,1.72083115577698
0.587994963113349,0,"FSE","Tac2","DESeq2",48,0.0302333831787109,425.557153701782,25.630185842514,1.71045875549316
0.587994963113349,0,"FSE","Vip","DESeq2",48,0.0314383506774902,456.831465482712,28.0305428504944,1.73749208450317
0.522104980411156,0.152936237398535,"rate_effect","Pvalb","wisp",49,0.0300333499908447,420.228207826614,25.318615436554,1.76744961738586
0.00393579894560331,0,"rate_effect","Slc17a7","wisp",49,0.029646635055542,425.508758306503,32.9703578948975,1.67997980117798
-0.0482559058638923,0,"rate_effect","Tac2","wisp",49,0.795555591583252,424.274295568466,28.6420726776123,1.70204496383667
0.0181159408436264,0,"rate_effect","Vip","wisp",49,0.0330798625946045,427.26707816124,18.6909942626953,1.63834738731384
-0.240117839667213,-0.178009792696685,"random_effect","replicate1","wisp",49,0.0290913581848145,427.728501081467,29.9143071174622,1.79513120651245
0.335989554193702,0.335016338620335,"random_effect","replicate2","wisp",49,0.0293011665344238,426.269878864288,28.6204409599304,1.68565964698792
-0.236679845480624,-0.167796346126124,"random_effect","replicate3","wisp",49,0.0388209819793701,418.660535097122,32.9334063529968,1.7362232208252
-0.242969661308748,-0.131564516108483,"random_effect","replicate4","wisp",49,0.0292532444000244,425.60621213913,21.9722917079926,1.68773722648621
0.383144633144633,1,"FSE","Pvalb","wisp",49,0.0324656963348389,443.387887001038,24.3710117340088,1.69161748886108
1.1840959040959,0,"FSE","Slc17a7","wisp",49,0.0302588939666748,439.416900157928,23.9184587001801,1.70590662956238
1.02670798589166,0,"FSE","Tac2","wisp",49,0.0327942371368408,438.957689762115,27.6632163524628,1.71968770027161
0.60488491100736,0,"FSE","Vip","wisp",49,0.0285742282867432,421.09440946579,29.6664223670959,1.71637344360352
2.20004696499521e-06,1,"SVG","Pvalb","ELLA",49,0.0321705341339111,433.779055833817,24.2364208698273,1.66416764259338
0.811190524608674,0,"SVG","Slc17a7","ELLA",49,0.0324299335479736,441.995455741882,30.9328153133392,1.71126890182495
0.889094107413711,0,"SVG","Tac2","ELLA",49,0.029210090637207,439.464953899384,34.3297638893127,1.69986629486084
7.33336346758762e-07,1,"SVG","Vip","ELLA",49,0.0426244735717773,437.597018718719,24.8363919258118,1.68951106071472
-0.0122571287840879,0.152936237398535,"rate_effect","Slc17a7","DESeq2",49,0.0324771404266357,425.207281112671,34.9626548290253,1.69158744812012
0.730082393458758,0,"rate_effect","Pvalb","DESeq2",49,0.0298991203308105,418.647297859192,25.208455324173,1.70028805732727
-0.0202991574324793,0,"rate_effect","Tac2","DESeq2",49,0.0298573970794678,427.855692625046,21.8786227703094,1.69300127029419
-0.00239525353746757,0,"rate_effect","Vip","DESeq2",49,0.0312502384185791,432.517842054367,28.3129653930664,1.68675136566162
0.327775302062033,1,"FSE","Slc17a7","DESeq2",49,0.0320358276367188,411.424299955368,27.6908824443817,1.68193197250366
0,0,"FSE","Pvalb","DESeq2",49,0.0310063362121582,427.761325597763,29.3594481945038,1.68344497680664
0.327775302062033,0,"FSE","Tac2","DESeq2",49,0.0334844589233398,428.166197538376,26.1797046661377,1.7228901386261
0.881747697233171,0,"FSE","Vip","DESeq2",49,0.0315742492675781,434.415714979172,25.5722579956055,1.75341796875
0.0192061026752105,0,"rate_effect","Pvalb","wisp",50,0.0306034088134766,423.648044109344,28.6630384922028,2.33507633209229
0.970580627870927,0.338258783100173,"rate_effect","Slc17a7","wisp",50,0.0319352149963379,457.630842685699,30.2729852199554,1.71965885162354
0.0239286449352764,0,"rate_effect","Tac2","wisp",50,0.0309898853302002,427.793577194214,24.6332676410675,1.78945779800415
0.583335939648078,0.295399102382362,"rate_effect","Vip","wisp",50,0.0248186588287354,427.134085416794,20.8497416973114,1.70171666145325
0.308842743395243,-0.0169054940342903,"random_effect","replicate1","wisp",50,0.0303020477294922,449.407165288925,26.851879119873,1.69535422325134
0.376799216688364,0.166434688027948,"random_effect","replicate2","wisp",50,0.0301089286804199,428.247339248657,29.8079919815063,1.66396045684814
-0.476133134968133,-0.398969133151695,"random_effect","replicate3","wisp",50,0.0322089195251465,408.884809732437,26.4115223884583,1.72398972511292
-0.224438436587767,-0.282158714020625,"random_effect","replicate4","wisp",50,0.0315802097320557,422.765319108963,25.9771552085876,1.73013639450073
1.29304718875502,0,"FSE","Pvalb","wisp",50,0.0289065837860107,439.160111427307,22.1827802658081,1.76004147529602
0,1,"FSE","Slc17a7","wisp",50,0.0298852920532227,427.017245531082,28.7798230648041,1.70368719100952
0.506804997768853,0,"FSE","Tac2","wisp",50,0.0346510410308838,423.745444536209,30.480721950531,1.68005108833313
0.0691951479386936,1,"FSE","Vip","wisp",50,0.0336208343505859,457.350196123123,29.9804899692535,1.70068073272705
0.901724451882604,0,"SVG","Pvalb","ELLA",50,0.0338809490203857,436.45938372612,22.8680624961853,1.66281175613403
0.891906872836148,1,"SVG","Slc17a7","ELLA",50,0.034174919128418,440.511873960495,28.8962671756744,1.64716815948486
0.83654026951236,0,"SVG","Tac2","ELLA",50,0.0303421020507812,427.628512382507,22.2104892730713,1.71368527412415
2.20003320328122e-06,1,"SVG","Vip","ELLA",50,0.0332088470458984,344.416242599487,30.4543399810791,1.69739413261414
0.817032109105767,0,"rate_effect","Slc17a7","DESeq2",50,0.0305843353271484,431.98536658287,24.406289100647,1.68058586120605
-0.674195723048669,0.338258783100173,"rate_effect","Pvalb","DESeq2",50,0.0328588485717773,449.26571059227,33.3354132175446,1.73019027709961
-0.649165128670848,0,"rate_effect","Tac2","DESeq2",50,0.0297694206237793,439.159985542297,26.3205349445343,1.71449494361877
0.645769037171634,0.295399102382362,"rate_effect","Vip","DESeq2",50,0.0305607318878174,428.652082204819,30.6755955219269,1.88950419425964
0,0,"FSE","Slc17a7","DESeq2",50,0.0316033363342285,445.094449043274,42.2195236682892,1.67439436912537
0,1,"FSE","Pvalb","DESeq2",50,0.0265688896179199,435.233200311661,26.1416709423065,1.71018147468567
4.95658286647868e-275,0,"FSE","Tac2","DESeq2",50,0.0327644348144531,439.456162452698,26.0999274253845,1.78638219833374
0,1,"FSE","Vip","DESeq2",50,0.0307676792144775,437.681057214737,27.9302146434784,1.65710139274597
0.0186919607294628,0,"rate_effect","Pvalb","wisp",51,0.0290651321411133,427.405111312866,22.3053696155548,1.72048687934875
-0.308955891224346,0,"rate_effect","Slc17a7","wisp",51,0.0320477485656738,433.640318632126,29.350049495697,1.72802352905273
-0.288840985981833,0,"rate_effect","Tac2","wisp",51,0.0298590660095215,448.810079097748,25.333607673645,1.71256875991821
-0.0415309685756565,0,"rate_effect","Vip","wisp",51,0.0316283702850342,455.552742004395,29.5427038669586,1.7094087600708
0.39665170603125,0.488804379710928,"random_effect","replicate1","wisp",51,0.0333898067474365,440.108868360519,23.9051141738892,1.67539310455322
-0.468826883119971,-0.366047609830275,"random_effect","replicate2","wisp",51,0.0299966335296631,419.217404127121,32.1976454257965,1.70710897445679
0.147651635561716,-0.023245916236192,"random_effect","replicate3","wisp",51,0.0458025932312012,433.931190729141,28.3724331855774,1.67933249473572
-0.0182932042297603,-0.0975819320883602,"random_effect","replicate4","wisp",51,0.0300023555755615,429.552792310715,29.0982015132904,1.65337753295898
1.09434315684316,0,"FSE","Pvalb","wisp",51,0.0322961807250977,435.765223503113,31.6087048053741,1.71501207351685
0.00419580419580421,0,"FSE","Slc17a7","wisp",51,0.0341274738311768,417.889683008194,28.9951059818268,1.70399403572083
0.467088467088467,0,"FSE","Tac2","wisp",51,0.0294394493103027,453.733312368393,25.2916481494904,1.77246928215027
1.11648351648352,0,"FSE","Vip","wisp",51,0.0308578014373779,468.61527967453,25.4667437076569,1.71070170402527
0.882470146896454,1,"SVG","Pvalb","ELLA",51,0.820080041885376,436.097178220749,26.8479788303375,1.66347169876099
0.863988345112559,1,"SVG","Slc17a7","ELLA",51,0.0320253372192383,431.81830573082,30.8184201717377,1.66999959945679
7.33336103786453e-07,1,"SVG","Tac2","ELLA",51,0.0323450565338135,407.469310998917,23.6902546882629,1.6712794303894
0.904164025176514,0,"SVG","Vip","ELLA",51,0.0303232669830322,458.878425359726,29.6515972614288,1.6605019569397
-9.40161887288285e-05,0,"rate_effect","Slc17a7","DESeq2",51,0.0322065353393555,419.259837388992,28.8181869983673,1.6933798789978
4.98411509165408e-05,0,"rate_effect","Pvalb","DESeq2",51,0.0321733951568604,430.462215185165,29.7094798088074,1.70585680007935
-2.38476337693215e-05,0,"rate_effect","Tac2","DESeq2",51,0.0398569107055664,434.449024200439,32.2220323085785,1.69411945343018
-1.44207514441025e-05,0,"rate_effect","Vip","DESeq2",51,0.0285923480987549,429.197801351547,26.8881816864014,1.82680439949036
0.796883566663529,0,"FSE","Slc17a7","DESeq2",51,0.0303695201873779,462.501043796539,27.2750470638275,1.7259795665741
0.796883566663529,0,"FSE","Pvalb","DESeq2",51,0.0310995578765869,422.670966625214,21.7350451946259,1.75525784492493
0.796883566663529,0,"FSE","Tac2","DESeq2",51,0.0324530601501465,428.048925638199,30.4400534629822,1.65608763694763
0.796883566663529,0,"FSE","Vip","DESeq2",51,0.80547022819519,440.463515520096,28.439962387085,1.65983462333679
-0.0206824300544923,0,"rate_effect","Pvalb","wisp",52,0.0333585739135742,445.77917599678,26.5162720680237,1.65799617767334
0.0277264935865278,0,"rate_effect","Slc17a7","wisp",52,0.834730386734009,404.486200332642,22.7781071662903,1.70609188079834
-0.0324690823483335,0,"rate_effect","Tac2","wisp",52,0.0285840034484863,414.615249633789,23.4158487319946,1.73908114433289
-0.0679018853242676,0,"rate_effect","Vip","wisp",52,0.0306859016418457,433.938928842545,33.8327622413635,1.7237377166748
0.45615954256279,-0.170416462235153,"random_effect","replicate1","wisp",52,0.0308890342712402,422.670696020126,25.4336326122284,1.66652059555054
-0.416684569498364,-0.444775827229023,"random_effect","replicate2","wisp",52,0.0306036472320557,419.418052911758,25.2467229366302,1.70362830162048
-0.68704068463367,-0.488387182122096,"random_effect","replicate3","wisp",52,0.0317995548248291,461.469823598862,32.3803489208221,1.67511296272278
0.609670562696553,0.194172975374386,"random_effect","replicate4","wisp",52,0.0344686508178711,434.89457821846,27.1384015083313,1.70538330078125
1.57242757242757,0,"FSE","Pvalb","wisp",52,0.0282166004180908,443.423809051514,32.3087086677551,1.67403841018677
1.52775224775225,0,"FSE","Slc17a7","wisp",52,0.0308902263641357,431.944690704346,30.5837070941925,1.7223334312439
1.48390498390498,0,"FSE","Tac2","wisp",52,0.0291938781738281,425.225584983826,23.5495102405548,1.67557716369629
1.27644577644578,0,"FSE","Vip","wisp",52,0.0274803638458252,449.36609172821,29.871399641037,1.7144455909729
0.83677732637032,0,"SVG","Pvalb","ELLA",52,0.0323798656463623,397.502710580826,26.9996373653412,1.68184280395508
0.969723599588295,0,"SVG","Slc17a7","ELLA",52,0.0408256053924561,431.450164318085,30.4177463054657,1.70918226242065
0.895473909589922,0,"SVG","Tac2","ELLA",52,0.0313534736633301,438.536264657974,29.9569611549377,1.84068560600281
0.921702138712589,1,"SVG","Vip","ELLA",52,0.0400087833404541,433.042570114136,30.6304001808167,1.66168165206909
0.000272780537501444,0,"rate_effect","Slc17a7","DESeq2",52,0.817047119140625,430.118763923645,24.3502914905548,1.6999716758728
1.79497620029586e-05,0,"rate_effect","Pvalb","DESeq2",52,0.0297436714172363,437.071761846542,23.595419883728,1.64554500579834
-1.38252699889148e-05,0,"rate_effect","Tac2","DESeq2",52,0.032271146774292,436.101019144058,24.8949110507965,1.70548939704895
-4.10386153027897e-05,0,"rate_effect","Vip","DESeq2",52,0.0315263271331787,432.288017749786,30.956157207489,1.69679665565491
0.652861089238076,0,"FSE","Slc17a7","DESeq2",52,0.0336310863494873,437.491618871689,23.7585678100586,1.71569228172302
0.652861089238076,0,"FSE","Pvalb","DESeq2",52,1.60711026191711,421.640034914017,25.7011733055115,1.6941704750061
0.652861089238076,0,"FSE","Tac2","DESeq2",52,0.0332968235015869,424.412275791168,31.337925195694,1.72009944915771
0.809758748365545,0,"FSE","Vip","DESeq2",52,0.0317978858947754,432.436423778534,26.7529740333557,1.69773530960083
0.108153296198605,0,"rate_effect","Pvalb","wisp",53,0.0310676097869873,423.374612569809,30.5652163028717,1.68888401985168
0.0100569610738212,0,"rate_effect","Slc17a7","wisp",53,0.0288574695587158,432.843449831009,27.3957550525665,1.6828761100769
0.816881583213776,0.411022696411237,"rate_effect","Tac2","wisp",53,0.0459022521972656,226.993104219437,24.1935837268829,1.51726198196411
0.475319776851478,0,"rate_effect","Vip","wisp",53,0.0322229862213135,331.06693983078,30.7433168888092,1.6044819355011
-0.197163987110303,0.0119443284347653,"random_effect","replicate1","wisp",53,0.0333068370819092,374.853465080261,21.7227132320404,1.55030393600464
0.128913884473869,0.24662891891785,"random_effect","replicate2","wisp",53,0.0307085514068604,384.058814287186,22.0142612457275,1.6028254032135
-0.101266833236957,0.115038454998285,"random_effect","replicate3","wisp",53,0.0302438735961914,391.767779111862,25.2758643627167,1.53045392036438
0.115281675801021,0.228718530153856,"random_effect","replicate4","wisp",53,0.0305290222167969,388.461657047272,23.9431219100952,1.55912685394287
1.35096903096903,0,"FSE","Pvalb","wisp",53,0.0326883792877197,384.937769889832,29.8561155796051,1.56570911407471
1.03349711512977,0,"FSE","Slc17a7","wisp",53,0.026921272277832,389.509970188141,21.9643669128418,1.66833257675171
0.714785214785215,1,"FSE","Tac2","wisp",53,0.0267267227172852,388.007637023926,30.0672695636749,1.57240080833435
0.510683760683761,0,"FSE","Vip","wisp",53,0.0300586223602295,418.203063964844,30.2898714542389,1.61718273162842
0.953187734647844,1,"SVG","Pvalb","ELLA",53,0.0290942192077637,406.942582845688,31.5599641799927,1.58856463432312
0.854552717470893,0,"SVG","Slc17a7","ELLA",53,0.0287714004516602,429.646015167236,26.2195875644684,1.60668730735779
2.20003314138628e-06,1,"SVG","Tac2","ELLA",53,0.0317835807800293,341.669018268585,26.9653091430664,1.54579663276672
9.88698836912327e-07,1,"SVG","Vip","ELLA",53,0.0308656692504883,410.980796337128,26.0913398265839,1.58828997612
-0.0109688688452209,0,"rate_effect","Slc17a7","DESeq2",53,0.0299198627471924,381.337107896805,27.0866591930389,1.55881309509277
-0.0238185586582573,0,"rate_effect","Pvalb","DESeq2",53,0.0317187309265137,406.580022573471,25.456356048584,2.13756680488586
1.7435195940143,0.411022696411237,"rate_effect","Tac2","DESeq2",53,0.0320427417755127,381.373903751373,26.0200519561768,1.62136936187744
0.00413677268035686,0,"rate_effect","Vip","DESeq2",53,0.0314962863922119,398.525640964508,30.7137763500214,1.63695192337036
0.00258020458793267,0,"FSE","Slc17a7","DESeq2",53,0.0254049301147461,391.480886697769,26.8268549442291,1.66666102409363
0.00876502785033342,0,"FSE","Pvalb","DESeq2",53,0.0256845951080322,386.229352712631,22.1226570606232,2.23532843589783
0,1,"FSE","Tac2","DESeq2",53,0.0274255275726318,393.043655633926,26.3135740756989,1.62186360359192
0.730476510812009,0,"FSE","Vip","DESeq2",53,0.0314497947692871,399.737291574478,27.4356372356415,1.54793643951416
0.0561255311676884,0,"rate_effect","Pvalb","wisp",54,0.0278842449188232,407.994123220444,30.0831542015076,1.70397877693176
-0.121875034018449,0.0326219263952225,"rate_effect","Slc17a7","wisp",54,0.0312459468841553,454.349458694458,27.4588553905487,1.65162825584412
0.0997838937035768,0,"rate_effect","Tac2","wisp",54,0.0302815437316895,416.451984167099,27.4706983566284,1.66848421096802
-0.0266333676263238,0,"rate_effect","Vip","wisp",54,0.030287504196167,445.160679101944,26.9797604084015,1.6416482925415
0.410016829409966,0.349945710971951,"random_effect","replicate1","wisp",54,0.0270621776580811,418.129014253616,28.2524511814117,1.66839957237244
-0.229591343100978,-0.236742570297793,"random_effect","replicate2","wisp",54,0.025137186050415,427.151807546616,30.0656287670135,1.72059488296509
0.179272188332633,-0.109364284668118,"random_effect","replicate3","wisp",54,0.0248410701751709,419.83846116066,32.9552249908447,1.71002101898193
-0.413020316747709,-0.36922759260051,"random_effect","replicate4","wisp",54,0.031097412109375,420.148341417313,25.3059678077698,1.70672941207886
0.484944444444445,0,"FSE","Pvalb","wisp",54,0.0304763317108154,422.099095344543,27.7931344509125,1.73184728622437
0.540888888888889,1,"FSE","Slc17a7","wisp",54,0.0281741619110107,436.614368438721,25.8525140285492,1.87365055084229
0.509222222222222,0,"FSE","Tac2","wisp",54,0.031022310256958,431.403715372086,31.1884779930115,1.73899722099304
0.406020408163265,0,"FSE","Vip","wisp",54,0.0317983627319336,446.260487318039,21.985191822052,1.75307321548462
0.811942846819265,1,"SVG","Pvalb","ELLA",54,0.0358791351318359,425.043972253799,28.740198135376,1.71167206764221
0.999407000447325,1,"SVG","Slc17a7","ELLA",54,0.0326249599456787,432.28660774231,34.3577883243561,1.82336187362671
9.03809114272125e-07,1,"SVG","Tac2","ELLA",54,0.025691032409668,413.085528612137,26.3216788768768,1.68938827514648
2.20003238476929e-06,1,"SVG","Vip","ELLA",54,0.0321977138519287,431.868797302246,31.4128401279449,1.72128224372864
0.151475771377522,0,"rate_effect","Slc17a7","DESeq2",54,0.0303294658660889,427.370543956757,21.0685846805573,1.7031238079071
-0.0277340826165027,0.0326219263952225,"rate_effect","Pvalb","DESeq2",54,0.031196117401123,438.467203855515,26.1320161819458,1.84325361251831
-0.00286870547957084,0,"rate_effect","Tac2","DESeq2",54,0.0318443775177002,416.291744470596,28.2499594688416,1.83968019485474
-0.00896517784482232,0,"rate_effect","Vip","DESeq2",54,0.0282285213470459,444.577963352203,21.2990975379944,2.37900733947754
2.05607108245126e-39,0,"FSE","Slc17a7","DESeq2",54,0.029576301574707,425.557831048965,32.9004528522491,2.33510065078735
0.098357411728694,1,"FSE","Pvalb","DESeq2",54,0.0261030197143555,454.543220043182,25.3657302856445,1.65312337875366
0.856813784345672,0,"FSE","Tac2","DESeq2",54,0.030604362487793,448.491393089294,27.0592975616455,1.72818160057068
0.801190450498926,0,"FSE","Vip","DESeq2",54,0.0423741340637207,418.818164825439,24.772531747818,1.71317410469055
0.0241516303570559,0,"rate_effect","Pvalb","wisp",55,0.0336840152740479,421.485532522202,26.0124709606171,1.66458964347839
-0.0400618886237255,0,"rate_effect","Slc17a7","wisp",55,0.0301039218902588,419.07643198967,23.9351878166199,1.70808434486389
-0.0149833761701601,0,"rate_effect","Tac2","wisp",55,0.029496431350708,443.56943154335,25.7597060203552,1.6528697013855
-0.00457562237532353,0,"rate_effect","Vip","wisp",55,0.0322501659393311,423.658175468445,25.207447052002,1.70782256126404
0.54911339468809,0.362375786993653,"random_effect","replicate1","wisp",55,0.0313875675201416,427.1850502491,25.8664109706879,2.41867923736572
-0.558897088457403,-0.442368700401857,"random_effect","replicate2","wisp",55,0.0261313915252686,428.541162490845,22.9495022296906,1.70014810562134
0.461005946485548,0.0870882251765579,"random_effect","replicate3","wisp",55,0.816929817199707,433.676968336105,31.5241286754608,2.48922324180603
-0.534469332301919,-0.436123677296564,"random_effect","replicate4","wisp",55,0.0293712615966797,430.996541023254,24.3395192623138,1.70786213874817
1.69726273726274,0,"FSE","Pvalb","wisp",55,0.0294525623321533,435.360939741135,24.5862038135529,1.74760770797729
0.42046842046842,0,"FSE","Slc17a7","wisp",55,0.0314376354217529,431.56404876709,26.8166272640228,1.69978642463684
1.67854367854368,0,"FSE","Tac2","wisp",55,0.0298619270324707,443.675142288208,30.911069393158,1.68198251724243
1.01355787070073,0,"FSE","Vip","wisp",55,0.0369207859039307,443.817051887512,31.6257169246674,1.67301535606384
0.861164425948682,0,"SVG","Pvalb","ELLA",55,0.0287370681762695,425.840946435928,20.6871118545532,1.69628477096558
0.718024396998458,1,"SVG","Slc17a7","ELLA",55,0.816901922225952,418.899758338928,25.4150378704071,1.71676182746887
0.872768120559294,0,"SVG","Tac2","ELLA",55,0.0307743549346924,427.506590843201,28.1352660655975,1.71242094039917
0.979833189992632,0,"SVG","Vip","ELLA",55,0.0329976081848145,430.744173049927,26.0876758098602,1.68078994750977
-0.000396336372253606,0,"rate_effect","Slc17a7","DESeq2",55,0.0331697463989258,343.210713863373,25.4671909809113,1.68777298927307
8.05109012336116e-06,0,"rate_effect","Pvalb","DESeq2",55,0.0300967693328857,440.774281978607,23.2325868606567,2.37251234054565
1.57503148127922e-05,0,"rate_effect","Tac2","DESeq2",55,0.812228679656982,421.734682798386,24.0035390853882,1.67496418952942
-0.000200509149136654,0,"rate_effect","Vip","DESeq2",55,0.0344059467315674,414.342206716537,31.1541674137115,1.68140697479248
0.966487790583926,0,"FSE","Slc17a7","DESeq2",55,0.0330021381378174,437.451224327087,29.745246887207,1.75335311889648
0.966487790583926,0,"FSE","Pvalb","DESeq2",55,0.0306010246276855,442.808385372162,28.5078384876251,1.74131655693054
0.966487790583926,0,"FSE","Tac2","DESeq2",55,0.0322425365447998,418.705527305603,32.1499083042145,1.71031928062439
0.966487790583926,0,"FSE","Vip","DESeq2",55,0.02848219871521,418.45457649231,31.55730676651,1.6748194694519
0.399478053271671,0.178846698487177,"rate_effect","Pvalb","wisp",56,0.0327200889587402,418.613175630569,21.0245373249054,2.49808239936829
0.456440883585926,0.105200129793957,"rate_effect","Slc17a7","wisp",56,0.0323636531829834,451.664989948273,26.4137582778931,1.71981382369995
0.517638477297907,0.221510361414403,"rate_effect","Tac2","wisp",56,0.0289516448974609,431.30482840538,26.2738811969757,1.79348587989807
-0.221413438063596,-0.0574520083609968,"rate_effect","Vip","wisp",56,0.0340394973754883,424.700837850571,28.7098228931427,1.66401886940002
0.246614615751253,-0.19264442124404,"random_effect","replicate1","wisp",56,0.0275821685791016,425.654767751694,28.4632177352905,1.66555500030518
-0.774795960154266,-0.494672546628863,"random_effect","replicate2","wisp",56,0.0329325199127197,423.197243452072,33.9429748058319,1.6831533908844
0.395760125247544,0.00826976704411209,"random_effect","replicate3","wisp",56,0.0311880111694336,434.951207876205,25.2036564350128,1.74011588096619
0.521704142018847,0.45097431121394,"random_effect","replicate4","wisp",56,0.0296409130096436,440.225367546082,27.4221527576447,1.70881175994873
0.52985902985903,1,"FSE","Pvalb","wisp",56,0.817978858947754,426.278552532196,33.1131513118744,1.70468354225159
0,1,"FSE","Slc17a7","wisp",56,0.0321147441864014,422.636915206909,29.2182486057281,1.70727491378784
0.17998001998002,1,"FSE","Tac2","wisp",56,0.0328273773193359,447.521906852722,29.8023293018341,1.68975639343262
0.606920856920857,1,"FSE","Vip","wisp",56,0.0354571342468262,452.610210418701,26.6774995326996,1.70772361755371
0.839078913613838,1,"SVG","Pvalb","ELLA",56,0.0321264266967773,433.965416669846,32.878084897995,1.7208776473999
0.955014353819576,1,"SVG","Slc17a7","ELLA",56,0.0312814712524414,422.190920829773,24.4393150806427,1.70067930221558
1.10002430619982e-06,1,"SVG","Tac2","ELLA",56,0.0330197811126709,418.523633003235,25.5854187011719,1.69677972793579
0.911372883622036,1,"SVG","Vip","ELLA",56,0.034435510635376,420.346521377563,26.4988250732422,1.68244385719299
-0.1782140897681,0.178846698487177,"rate_effect","Slc17a7","DESeq2",56,0.0320837497711182,450.666950464249,31.1645810604095,1.67498111724854
0.177088041270162,0.105200129793957,"rate_effect","Pvalb","DESeq2",56,0.0363020896911621,457.17814874649,21.4324703216553,1.71121692657471
0.290601121938417,0.221510361414403,"rate_effect","Tac2","DESeq2",56,0.029810905456543,428.343622922897,28.0981600284576,1.70960855484009
-1.049779006775,-0.0574520083609968,"rate_effect","Vip","DESeq2",56,0.0300595760345459,430.763073682785,25.8358247280121,1.69846940040588
3.6989347140853e-22,1,"FSE","Slc17a7","DESeq2",56,0.0283267498016357,397.332173585892,18.7034997940063,1.69594931602478
4.21061788572155e-12,1,"FSE","Pvalb","DESeq2",56,0.0276176929473877,442.712224245071,28.8775310516357,1.6610062122345
2.79233622793669e-21,1,"FSE","Tac2","DESeq2",56,0.0308253765106201,427.544069766998,28.7976498603821,1.63383769989014
9.84251287691476e-248,1,"FSE","Vip","DESeq2",56,0.809355020523071,410.579885721207,29.0670175552368,1.86269569396973
0.0147456731159713,-0.353036849061027,"rate_effect","Pvalb","wisp",57,0.0337629318237305,423.401099443436,29.6546030044556,1.68249821662903
0.234005292007562,0,"rate_effect","Slc17a7","wisp",57,0.0272953510284424,422.697418212891,28.5365047454834,1.725830078125
-0.00545548298166891,0,"rate_effect","Tac2","wisp",57,0.029818058013916,439.7497215271,28.5780348777771,1.66135263442993
0.0261174195600736,0,"rate_effect","Vip","wisp",57,0.0316903591156006,433.967046022415,28.9943070411682,1.69037532806396
-0.0966687695983141,0.0441851895302534,"random_effect","replicate1","wisp",57,0.0298211574554443,431.580412626266,25.7868802547455,1.6839165687561
0.198996527040413,0.207924623275176,"random_effect","replicate2","wisp",57,0.030144214630127,421.375997781754,24.3016586303711,1.71349835395813
-0.276570827364017,-0.0919740011449903,"random_effect","replicate3","wisp",57,0.807829141616821,465.29434800148,29.0233175754547,1.72194504737854
0.196408903059716,0.238683789968491,"random_effect","replicate4","wisp",57,0.0383744239807129,429.53732085228,28.4468386173248,1.68207979202271
2.11932511932512,1,"FSE","Pvalb","wisp",57,0.0290732383728027,429.263690233231,27.6097779273987,1.72484445571899
1.26770451770452,0,"FSE","Slc17a7","wisp",57,0.0312666893005371,437.413307189941,27.8502190113068,1.60901474952698
1.4486901986902,0,"FSE","Tac2","wisp",57,0.805010795593262,426.455203294754,26.4656774997711,1.70355725288391
1.5633550123346,0,"FSE","Vip","wisp",57,0.0289487838745117,436.127036333084,28.2870264053345,1.67139077186584
0.92903332561904,0,"SVG","Pvalb","ELLA",57,0.03226637840271,420.098921537399,31.8938703536987,1.69554042816162
0.931024382483922,1,"SVG","Slc17a7","ELLA",57,0.032975435256958,438.165823221207,30.2825698852539,1.69946098327637
0.764745997224924,0,"SVG","Tac2","ELLA",57,0.0294399261474609,422.019849300385,30.9425678253174,1.66973900794983
0.897729965245561,0,"SVG","Vip","ELLA",57,0.0314321517944336,431.475331306458,22.7149419784546,1.67200517654419
-0.0115386982976057,-0.353036849061027,"rate_effect","Slc17a7","DESeq2",57,0.0310087203979492,456.257085084915,32.455356836319,1.71188235282898
0.000222855038171566,0,"rate_effect","Pvalb","DESeq2",57,0.0314266681671143,415.877539396286,24.0265824794769,1.67043447494507
0.000135698064721317,0,"rate_effect","Tac2","DESeq2",57,0.0294971466064453,416.692481517792,28.3475487232208,1.67638111114502
-4.54817458272827e-05,0,"rate_effect","Vip","DESeq2",57,0.0342004299163818,336.719402313232,26.6872763633728,1.68443870544434
0.00120918635593049,1,"FSE","Slc17a7","DESeq2",57,0.0316140651702881,440.845675230026,27.6376297473907,1.67763209342957
0.658832301299293,0,"FSE","Pvalb","DESeq2",57,0.0327372550964355,439.942652225494,29.3641135692596,1.70473194122314
0.396555017994939,0,"FSE","Tac2","DESeq2",57,0.0318393707275391,427.237243175507,26.6134941577911,1.71749186515808
0.658832301299293,0,"FSE","Vip","DESeq2",57,0.0313699245452881,439.644544839859,28.5925753116608,1.69865012168884
-0.0128757552107522,0,"rate_effect","Pvalb","wisp",58,0.0302164554595947,430.495224475861,30.2653694152832,1.85662579536438
-0.13988301675988,0,"rate_effect","Slc17a7","wisp",58,0.0278749465942383,433.838924407959,19.8628737926483,1.78214120864868
-0.19215171332242,0,"rate_effect","Tac2","wisp",58,0.0278384685516357,430.360751152039,22.3971903324127,1.76852321624756
-0.144703291115051,0,"rate_effect","Vip","wisp",58,0.0297048091888428,444.295955896378,24.0693807601929,1.65312027931213
0.162220732805509,0.490131106926128,"random_effect","replicate1","wisp",58,0.0325343608856201,439.585692644119,22.7576236724854,1.69080781936646
0.160835199538132,0.480550691019744,"random_effect","replicate2","wisp",58,0.0392982959747314,440.06645655632,24.0361716747284,1.71503973007202
-0.297776140712869,0.00481524388305843,"random_effect","replicate3","wisp",58,0.029843807220459,437.265570402145,32.5572719573975,1.693115234375
0.112655739776799,0.437330023385584,"random_effect","replicate4","wisp",58,0.0291032791137695,439.432435512543,28.7472431659698,1.66761207580566
0.632897714530368,0,"FSE","Pvalb","wisp",58,0.0333409309387207,453.339238643646,31.4272742271423,1.68288779258728
0.41018981018981,0,"FSE","Slc17a7","wisp",58,0.0347957611083984,417.253128051758,31.6567099094391,1.64820694923401
0.968219280719281,0,"FSE","Tac2","wisp",58,0.0314128398895264,437.256318807602,26.5088288784027,1.63021802902222
0.753080253080253,0,"FSE","Vip","wisp",58,0.0340812206268311,430.002932310104,29.5874364376068,1.69731545448303
0.845920861561081,1,"SVG","Pvalb","ELLA",58,0.0293447971343994,435.143224954605,28.5866005420685,1.70678520202637
0.873475607721308,1,"SVG","Slc17a7","ELLA",58,0.0311143398284912,445.551970005035,28.4414129257202,1.71600365638733
5.50001291010904e-07,1,"SVG","Tac2","ELLA",58,0.0289325714111328,403.162273168564,26.9035997390747,1.71544790267944
3.66667118834041e-07,1,"SVG","Vip","ELLA",58,0.0286831855773926,430.203703165054,26.6837778091431,1.66840791702271
0.00959545922788309,0,"rate_effect","Slc17a7","DESeq2",58,1.57948327064514,437.185100317001,27.2536680698395,1.667564868927
0.0577880262509088,0,"rate_effect","Pvalb","DESeq2",58,0.034404993057251,445.910422801971,27.2072422504425,1.68012309074402
-0.0313904925336914,0,"rate_effect","Tac2","DESeq2",58,0.0283098220825195,453.391103506088,26.5794351100922,1.68018746376038
-0.0175913857227303,0,"rate_effect","Vip","DESeq2",58,0.801506280899048,419.876414775848,24.7873849868774,1.75839638710022
0.0183521113972244,0,"FSE","Slc17a7","DESeq2",58,0.0307512283325195,428.397931814194,25.2241079807281,1.7059383392334
2.18946889521182e-12,0,"FSE","Pvalb","DESeq2",58,0.0340209007263184,436.847017526627,28.057745218277,1.85157752037048
0.00699860141519339,0,"FSE","Tac2","DESeq2",58,0.0325219631195068,418.58698797226,21.6276752948761,1.68365335464478
0.053030640372385,0,"FSE","Vip","DESeq2",58,0.029606819152832,451.323617219925,28.6904950141907,1.68021440505981
-0.0247116182187315,0,"rate_effect","Pvalb","wisp",59,0.0282809734344482,451.912832021713,22.7493710517883,1.72066164016724
-0.00361967699599714,-0.480621247319505,"rate_effect","Slc17a7","wisp",59,0.801509857177734,422.313986063004,26.464081287384,1.70801472663879
0.00328318992433707,0,"rate_effect","Tac2","wisp",59,0.035719633102417,420.760576486588,28.6639797687531,1.73553800582886
-0.0798790842275291,0,"rate_effect","Vip","wisp",59,0.0332770347595215,423.522397279739,32.0795929431915,1.68319892883301
0.506675471463499,0.0614380659535527,"random_effect","replicate1","wisp",59,0.0316963195800781,452.135765552521,27.33478307724,1.69501924514771
-0.495910418565003,-0.44448464573361,"random_effect","replicate2","wisp",59,0.0274889469146729,429.882750511169,29.0840692520142,2.21656131744385
0.407595416680865,-0.146101854974404,"random_effect","replicate3","wisp",59,0.0337462425231934,456.47945690155,29.6877138614655,1.71448874473572
-0.457694068885751,-0.43623685115017,"random_effect","replicate4","wisp",59,0.0293803215026855,422.508548974991,28.0290486812592,1.72083115577698
1.15841970529471,0,"FSE","Pvalb","wisp",59,0.0302333831787109,425.557153701782,25.630185842514,1.71045875549316
1.77003552003552,1,"FSE","Slc17a7","wisp",59,0.0314383506774902,456.831465482712,28.0305428504944,1.73749208450317
1.31388611388611,0,"FSE","Tac2","wisp",59,0.0300333499908447,420.228207826614,25.318615436554,1.76744961738586
0.967657342657342,0,"FSE","Vip","wisp",59,0.029646635055542,425.508758306503,32.9703578948975,1.67997980117798
0.842073940038719,0,"SVG","Pvalb","ELLA",59,0.795555591583252,424.274295568466,28.6420726776123,1.70204496383667
0.871321193829141,0,"SVG","Slc17a7","ELLA",59,0.0330798625946045,427.26707816124,18.6909942626953,1.63834738731384
0.946913570932053,0,"SVG","Tac2","ELLA",59,0.0290913581848145,427.728501081467,29.9143071174622,1.79513120651245
2.20005066575713e-06,1,"SVG","Vip","ELLA",59,0.0293011665344238,426.269878864288,28.6204409599304,1.68565964698792
-9.41682423796474e-07,0,"rate_effect","Slc17a7","DESeq2",59,0.0388209819793701,418.660535097122,32.9334063529968,1.7362232208252
0.000105765197298997,-0.480621247319505,"rate_effect","Pvalb","DESeq2",59,0.0292532444000244,425.60621213913,21.9722917079926,1.68773722648621
0.000129307401980086,0,"rate_effect","Tac2","DESeq2",59,0.0324656963348389,443.387887001038,24.3710117340088,1.69161748886108
-1.99800838631958e-05,0,"rate_effect","Vip","DESeq2",59,0.0302588939666748,439.416900157928,23.9184587001801,1.70590662956238
0.895636263738126,0,"FSE","Slc17a7","DESeq2",59,0.0327942371368408,438.957689762115,27.6632163524628,1.71968770027161
0.895636263738126,1,"FSE","Pvalb","DESeq2",59,0.0285742282867432,421.09440946579,29.6664223670959,1.71637344360352
0.895636263738126,0,"FSE","Tac2","DESeq2",59,0.0321705341339111,433.779055833817,24.2364208698273,1.66416764259338
0.895636263738126,0,"FSE","Vip","DESeq2",59,0.0324299335479736,441.995455741882,30.9328153133392,1.71126890182495
-0.0499193060085604,0,"rate_effect","Pvalb","wisp",60,0.029210090637207,439.464953899384,34.3297638893127,1.69986629486084
0.039945636463628,0.0185442180372775,"rate_effect","Slc17a7","wisp",60,0.0426244735717773,437.597018718719,24.8363919258118,1.68951106071472
0.30563123439396,0,"rate_effect","Tac2","wisp",60,0.0324771404266357,425.207281112671,34.9626548290253,1.69158744812012
-1.83313963096216,-0.453886436065659,"rate_effect","Vip","wisp",60,0.0298991203308105,418.647297859192,25.208455324173,1.70028805732727
-0.0357151829080243,-0.343761866446584,"random_effect","replicate1","wisp",60,0.0298573970794678,427.855692625046,21.8786227703094,1.69300127029419
0.0146992414488174,0.0236423944588751,"random_effect","replicate2","wisp",60,0.0312502384185791,432.517842054367,28.3129653930664,1.68675136566162
0.0141159286999066,-0.245181622682139,"random_effect","replicate3","wisp",60,0.0320358276367188,411.424299955368,27.6908824443817,1.68193197250366
0.0925205829279809,-0.0738065347541124,"random_effect","replicate4","wisp",60,0.0310063362121582,427.761325597763,29.3594481945038,1.68344497680664
1.66902485269832,0,"FSE","Pvalb","wisp",60,0.0334844589233398,428.166197538376,26.1797046661377,1.7228901386261
1.70933066933067,1,"FSE","Slc17a7","wisp",60,0.0315742492675781,434.415714979172,25.5722579956055,1.75341796875
1.32074175824176,0,"FSE","Tac2","wisp",60,0.0306034088134766,423.648044109344,28.6630384922028,2.33507633209229
0.306204000081551,1,"FSE","Vip","wisp",60,0.0319352149963379,457.630842685699,30.2729852199554,1.71965885162354
0.901410338403897,0,"SVG","Pvalb","ELLA",60,0.0309898853302002,427.793577194214,24.6332676410675,1.78945779800415
0.933953124702334,1,"SVG","Slc17a7","ELLA",60,0.0248186588287354,427.134085416794,20.8497416973114,1.70171666145325
2.20001990181018e-06,1,"SVG","Tac2","ELLA",60,0.0303020477294922,449.407165288925,26.851879119873,1.69535422325134
0.843854904738532,1,"SVG","Vip","ELLA",60,0.0301089286804199,428.247339248657,29.8079919815063,1.66396045684814
0.125266633175972,0,"rate_effect","Slc17a7","DESeq2",60,0.0322089195251465,408.884809732437,26.4115223884583,1.72398972511292
0.00799833765395401,0.0185442180372775,"rate_effect","Pvalb","DESeq2",60,0.0315802097320557,422.765319108963,25.9771552085876,1.73013639450073
-0.00685057959518826,0,"rate_effect","Tac2","DESeq2",60,0.0289065837860107,439.160111427307,22.1827802658081,1.76004147529602
-6.63333478896126,-0.453886436065659,"rate_effect","Vip","DESeq2",60,0.0298852920532227,427.017245531082,28.7798230648041,1.70368719100952
4.82400145760118e-57,0,"FSE","Slc17a7","DESeq2",60,0.0346510410308838,423.745444536209,30.480721950531,1.68005108833313
0.71457906433921,1,"FSE","Pvalb","DESeq2",60,0.0336208343505859,457.350196123123,29.9804899692535,1.70068073272705
0.71457906433921,0,"FSE","Tac2","DESeq2",60,0.0338809490203857,436.45938372612,22.8680624961853,1.66281175613403
0,1,"FSE","Vip","DESeq2",60,0.034174919128418,440.511873960495,28.8962671756744,1.64716815948486
-0.33492401324105,-0.101520511321723,"rate_effect","Pvalb","wisp",61,0.0303421020507812,427.628512382507,22.2104892730713,1.71368527412415
0.578429314508893,0.187716213753447,"rate_effect","Slc17a7","wisp",61,0.0332088470458984,344.416242599487,30.4543399810791,1.69739413261414
-2.0041955402374,-0.461823320249096,"rate_effect","Tac2","wisp",61,0.0305843353271484,431.98536658287,24.406289100647,1.68058586120605
-0.135565431339521,0,"rate_effect","Vip","wisp",61,0.0328588485717773,449.26571059227,33.3354132175446,1.73019027709961
-0.567682198113937,-0.426320324186236,"random_effect","replicate1","wisp",61,0.0297694206237793,439.159985542297,26.3205349445343,1.71449494361877
0.367096361109529,0.376099003013223,"random_effect","replicate2","wisp",61,0.0305607318878174,428.652082204819,30.6755955219269,1.88950419425964
0.297944660719523,0.186634344514459,"random_effect","replicate3","wisp",61,0.0316033363342285,445.094449043274,42.2195236682892,1.67439436912537
0.169034343142322,0.0257236389443278,"random_effect","replicate4","wisp",61,0.0265688896179199,435.233200311661,26.1416709423065,1.71018147468567
0.32273976023976,1,"FSE","Pvalb","wisp",61,0.0327644348144531,439.456162452698,26.0999274253845,1.78638219833374
0.0179820179820181,1,"FSE","Slc17a7","wisp",61,0.0307676792144775,437.681057214737,27.9302146434784,1.65710139274597
0.034090909090909,1,"FSE","Tac2","wisp",61,0.0290651321411133,427.405111312866,22.3053696155548,1.72048687934875
0.128055617851536,0,"FSE","Vip","wisp",61,0.0320477485656738,433.640318632126,29.350049495697,1.72802352905273
0.868150990047883,1,"SVG","Pvalb","ELLA",61,0.0298590660095215,448.810079097748,25.333607673645,1.71256875991821
0.965494725145408,1,"SVG","Slc17a7","ELLA",61,0.0316283702850342,455.552742004395,29.5427038669586,1.7094087600708
1.10000847119984e-06,1,"SVG","Tac2","ELLA",61,0.0333898067474365,440.108868360519,23.9051141738892,1.67539310455322
0.812110995078501,1,"SVG","Vip","ELLA",61,0.0299966335296631,419.217404127121,32.1976454257965,1.70710897445679
1.23526372182132,-0.101520511321723,"rate_effect","Slc17a7","DESeq2",61,0.0458025932312012,433.931190729141,28.3724331855774,1.67933249473572
-0.324961101760899,0.187716213753447,"rate_effect","Pvalb","DESeq2",61,0.0300023555755615,429.552792310715,29.0982015132904,1.65337753295898
-6.88494591732679,-0.461823320249096,"rate_effect","Tac2","DESeq2",61,0.0322961807250977,435.765223503113,31.6087048053741,1.71501207351685
0.324603400249921,0,"rate_effect","Vip","DESeq2",61,0.0341274738311768,417.889683008194,28.9951059818268,1.70399403572083
0,1,"FSE","Slc17a7","DESeq2",61,0.0294394493103027,453.733312368393,25.2916481494904,1.77246928215027
1.79298888107666e-141,1,"FSE","Pvalb","DESeq2",61,0.0308578014373779,468.61527967453,25.4667437076569,1.71070170402527
0,1,"FSE","Tac2","DESeq2",61,0.820080041885376,436.097178220749,26.8479788303375,1.66347169876099
5.91274697225241e-102,0,"FSE","Vip","DESeq2",61,0.0320253372192383,431.81830573082,30.8184201717377,1.66999959945679
-0.145210511484337,0,"rate_effect","Pvalb","wisp",62,0.0323450565338135,407.469310998917,23.6902546882629,1.6712794303894
-0.565016398367493,0,"rate_effect","Slc17a7","wisp",62,0.0303232669830322,458.878425359726,29.6515972614288,1.6605019569397
-0.215479836187864,0,"rate_effect","Tac2","wisp",62,0.0322065353393555,419.259837388992,28.8181869983673,1.6933798789978
0.0803778143300475,0,"rate_effect","Vip","wisp",62,0.0321733951568604,430.462215185165,29.7094798088074,1.70585680007935
-0.0867971678127238,-0.184653198113665,"random_effect","replicate1","wisp",62,0.0398569107055664,434.449024200439,32.2220323085785,1.69411945343018
0.209931743149125,-0.0847256723791361,"random_effect","replicate2","wisp",62,0.0285923480987549,429.197801351547,26.8881816864014,1.82680439949036
0.42381768452821,0.329136092914268,"random_effect","replicate3","wisp",62,0.0303695201873779,462.501043796539,27.2750470638275,1.7259795665741
-0.49569564364106,-0.414774827193469,"random_effect","replicate4","wisp",62,0.0310995578765869,422.670966625214,21.7350451946259,1.75525784492493
0.779588766298897,0,"FSE","Pvalb","wisp",62,0.0324530601501465,428.048925638199,30.4400534629822,1.65608763694763
0.287863590772317,0,"FSE","Slc17a7","wisp",62,0.80547022819519,440.463515520096,28.439962387085,1.65983462333679
0.417743024993347,0,"FSE","Tac2","wisp",62,0.0333585739135742,445.77917599678,26.5162720680237,1.65799617767334
0.643618355065196,0,"FSE","Vip","wisp",62,0.834730386734009,404.486200332642,22.7781071662903,1.70609188079834
0.828484700076373,1,"SVG","Pvalb","ELLA",62,0.0285840034484863,414.615249633789,23.4158487319946,1.73908114433289
0.862501232690413,1,"SVG","Slc17a7","ELLA",62,0.0306859016418457,433.938928842545,33.8327622413635,1.7237377166748
7.33362755800382e-07,1,"SVG","Tac2","ELLA",62,0.0308890342712402,422.670696020126,25.4336326122284,1.66652059555054
1.100015602995e-06,1,"SVG","Vip","ELLA",62,0.0306036472320557,419.418052911758,25.2467229366302,1.70362830162048
4.8630702701781e-05,0,"rate_effect","Slc17a7","DESeq2",62,0.0317995548248291,461.469823598862,32.3803489208221,1.67511296272278
5.19868813519634e-05,0,"rate_effect","Pvalb","DESeq2",62,0.0344686508178711,434.89457821846,27.1384015083313,1.70538330078125
-0.00012437824455669,0,"rate_effect","Tac2","DESeq2",62,0.0282166004180908,443.423809051514,32.3087086677551,1.67403841018677
2.70890347131943e-05,0,"rate_effect","Vip","DESeq2",62,0.0308902263641357,431.944690704346,30.5837070941925,1.7223334312439
0.707740896857418,0,"FSE","Slc17a7","DESeq2",62,0.0291938781738281,425.225584983826,23.5495102405548,1.67557716369629
0.890740006052777,0,"FSE","Pvalb","DESeq2",62,0.0274803638458252,449.36609172821,29.871399641037,1.7144455909729
0.369733330510979,0,"FSE","Tac2","DESeq2",62,0.0323798656463623,397.502710580826,26.9996373653412,1.68184280395508
0.707740896857418,0,"FSE","Vip","DESeq2",62,0.0408256053924561,431.450164318085,30.4177463054657,1.70918226242065
-0.0297321489232741,0,"rate_effect","Pvalb","wisp",63,0.0313534736633301,438.536264657974,29.9569611549377,1.84068560600281
1.23019790610075,0.419408857589588,"rate_effect","Slc17a7","wisp",63,0.0400087833404541,433.042570114136,30.6304001808167,1.66168165206909
0.698088522114459,0.192620449932292,"rate_effect","Tac2","wisp",63,0.817047119140625,430.118763923645,24.3502914905548,1.6999716758728
-1.8550516920695,-0.386098095681518,"rate_effect","Vip","wisp",63,0.0297436714172363,437.071761846542,23.595419883728,1.64554500579834
0.0419635770493187,-0.302589831873775,"random_effect","replicate1","wisp",63,0.032271146774292,436.101019144058,24.8949110507965,1.70548939704895
-0.0165324295638129,-0.340054496191442,"random_effect","replicate2","wisp",63,0.0315263271331787,432.288017749786,30.956157207489,1.69679665565491
0.0294430715846829,0.364903867710382,"random_effect","replicate3","wisp",63,0.0336310863494873,437.491618871689,23.7585678100586,1.71569228172302
0.0372787268715911,0.0932582388631999,"random_effect","replicate4","wisp",63,1.60711026191711,421.640034914017,25.7011733055115,1.6941704750061
1.14522977022977,0,"FSE","Pvalb","wisp",63,0.0332968235015869,424.412275791168,31.337925195694,1.72009944915771
0,1,"FSE","Slc17a7","wisp",63,0.0317978858947754,432.436423778534,26.7529740333557,1.69773530960083
0.000959040959040927,1,"FSE","Tac2","wisp",63,0.0310676097869873,423.374612569809,30.5652163028717,1.68888401985168
0,1,"FSE","Vip","wisp",63,0.0288574695587158,432.843449831009,27.3957550525665,1.6828761100769
0.912218133758661,1,"SVG","Pvalb","ELLA",63,0.0459022521972656,226.993104219437,24.1935837268829,1.51726198196411
0.866298092815303,1,"SVG","Slc17a7","ELLA",63,0.0322229862213135,331.06693983078,30.7433168888092,1.6044819355011
1.09998102210129e-06,1,"SVG","Tac2","ELLA",63,0.0333068370819092,374.853465080261,21.7227132320404,1.55030393600464
7.33336229186143e-07,1,"SVG","Vip","ELLA",63,0.0307085514068604,384.058814287186,22.0142612457275,1.6028254032135
1.26794202225336,0,"rate_effect","Slc17a7","DESeq2",63,0.0302438735961914,391.767779111862,25.2758643627167,1.53045392036438
-0.448150012426633,0.419408857589588,"rate_effect","Pvalb","DESeq2",63,0.0305290222167969,388.461657047272,23.9431219100952,1.55912685394287
0.448010230111486,0.192620449932292,"rate_effect","Tac2","DESeq2",63,0.0326883792877197,384.937769889832,29.8561155796051,1.56570911407471
-4.74514790882743,-0.386098095681518,"rate_effect","Vip","DESeq2",63,0.026921272277832,389.509970188141,21.9643669128418,1.66833257675171
0,0,"FSE","Slc17a7","DESeq2",63,0.0267267227172852,388.007637023926,30.0672695636749,1.57240080833435
3.99172268845137e-197,1,"FSE","Pvalb","DESeq2",63,0.0300586223602295,418.203063964844,30.2898714542389,1.61718273162842
4.75034913791853e-134,1,"FSE","Tac2","DESeq2",63,0.0290942192077637,406.942582845688,31.5599641799927,1.58856463432312
0,1,"FSE","Vip","DESeq2",63,0.0287714004516602,429.646015167236,26.2195875644684,1.60668730735779
-0.0118719468248567,0,"rate_effect","Pvalb","wisp",64,0.0317835807800293,341.669018268585,26.9653091430664,1.54579663276672
-3.46418837562322,-0.439214810030535,"rate_effect","Slc17a7","wisp",64,0.0308656692504883,410.980796337128,26.0913398265839,1.58828997612
-0.0161476396926286,0,"rate_effect","Tac2","wisp",64,0.0299198627471924,381.337107896805,27.0866591930389,1.55881309509277
0.181607618809665,0.189422899624333,"rate_effect","Vip","wisp",64,0.0317187309265137,406.580022573471,25.456356048584,2.13756680488586
-0.351773681106271,-0.395520886406302,"random_effect","replicate1","wisp",64,0.0320427417755127,381.373903751373,26.0200519561768,1.62136936187744
0.527553677558003,0.373822303023189,"random_effect","replicate2","wisp",64,0.0314962863922119,398.525640964508,30.7137763500214,1.63695192337036
-0.318653593383723,-0.374727299204096,"random_effect","replicate3","wisp",64,0.0254049301147461,391.480886697769,26.8268549442291,1.66666102409363
-0.296506027380404,-0.362882343353704,"random_effect","replicate4","wisp",64,0.0256845951080322,386.229352712631,22.1226570606232,2.23532843589783
0.949498612512613,0,"FSE","Pvalb","wisp",64,0.0274255275726318,393.043655633926,26.3135740756989,1.62186360359192
0,1,"FSE","Slc17a7","wisp",64,0.0314497947692871,399.737291574478,27.4356372356415,1.54793643951416
1.35697275479314,0,"FSE","Tac2","wisp",64,0.0278842449188232,407.994123220444,30.0831542015076,1.70397877693176
0.121412714429869,1,"FSE","Vip","wisp",64,0.0312459468841553,454.349458694458,27.4588553905487,1.65162825584412
0.916426303201963,0,"SVG","Pvalb","ELLA",64,0.0302815437316895,416.451984167099,27.4706983566284,1.66848421096802
0.845251197648101,1,"SVG","Slc17a7","ELLA",64,0.030287504196167,445.160679101944,26.9797604084015,1.6416482925415
0.864621865251397,0,"SVG","Tac2","ELLA",64,0.0270621776580811,418.129014253616,28.2524511814117,1.66839957237244
0.791222085475584,1,"SVG","Vip","ELLA",64,0.025137186050415,427.151807546616,30.0656287670135,1.72059488296509
-6.07707645472207,0,"rate_effect","Slc17a7","DESeq2",64,0.0248410701751709,419.83846116066,32.9552249908447,1.71002101898193
-0.00326240052979553,-0.439214810030535,"rate_effect","Pvalb","DESeq2",64,0.031097412109375,420.148341417313,25.3059678077698,1.70672941207886
0.000474003856441853,0,"rate_effect","Tac2","DESeq2",64,0.0304763317108154,422.099095344543,27.7931344509125,1.73184728622437
0.922885117205392,0.189422899624333,"rate_effect","Vip","DESeq2",64,0.0281741619110107,436.614368438721,25.8525140285492,1.87365055084229
0,0,"FSE","Slc17a7","DESeq2",64,0.031022310256958,431.403715372086,31.1884779930115,1.73899722099304
0.983991807349178,1,"FSE","Pvalb","DESeq2",64,0.0317983627319336,446.260487318039,21.985191822052,1.75307321548462
0.983991807349178,0,"FSE","Tac2","DESeq2",64,0.0358791351318359,425.043972253799,28.740198135376,1.71167206764221
9.93055856520084e-282,1,"FSE","Vip","DESeq2",64,0.0326249599456787,432.28660774231,34.3577883243561,1.82336187362671
-0.00594939457800464,0,"rate_effect","Pvalb","wisp",65,0.025691032409668,413.085528612137,26.3216788768768,1.68938827514648
-0.109464322287356,0,"rate_effect","Slc17a7","wisp",65,0.0321977138519287,431.868797302246,31.4128401279449,1.72128224372864
-1.1010217978873,-0.321664690971375,"rate_effect","Tac2","wisp",65,0.0303294658660889,427.370543956757,21.0685846805573,1.7031238079071
-0.0179369120346392,0,"rate_effect","Vip","wisp",65,0.031196117401123,438.467203855515,26.1320161819458,1.84325361251831
0.499970217850061,0.327825174666941,"random_effect","replicate1","wisp",65,0.0318443775177002,416.291744470596,28.2499594688416,1.83968019485474
-0.283722494816286,-0.33572336146608,"random_effect","replicate2","wisp",65,0.0282285213470459,444.577963352203,21.2990975379944,2.37900733947754
-0.510210080620219,-0.436012977967039,"random_effect","replicate3","wisp",65,0.029576301574707,425.557831048965,32.9004528522491,2.33510065078735
0.284003537145961,-0.148764789570123,"random_effect","replicate4","wisp",65,0.0261030197143555,454.543220043182,25.3657302856445,1.65312337875366
1.18237762237762,0,"FSE","Pvalb","wisp",65,0.030604362487793,448.491393089294,27.0592975616455,1.72818160057068
1.9005439005439,0,"FSE","Slc17a7","wisp",65,0.0423741340637207,418.818164825439,24.772531747818,1.71317410469055
0,1,"FSE","Tac2","wisp",65,0.0336840152740479,421.485532522202,26.0124709606171,1.66458964347839
1.25013761748456,0,"FSE","Vip","wisp",65,0.0301039218902588,419.07643198967,23.9351878166199,1.70808434486389
0.86742626358589,0,"SVG","Pvalb","ELLA",65,0.029496431350708,443.56943154335,25.7597060203552,1.6528697013855
0.761131108163304,1,"SVG","Slc17a7","ELLA",65,0.0322501659393311,423.658175468445,25.207447052002,1.70782256126404
5.50001471366635e-07,1,"SVG","Tac2","ELLA",65,0.0313875675201416,427.1850502491,25.8664109706879,2.41867923736572
2.20014677476676e-06,0,"SVG","Vip","ELLA",65,0.0261313915252686,428.541162490845,22.9495022296906,1.70014810562134
0.0348753571441231,0,"rate_effect","Slc17a7","DESeq2",65,0.816929817199707,433.676968336105,31.5241286754608,2.48922324180603
0.0136850566132448,0,"rate_effect","Pvalb","DESeq2",65,0.0293712615966797,430.996541023254,24.3395192623138,1.70786213874817
-3.02655916984108,-0.321664690971375,"rate_effect","Tac2","DESeq2",65,0.0294525623321533,435.360939741135,24.5862038135529,1.74760770797729
0.00603352132049397,0,"rate_effect","Vip","DESeq2",65,0.0314376354217529,431.56404876709,26.8166272640228,1.69978642463684
0.00241749974547476,0,"FSE","Slc17a7","DESeq2",65,0.0298619270324707,443.675142288208,30.911069393158,1.68198251724243
0.523485870953059,0,"FSE","Pvalb","DESeq2",65,0.0369207859039307,443.817051887512,31.6257169246674,1.67301535606384
0,1,"FSE","Tac2","DESeq2",65,0.0287370681762695,425.840946435928,20.6871118545532,1.69628477096558
0.757072613506453,0,"FSE","Vip","DESeq2",65,0.816901922225952,418.899758338928,25.4150378704071,1.71676182746887
-0.201641180547316,0,"rate_effect","Pvalb","wisp",66,0.0307743549346924,427.506590843201,28.1352660655975,1.71242094039917
-0.0831844542841883,0,"rate_effect","Slc17a7","wisp",66,0.0329976081848145,430.744173049927,26.0876758098602,1.68078994750977
0.0511855173635088,0,"rate_effect","Tac2","wisp",66,0.0331697463989258,343.210713863373,25.4671909809113,1.68777298927307
0.0166599985456851,0,"rate_effect","Vip","wisp",66,0.0300967693328857,440.774281978607,23.2325868606567,2.37251234054565
-0.154396828933794,-0.0885791936889291,"random_effect","replicate1","wisp",66,0.812228679656982,421.734682798386,24.0035390853882,1.67496418952942
-0.36457949267387,-0.264113134006038,"random_effect","replicate2","wisp",66,0.0344059467315674,414.342206716537,31.1541674137115,1.68140697479248
0.313077426419058,0.315074604935944,"random_effect","replicate3","wisp",66,0.0330021381378174,437.451224327087,29.745246887207,1.75335311889648
0.17782056032968,0.0822448334656656,"random_effect","replicate4","wisp",66,0.0306010246276855,442.808385372162,28.5078384876251,1.74131655693054
0.515984015984016,0,"FSE","Pvalb","wisp",66,0.0322425365447998,418.705527305603,32.1499083042145,1.71031928062439
1.07226107226107,0,"FSE","Slc17a7","wisp",66,0.02848219871521,418.45457649231,31.55730676651,1.6748194694519
1.42588661338661,0,"FSE","Tac2","wisp",66,0.0327200889587402,418.613175630569,21.0245373249054,2.49808239936829
0.92943056943057,0,"FSE","Vip","wisp",66,0.0323636531829834,451.664989948273,26.4137582778931,1.71981382369995
0.887736043554385,1,"SVG","Pvalb","ELLA",66,0.0289516448974609,431.30482840538,26.2738811969757,1.79348587989807
0.857747778194418,1,"SVG","Slc17a7","ELLA",66,0.0340394973754883,424.700837850571,28.7098228931427,1.66401886940002
2.20000088979599e-07,1,"SVG","Tac2","ELLA",66,0.0275821685791016,425.654767751694,28.4632177352905,1.66555500030518
7.33102773931016e-07,1,"SVG","Vip","ELLA",66,0.0329325199127197,423.197243452072,33.9429748058319,1.6831533908844
0.00127425498218917,0,"rate_effect","Slc17a7","DESeq2",66,0.0311880111694336,434.951207876205,25.2036564350128,1.74011588096619
0.0138099154286579,0,"rate_effect","Pvalb","DESeq2",66,0.0296409130096436,440.225367546082,27.4221527576447,1.70881175994873
0.00620559867293941,0,"rate_effect","Tac2","DESeq2",66,0.817978858947754,426.278552532196,33.1131513118744,1.70468354225159
-0.0379840096092367,0,"rate_effect","Vip","DESeq2",66,0.0321147441864014,422.636915206909,29.2182486057281,1.70727491378784
0.734139485079401,0,"FSE","Slc17a7","DESeq2",66,0.0328273773193359,447.521906852722,29.8023293018341,1.68975639343262
0.110280791522441,0,"FSE","Pvalb","DESeq2",66,0.0354571342468262,452.610210418701,26.6774995326996,1.70772361755371
0.734139485079401,0,"FSE","Tac2","DESeq2",66,0.0321264266967773,433.965416669846,32.878084897995,1.7208776473999
0.00170166552349008,0,"FSE","Vip","DESeq2",66,0.0312814712524414,422.190920829773,24.4393150806427,1.70067930221558
-1.17756971001376,-0.253735814476386,"rate_effect","Pvalb","wisp",67,0.0330197811126709,418.523633003235,25.5854187011719,1.69677972793579
-0.077747693510115,0,"rate_effect","Slc17a7","wisp",67,0.034435510635376,420.346521377563,26.4988250732422,1.68244385719299
-0.0551832130888535,0,"rate_effect","Tac2","wisp",67,0.0320837497711182,450.666950464249,31.1645810604095,1.67498111724854
0.205768634326566,0,"rate_effect","Vip","wisp",67,0.0363020896911621,457.17814874649,21.4324703216553,1.71121692657471
-0.194924724900223,-0.0245951062534004,"random_effect","replicate1","wisp",67,0.029810905456543,428.343622922897,28.0981600284576,1.70960855484009
0.101144735834739,0.103285411372781,"random_effect","replicate2","wisp",67,0.0300595760345459,430.763073682785,25.8358247280121,1.69846940040588
-0.176982658313228,0.0139256408438087,"random_effect","replicate3","wisp",67,0.0283267498016357,397.332173585892,18.7034997940063,1.69594931602478
0.206696351224736,0.222062064800411,"random_effect","replicate4","wisp",67,0.0276176929473877,442.712224245071,28.8775310516357,1.6610062122345
0,1,"FSE","Pvalb","wisp",67,0.0308253765106201,427.544069766998,28.7976498603821,1.63383769989014
0.463576423576424,0,"FSE","Slc17a7","wisp",67,0.809355020523071,410.579885721207,29.0670175552368,1.86269569396973
0.417867846439275,0,"FSE","Tac2","wisp",67,0.0337629318237305,423.401099443436,29.6546030044556,1.68249821662903
1.05831668331668,0,"FSE","Vip","wisp",67,0.0272953510284424,422.697418212891,28.5365047454834,1.725830078125
0.915224268305189,1,"SVG","Pvalb","ELLA",67,0.029818058013916,439.7497215271,28.5780348777771,1.66135263442993
0.894145159409122,1,"SVG","Slc17a7","ELLA",67,0.0316903591156006,433.967046022415,28.9943070411682,1.69037532806396
2.20002776707418e-06,1,"SVG","Tac2","ELLA",67,0.0298211574554443,431.580412626266,25.7868802547455,1.6839165687561
1.10002026265654e-06,1,"SVG","Vip","ELLA",67,0.030144214630127,421.375997781754,24.3016586303711,1.71349835395813
0.0131658484902224,-0.253735814476386,"rate_effect","Slc17a7","DESeq2",67,0.807829141616821,465.29434800148,29.0233175754547,1.72194504737854
-1.97802884399339,0,"rate_effect","Pvalb","DESeq2",67,0.0383744239807129,429.53732085228,28.4468386173248,1.68207979202271
-0.0101397431355794,0,"rate_effect","Tac2","DESeq2",67,0.0290732383728027,429.263690233231,27.6097779273987,1.72484445571899
0.0336856966202036,0,"rate_effect","Vip","DESeq2",67,0.0312666893005371,437.413307189941,27.8502190113068,1.60901474952698
0.00924705348265049,1,"FSE","Slc17a7","DESeq2",67,0.805010795593262,426.455203294754,26.4656774997711,1.70355725288391
0,0,"FSE","Pvalb","DESeq2",67,0.0289487838745117,436.127036333084,28.2870264053345,1.67139077186584
0.492807226940955,0,"FSE","Tac2","DESeq2",67,0.03226637840271,420.098921537399,31.8938703536987,1.69554042816162
0.00924705348265049,0,"FSE","Vip","DESeq2",67,0.032975435256958,438.165823221207,30.2825698852539,1.69946098327637
-0.0160076956961855,0.366410152986646,"rate_effect","Pvalb","wisp",68,0.0294399261474609,422.019849300385,30.9425678253174,1.66973900794983
-0.00200749075628586,0,"rate_effect","Slc17a7","wisp",68,0.0314321517944336,431.475331306458,22.7149419784546,1.67200517654419
0.0385119656939635,0,"rate_effect","Tac2","wisp",68,0.0310087203979492,456.257085084915,32.455356836319,1.71188235282898
0.0816866806116351,0,"rate_effect","Vip","wisp",68,0.0314266681671143,415.877539396286,24.0265824794769,1.67043447494507
0.113670899704943,0.0964384952094406,"random_effect","replicate1","wisp",68,0.0294971466064453,416.692481517792,28.3475487232208,1.67638111114502
-0.462937690498183,-0.297439498128369,"random_effect","replicate2","wisp",68,0.0342004299163818,336.719402313232,26.6872763633728,1.68443870544434
0.279794839265474,0.292755934875458,"random_effect","replicate3","wisp",68,0.0316140651702881,440.845675230026,27.6376297473907,1.67763209342957
0.284417967118636,0.320454465923831,"random_effect","replicate4","wisp",68,0.0327372550964355,439.942652225494,29.3641135692596,1.70473194122314
1.33158678056637,1,"FSE","Pvalb","wisp",68,0.0318393707275391,427.237243175507,26.6134941577911,1.71749186515808
1.87406343656344,0,"FSE","Slc17a7","wisp",68,0.0313699245452881,439.644544839859,28.5925753116608,1.69865012168884
1.18030407092907,0,"FSE","Tac2","wisp",68,0.0302164554595947,430.495224475861,30.2653694152832,1.85662579536438
0.858641358641358,0,"FSE","Vip","wisp",68,0.0278749465942383,433.838924407959,19.8628737926483,1.78214120864868
0.886219530035584,0,"SVG","Pvalb","ELLA",68,0.0278384685516357,430.360751152039,22.3971903324127,1.76852321624756
0.842073973383755,0,"SVG","Slc17a7","ELLA",68,0.0297048091888428,444.295955896378,24.0693807601929,1.65312027931213
0.848649990464829,0,"SVG","Tac2","ELLA",68,0.0325343608856201,439.585692644119,22.7576236724854,1.69080781936646
2.1989971429881e-06,1,"SVG","Vip","ELLA",68,0.0392982959747314,440.06645655632,24.0361716747284,1.71503973007202
0.00146425735242191,0.366410152986646,"rate_effect","Slc17a7","DESeq2",68,0.029843807220459,437.265570402145,32.5572719573975,1.693115234375
8.38786493439069e-05,0,"rate_effect","Pvalb","DESeq2",68,0.0291032791137695,439.432435512543,28.7472431659698,1.66761207580566
7.60699958887378e-05,0,"rate_effect","Tac2","DESeq2",68,0.0333409309387207,453.339238643646,31.4272742271423,1.68288779258728
-0.000193909494069914,0,"rate_effect","Vip","DESeq2",68,0.0347957611083984,417.253128051758,31.6567099094391,1.64820694923401
0.664263198727425,1,"FSE","Slc17a7","DESeq2",68,0.0314128398895264,437.256318807602,26.5088288784027,1.63021802902222
0.664263198727425,0,"FSE","Pvalb","DESeq2",68,0.0340812206268311,430.002932310104,29.5874364376068,1.69731545448303
0.59468056434125,0,"FSE","Tac2","DESeq2",68,0.0293447971343994,435.143224954605,28.5866005420685,1.70678520202637
0.065374456412074,0,"FSE","Vip","DESeq2",68,0.0311143398284912,445.551970005035,28.4414129257202,1.71600365638733
0.888186888492301,0.35156745207496,"rate_effect","Pvalb","wisp",69,0.0289325714111328,403.162273168564,26.9035997390747,1.71544790267944
-0.31569950198647,0,"rate_effect","Slc17a7","wisp",69,0.0286831855773926,430.203703165054,26.6837778091431,1.66840791702271
-0.0256731989876041,0,"rate_effect","Tac2","wisp",69,1.57948327064514,437.185100317001,27.2536680698395,1.667564868927
0.937388788331212,0.382684571901336,"rate_effect","Vip","wisp",69,0.034404993057251,445.910422801971,27.2072422504425,1.68012309074402
0.260981248742073,0.304467004956678,"random_effect","replicate1","wisp",69,0.0283098220825195,453.391103506088,26.5794351100922,1.68018746376038
0.322290975668851,0.498401036020368,"random_effect","replicate2","wisp",69,0.801506280899048,419.876414775848,24.7873849868774,1.75839638710022
-0.591787963112763,-0.409864187240601,"random_effect","replicate3","wisp",69,0.0307512283325195,428.397931814194,25.2241079807281,1.7059383392334
0.306518861722665,0.46315272944048,"random_effect","replicate4","wisp",69,0.0340209007263184,436.847017526627,28.057745218277,1.85157752037048
0,1,"FSE","Pvalb","wisp",69,0.0325219631195068,418.58698797226,21.6276752948761,1.68365335464478
0.433503996003996,0,"FSE","Slc17a7","wisp",69,0.029606819152832,451.323617219925,28.6904950141907,1.68021440505981
1.08322927072927,0,"FSE","Tac2","wisp",69,0.0282809734344482,451.912832021713,22.7493710517883,1.72066164016724
0,1,"FSE","Vip","wisp",69,0.801509857177734,422.313986063004,26.464081287384,1.70801472663879
0.909108003694473,1,"SVG","Pvalb","ELLA",69,0.035719633102417,420.760576486588,28.6639797687531,1.73553800582886
0.924959629017847,1,"SVG","Slc17a7","ELLA",69,0.0332770347595215,423.522397279739,32.0795929431915,1.68319892883301
0.806997140792454,0,"SVG","Tac2","ELLA",69,0.0316963195800781,452.135765552521,27.33478307724,1.69501924514771
1.10001407938043e-06,1,"SVG","Vip","ELLA",69,0.0274889469146729,429.882750511169,29.0840692520142,2.21656131744385
-0.774502827424199,0.35156745207496,"rate_effect","Slc17a7","DESeq2",69,0.0337462425231934,456.47945690155,29.6877138614655,1.71448874473572
0.768936811854567,0,"rate_effect","Pvalb","DESeq2",69,0.0293803215026855,422.508548974991,28.0290486812592,1.72083115577698
-0.780539752713443,0,"rate_effect","Tac2","DESeq2",69,0.0302333831787109,425.557153701782,25.630185842514,1.71045875549316
0.883375779201289,0.382684571901336,"rate_effect","Vip","DESeq2",69,0.0314383506774902,456.831465482712,28.0305428504944,1.73749208450317
0,1,"FSE","Slc17a7","DESeq2",69,0.0300333499908447,420.228207826614,25.318615436554,1.76744961738586
0,0,"FSE","Pvalb","DESeq2",69,0.029646635055542,425.508758306503,32.9703578948975,1.67997980117798
0,0,"FSE","Tac2","DESeq2",69,0.795555591583252,424.274295568466,28.6420726776123,1.70204496383667
0,1,"FSE","Vip","DESeq2",69,0.0330798625946045,427.26707816124,18.6909942626953,1.63834738731384
-0.00229010287285878,0,"rate_effect","Pvalb","wisp",70,0.0290913581848145,427.728501081467,29.9143071174622,1.79513120651245
0.00435645228451897,0,"rate_effect","Slc17a7","wisp",70,0.0293011665344238,426.269878864288,28.6204409599304,1.68565964698792
-2.3107724006978,-0.43039574380964,"rate_effect","Tac2","wisp",70,0.0388209819793701,418.660535097122,32.9334063529968,1.7362232208252
-0.0463158386520742,0,"rate_effect","Vip","wisp",70,0.0292532444000244,425.60621213913,21.9722917079926,1.68773722648621
-0.305580774193566,-0.121950970962644,"random_effect","replicate1","wisp",70,0.0324656963348389,443.387887001038,24.3710117340088,1.69161748886108
0.0732523778766855,0.220887368312106,"random_effect","replicate2","wisp",70,0.0302588939666748,439.416900157928,23.9184587001801,1.70590662956238
0.214599153566623,0.358122315024957,"random_effect","replicate3","wisp",70,0.0327942371368408,438.957689762115,27.6632163524628,1.71968770027161
0.249895420159002,0.422301759710535,"random_effect","replicate4","wisp",70,0.0285742282867432,421.09440946579,29.6664223670959,1.71637344360352
1.20779220779221,0,"FSE","Pvalb","wisp",70,0.0321705341339111,433.779055833817,24.2364208698273,1.66416764259338
1.21658896658897,0,"FSE","Slc17a7","wisp",70,0.0324299335479736,441.995455741882,30.9328153133392,1.71126890182495
0,1,"FSE","Tac2","wisp",70,0.029210090637207,439.464953899384,34.3297638893127,1.69986629486084
0.498251748251748,0,"FSE","Vip","wisp",70,0.0426244735717773,437.597018718719,24.8363919258118,1.68951106071472
0.847706288772258,0,"SVG","Pvalb","ELLA",70,0.0324771404266357,425.207281112671,34.9626548290253,1.69158744812012
0.971508695647133,0,"SVG","Slc17a7","ELLA",70,0.0298991203308105,418.647297859192,25.208455324173,1.70028805732727
2.75000861749142e-07,1,"SVG","Tac2","ELLA",70,0.0298573970794678,427.855692625046,21.8786227703094,1.69300127029419
0.978864521604181,1,"SVG","Vip","ELLA",70,0.0312502384185791,432.517842054367,28.3129653930664,1.68675136566162
0.00684215796631491,0,"rate_effect","Slc17a7","DESeq2",70,0.0320358276367188,411.424299955368,27.6908824443817,1.68193197250366
0.00213064354616858,0,"rate_effect","Pvalb","DESeq2",70,0.0310063362121582,427.761325597763,29.3594481945038,1.68344497680664
-5.69759006088081,-0.43039574380964,"rate_effect","Tac2","DESeq2",70,0.0334844589233398,428.166197538376,26.1797046661377,1.7228901386261
0.0253000921102426,0,"rate_effect","Vip","DESeq2",70,0.0315742492675781,434.415714979172,25.5722579956055,1.75341796875
0.00788327412045326,0,"FSE","Slc17a7","DESeq2",70,0.0306034088134766,423.648044109344,28.6630384922028,2.33507633209229
0.804022373602265,0,"FSE","Pvalb","DESeq2",70,0.0319352149963379,457.630842685699,30.2729852199554,1.71965885162354
0,1,"FSE","Tac2","DESeq2",70,0.0309898853302002,427.793577194214,24.6332676410675,1.78945779800415
0.0237106150124427,0,"FSE","Vip","DESeq2",70,0.0248186588287354,427.134085416794,20.8497416973114,1.70171666145325
0.0705775172829445,-0.0265151557978243,"rate_effect","Pvalb","wisp",71,0.0303020477294922,449.407165288925,26.851879119873,1.69535422325134
-0.311251707272864,0.111754593672231,"rate_effect","Slc17a7","wisp",71,0.0301089286804199,428.247339248657,29.8079919815063,1.66396045684814
-0.661851095437283,-0.246268494520336,"rate_effect","Tac2","wisp",71,0.0322089195251465,408.884809732437,26.4115223884583,1.72398972511292
0.855470671861721,0.358192439656705,"rate_effect","Vip","wisp",71,0.0315802097320557,422.765319108963,25.9771552085876,1.73013639450073
-0.396977075659078,-0.442857989575714,"random_effect","replicate1","wisp",71,0.0289065837860107,439.160111427307,22.1827802658081,1.76004147529602
0.240319701298637,-0.286624532658607,"random_effect","replicate2","wisp",71,0.0298852920532227,427.017245531082,28.7798230648041,1.70368719100952
0.485407778667805,0.0291404610034078,"random_effect","replicate3","wisp",71,0.0346510410308838,423.745444536209,30.480721950531,1.68005108833313
-0.346715554778115,-0.426022615283728,"random_effect","replicate4","wisp",71,0.0336208343505859,457.350196123123,29.9804899692535,1.70068073272705
0.421828171828172,1,"FSE","Pvalb","wisp",71,0.0338809490203857,436.45938372612,22.8680624961853,1.66281175613403
0.025974025974026,1,"FSE","Slc17a7","wisp",71,0.034174919128418,440.511873960495,28.8962671756744,1.64716815948486
0.0334110334110334,1,"FSE","Tac2","wisp",71,0.0303421020507812,427.628512382507,22.2104892730713,1.71368527412415
0,1,"FSE","Vip","wisp",71,0.0332088470458984,344.416242599487,30.4543399810791,1.69739413261414
0.904482635245284,1,"SVG","Pvalb","ELLA",71,0.0305843353271484,431.98536658287,24.406289100647,1.68058586120605
0.897275656583541,1,"SVG","Slc17a7","ELLA",71,0.0328588485717773,449.26571059227,33.3354132175446,1.73019027709961
1.1000049216503e-06,1,"SVG","Tac2","ELLA",71,0.0297694206237793,439.159985542297,26.3205349445343,1.71449494361877
0.881823340577483,1,"SVG","Vip","ELLA",71,0.0305607318878174,428.652082204819,30.6755955219269,1.88950419425964
0.36256762889898,-0.0265151557978243,"rate_effect","Slc17a7","DESeq2",71,0.0316033363342285,445.094449043274,42.2195236682892,1.67439436912537
-0.365274070076108,0.111754593672231,"rate_effect","Pvalb","DESeq2",71,0.0265688896179199,435.233200311661,26.1416709423065,1.71018147468567
-2.25415671926261,-0.246268494520336,"rate_effect","Tac2","DESeq2",71,0.0327644348144531,439.456162452698,26.0999274253845,1.78638219833374
1.31994830575234,0.358192439656705,"rate_effect","Vip","DESeq2",71,0.0307676792144775,437.681057214737,27.9302146434784,1.65710139274597
0,1,"FSE","Slc17a7","DESeq2",71,0.0290651321411133,427.405111312866,22.3053696155548,1.72048687934875
1.05492929836729e-121,1,"FSE","Pvalb","DESeq2",71,0.0320477485656738,433.640318632126,29.350049495697,1.72802352905273
0,1,"FSE","Tac2","DESeq2",71,0.0298590660095215,448.810079097748,25.333607673645,1.71256875991821
0,1,"FSE","Vip","DESeq2",71,0.0316283702850342,455.552742004395,29.5427038669586,1.7094087600708
-0.0832328510209958,0,"rate_effect","Pvalb","wisp",72,0.0333898067474365,440.108868360519,23.9051141738892,1.67539310455322
0.68554868599633,0.181433998281136,"rate_effect","Slc17a7","wisp",72,0.0299966335296631,419.217404127121,32.1976454257965,1.70710897445679
0.0631620427473064,0,"rate_effect","Tac2","wisp",72,0.0458025932312012,433.931190729141,28.3724331855774,1.67933249473572
-0.181957072319238,0,"rate_effect","Vip","wisp",72,0.0300023555755615,429.552792310715,29.0982015132904,1.65337753295898
-0.558924931918534,-0.447863798355684,"random_effect","replicate1","wisp",72,0.0322961807250977,435.765223503113,31.6087048053741,1.71501207351685
0.399053968511958,0.342526350170374,"random_effect","replicate2","wisp",72,0.0341274738311768,417.889683008194,28.9951059818268,1.70399403572083
0.294636856420161,0.0842085308395326,"random_effect","replicate3","wisp",72,0.0294394493103027,453.733312368393,25.2916481494904,1.77246928215027
0.188859833189694,-0.103541990974918,"random_effect","replicate4","wisp",72,0.0308578014373779,468.61527967453,25.4667437076569,1.71070170402527
0.511078125,0,"FSE","Pvalb","wisp",72,0.820080041885376,436.097178220749,26.8479788303375,1.66347169876099
0.459,1,"FSE","Slc17a7","wisp",72,0.0320253372192383,431.81830573082,30.8184201717377,1.66999959945679
0.221666666666667,0,"FSE","Tac2","wisp",72,0.0323450565338135,407.469310998917,23.6902546882629,1.6712794303894
1.30175,0,"FSE","Vip","wisp",72,0.0303232669830322,458.878425359726,29.6515972614288,1.6605019569397
0.867256909344549,1,"SVG","Pvalb","ELLA",72,0.0322065353393555,419.259837388992,28.8181869983673,1.6933798789978
0.935753753058424,1,"SVG","Slc17a7","ELLA",72,0.0321733951568604,430.462215185165,29.7094798088074,1.70585680007935
2.20000421158328e-07,1,"SVG","Tac2","ELLA",72,0.0398569107055664,434.449024200439,32.2220323085785,1.69411945343018
1.09678266974056e-06,1,"SVG","Vip","ELLA",72,0.0285923480987549,429.197801351547,26.8881816864014,1.82680439949036
0.887061852919787,0,"rate_effect","Slc17a7","DESeq2",72,0.0303695201873779,462.501043796539,27.2750470638275,1.7259795665741
-0.0249580924212539,0.181433998281136,"rate_effect","Pvalb","DESeq2",72,0.0310995578765869,422.670966625214,21.7350451946259,1.75525784492493
-0.0219069768777214,0,"rate_effect","Tac2","DESeq2",72,0.0324530601501465,428.048925638199,30.4400534629822,1.65608763694763
-0.00524010180044011,0,"rate_effect","Vip","DESeq2",72,0.80547022819519,440.463515520096,28.439962387085,1.65983462333679
0,0,"FSE","Slc17a7","DESeq2",72,0.0333585739135742,445.77917599678,26.5162720680237,1.65799617767334
0.310802381470498,1,"FSE","Pvalb","DESeq2",72,0.834730386734009,404.486200332642,22.7781071662903,1.70609188079834
0.458369967944009,0,"FSE","Tac2","DESeq2",72,0.0285840034484863,414.615249633789,23.4158487319946,1.73908114433289
0.765807339962905,0,"FSE","Vip","DESeq2",72,0.0306859016418457,433.938928842545,33.8327622413635,1.7237377166748
0.0142004666150785,0.345485163852572,"rate_effect","Pvalb","wisp",73,0.0308890342712402,422.670696020126,25.4336326122284,1.66652059555054
0.000514470278800423,0,"rate_effect","Slc17a7","wisp",73,0.0306036472320557,419.418052911758,25.2467229366302,1.70362830162048
0.00955961487011176,0,"rate_effect","Tac2","wisp",73,0.0317995548248291,461.469823598862,32.3803489208221,1.67511296272278
-0.172122109506168,0,"rate_effect","Vip","wisp",73,0.0344686508178711,434.89457821846,27.1384015083313,1.70538330078125
-0.491660411900216,-0.374476981349289,"random_effect","replicate1","wisp",73,0.0282166004180908,443.423809051514,32.3087086677551,1.67403841018677
0.397181756425736,0.398039634106681,"random_effect","replicate2","wisp",73,0.0308902263641357,431.944690704346,30.5837070941925,1.7223334312439
0.177783648889799,-0.0389117579907179,"random_effect","replicate3","wisp",73,0.0291938781738281,425.225584983826,23.5495102405548,1.67557716369629
0.13176156038561,-0.0353819844312966,"random_effect","replicate4","wisp",73,0.0274803638458252,449.36609172821,29.871399641037,1.7144455909729
1.96440294399478,1,"FSE","Pvalb","wisp",73,0.0323798656463623,397.502710580826,26.9996373653412,1.68184280395508
1.22093906093906,0,"FSE","Slc17a7","wisp",73,0.0408256053924561,431.450164318085,30.4177463054657,1.70918226242065
1.99225774225774,0,"FSE","Tac2","wisp",73,0.0313534736633301,438.536264657974,29.9569611549377,1.84068560600281
0.655781718281718,0,"FSE","Vip","wisp",73,0.0400087833404541,433.042570114136,30.6304001808167,1.66168165206909
0.910080054419593,0,"SVG","Pvalb","ELLA",73,0.817047119140625,430.118763923645,24.3502914905548,1.6999716758728
0.932879039531479,0,"SVG","Slc17a7","ELLA",73,0.0297436714172363,437.071761846542,23.595419883728,1.64554500579834
0.748046070887178,0,"SVG","Tac2","ELLA",73,0.032271146774292,436.101019144058,24.8949110507965,1.70548939704895
1.10000587888459e-06,1,"SVG","Vip","ELLA",73,0.0315263271331787,432.288017749786,30.956157207489,1.69679665565491
-0.0134929562534159,0.345485163852572,"rate_effect","Slc17a7","DESeq2",73,0.0336310863494873,437.491618871689,23.7585678100586,1.71569228172302
0.00212524194290164,0,"rate_effect","Pvalb","DESeq2",73,1.60711026191711,421.640034914017,25.7011733055115,1.6941704750061
-0.00474648024629768,0,"rate_effect","Tac2","DESeq2",73,0.0332968235015869,424.412275791168,31.337925195694,1.72009944915771
0.0516536374920996,0,"rate_effect","Vip","DESeq2",73,0.0317978858947754,432.436423778534,26.7529740333557,1.69773530960083
0.239422283267441,1,"FSE","Slc17a7","DESeq2",73,0.0310676097869873,423.374612569809,30.5652163028717,1.68888401985168
0.80433792418239,0,"FSE","Pvalb","DESeq2",73,0.0288574695587158,432.843449831009,27.3957550525665,1.6828761100769
0.803746004665379,0,"FSE","Tac2","DESeq2",73,0.0459022521972656,226.993104219437,24.1935837268829,1.51726198196411
0.00179648798527856,0,"FSE","Vip","DESeq2",73,0.0322229862213135,331.06693983078,30.7433168888092,1.6044819355011
-0.0238900617998487,0,"rate_effect","Pvalb","wisp",74,0.0333068370819092,374.853465080261,21.7227132320404,1.55030393600464
0.0203603291358269,0,"rate_effect","Slc17a7","wisp",74,0.0307085514068604,384.058814287186,22.0142612457275,1.6028254032135
-0.0516033749558234,0,"rate_effect","Tac2","wisp",74,0.0302438735961914,391.767779111862,25.2758643627167,1.53045392036438
-0.0591865002769474,0,"rate_effect","Vip","wisp",74,0.0305290222167969,388.461657047272,23.9431219100952,1.55912685394287
0.220559277536844,0.0246469906996936,"random_effect","replicate1","wisp",74,0.0326883792877197,384.937769889832,29.8561155796051,1.56570911407471
-0.544878199398931,-0.416295914212242,"random_effect","replicate2","wisp",74,0.026921272277832,389.509970188141,21.9643669128418,1.66833257675171
0.307948743112226,0.103501498000696,"random_effect","replicate3","wisp",74,0.0267267227172852,388.007637023926,30.0672695636749,1.57240080833435
0.358438195149603,0.226237945258617,"random_effect","replicate4","wisp",74,0.0300586223602295,418.203063964844,30.2898714542389,1.61718273162842
1.9059375,0,"FSE","Pvalb","wisp",74,0.0290942192077637,406.942582845688,31.5599641799927,1.58856463432312
1.13225,0,"FSE","Slc17a7","wisp",74,0.0287714004516602,429.646015167236,26.2195875644684,1.60668730735779
1.12471428571429,0,"FSE","Tac2","wisp",74,0.0317835807800293,341.669018268585,26.9653091430664,1.54579663276672
0.83504,0,"FSE","Vip","wisp",74,0.0308656692504883,410.980796337128,26.0913398265839,1.58828997612
0.933841190950838,1,"SVG","Pvalb","ELLA",74,0.0299198627471924,381.337107896805,27.0866591930389,1.55881309509277
0.987850434036483,1,"SVG","Slc17a7","ELLA",74,0.0317187309265137,406.580022573471,25.456356048584,2.13756680488586
1.10000810027433e-06,1,"SVG","Tac2","ELLA",74,0.0320427417755127,381.373903751373,26.0200519561768,1.62136936187744
0.980711246814461,1,"SVG","Vip","ELLA",74,0.0314962863922119,398.525640964508,30.7137763500214,1.63695192337036
0.00644964633130065,0,"rate_effect","Slc17a7","DESeq2",74,0.0254049301147461,391.480886697769,26.8268549442291,1.66666102409363
0.0160780770959176,0,"rate_effect","Pvalb","DESeq2",74,0.0256845951080322,386.229352712631,22.1226570606232,2.23532843589783
-0.00138305903413633,0,"rate_effect","Tac2","DESeq2",74,0.0274255275726318,393.043655633926,26.3135740756989,1.62186360359192
-0.00652214054425968,0,"rate_effect","Vip","DESeq2",74,0.0314497947692871,399.737291574478,27.4356372356415,1.54793643951416
0.103702724203946,0,"FSE","Slc17a7","DESeq2",74,0.0278842449188232,407.994123220444,30.0831542015076,1.70397877693176
0.103702724203946,0,"FSE","Pvalb","DESeq2",74,0.0312459468841553,454.349458694458,27.4588553905487,1.65162825584412
0.860200695031179,0,"FSE","Tac2","DESeq2",74,0.0302815437316895,416.451984167099,27.4706983566284,1.66848421096802
0.141032128710732,0,"FSE","Vip","DESeq2",74,0.030287504196167,445.160679101944,26.9797604084015,1.6416482925415
-0.0120555479911322,0,"rate_effect","Pvalb","wisp",75,0.0270621776580811,418.129014253616,28.2524511814117,1.66839957237244
0.0175790509241246,0,"rate_effect","Slc17a7","wisp",75,0.025137186050415,427.151807546616,30.0656287670135,1.72059488296509
0.0292909676498033,0,"rate_effect","Tac2","wisp",75,0.0248410701751709,419.83846116066,32.9552249908447,1.71002101898193
0.145875331944286,0,"rate_effect","Vip","wisp",75,0.031097412109375,420.148341417313,25.3059678077698,1.70672941207886
-0.528572490496755,-0.371177176944911,"random_effect","replicate1","wisp",75,0.0304763317108154,422.099095344543,27.7931344509125,1.73184728622437
0.315080128715079,0.281943403882906,"random_effect","replicate2","wisp",75,0.0281741619110107,436.614368438721,25.8525140285492,1.87365055084229
0.3121355239288,0.281649529933929,"random_effect","replicate3","wisp",75,0.031022310256958,431.403715372086,31.1884779930115,1.73899722099304
0.195708848669975,0.0796052548103034,"random_effect","replicate4","wisp",75,0.0317983627319336,446.260487318039,21.985191822052,1.75307321548462
1.82226107226107,0,"FSE","Pvalb","wisp",75,0.0358791351318359,425.043972253799,28.740198135376,1.71167206764221
1.60087912087912,0,"FSE","Slc17a7","wisp",75,0.0326249599456787,432.28660774231,34.3577883243561,1.82336187362671
1.52322677322677,0,"FSE","Tac2","wisp",75,0.025691032409668,413.085528612137,26.3216788768768,1.68938827514648
1.54649350649351,0,"FSE","Vip","wisp",75,0.0321977138519287,431.868797302246,31.4128401279449,1.72128224372864
0.882222898908625,0,"SVG","Pvalb","ELLA",75,0.0303294658660889,427.370543956757,21.0685846805573,1.7031238079071
0.966457104209493,0,"SVG","Slc17a7","ELLA",75,0.031196117401123,438.467203855515,26.1320161819458,1.84325361251831
0.97693618488204,0,"SVG","Tac2","ELLA",75,0.0318443775177002,416.291744470596,28.2499594688416,1.83968019485474
7.32395909697203e-07,1,"SVG","Vip","ELLA",75,0.0282285213470459,444.577963352203,21.2990975379944,2.37900733947754
0.000131606157222018,0,"rate_effect","Slc17a7","DESeq2",75,0.029576301574707,425.557831048965,32.9004528522491,2.33510065078735
2.48128804489887e-05,0,"rate_effect","Pvalb","DESeq2",75,0.0261030197143555,454.543220043182,25.3657302856445,1.65312337875366
5.72980790592401e-05,0,"rate_effect","Tac2","DESeq2",75,0.030604362487793,448.491393089294,27.0592975616455,1.72818160057068
-0.000184544873862717,0,"rate_effect","Vip","DESeq2",75,0.0423741340637207,418.818164825439,24.772531747818,1.71317410469055
0.94971914223306,0,"FSE","Slc17a7","DESeq2",75,0.0336840152740479,421.485532522202,26.0124709606171,1.66458964347839
0.94971914223306,0,"FSE","Pvalb","DESeq2",75,0.0301039218902588,419.07643198967,23.9351878166199,1.70808434486389
0.269558043107307,0,"FSE","Tac2","DESeq2",75,0.029496431350708,443.56943154335,25.7597060203552,1.6528697013855
0.111063146761724,0,"FSE","Vip","DESeq2",75,0.0322501659393311,423.658175468445,25.207447052002,1.70782256126404
-0.0460056657362024,0,"rate_effect","Pvalb","wisp",76,0.0313875675201416,427.1850502491,25.8664109706879,2.41867923736572
-0.213483594739718,-0.0435636125039309,"rate_effect","Slc17a7","wisp",76,0.0261313915252686,428.541162490845,22.9495022296906,1.70014810562134
1.05290632370557,0.449715854832903,"rate_effect","Tac2","wisp",76,0.816929817199707,433.676968336105,31.5241286754608,2.48922324180603
0.892713720958987,0.338049229700118,"rate_effect","Vip","wisp",76,0.0293712615966797,430.996541023254,24.3395192623138,1.70786213874817
-0.258418861672767,-0.0121442016679794,"random_effect","replicate1","wisp",76,0.0294525623321533,435.360939741135,24.5862038135529,1.74760770797729
0.213655199671548,0.442905619507656,"random_effect","replicate2","wisp",76,0.0314376354217529,431.56404876709,26.8166272640228,1.69978642463684
0.0451910137740604,0.311156525276601,"random_effect","replicate3","wisp",76,0.0298619270324707,443.675142288208,30.911069393158,1.68198251724243
0.0352019736796251,0.232660136185586,"random_effect","replicate4","wisp",76,0.0369207859039307,443.817051887512,31.6257169246674,1.67301535606384
0.809783966033966,0,"FSE","Pvalb","wisp",76,0.0287370681762695,425.840946435928,20.6871118545532,1.69628477096558
0.771603396603397,1,"FSE","Slc17a7","wisp",76,0.816901922225952,418.899758338928,25.4150378704071,1.71676182746887
0,1,"FSE","Tac2","wisp",76,0.0307743549346924,427.506590843201,28.1352660655975,1.71242094039917
0,1,"FSE","Vip","wisp",76,0.0329976081848145,430.744173049927,26.0876758098602,1.68078994750977
0.787155655934832,0,"SVG","Pvalb","ELLA",76,0.0331697463989258,343.210713863373,25.4671909809113,1.68777298927307
0.910106103041626,1,"SVG","Slc17a7","ELLA",76,0.0300967693328857,440.774281978607,23.2325868606567,2.37251234054565
2.20000154316224e-07,1,"SVG","Tac2","ELLA",76,0.812228679656982,421.734682798386,24.0035390853882,1.67496418952942
7.33339620140327e-07,1,"SVG","Vip","ELLA",76,0.0344059467315674,414.342206716537,31.1541674137115,1.68140697479248
-0.99482326365345,0,"rate_effect","Slc17a7","DESeq2",76,0.0330021381378174,437.451224327087,29.745246887207,1.75335311889648
-0.743042165402255,-0.0435636125039309,"rate_effect","Pvalb","DESeq2",76,0.0306010246276855,442.808385372162,28.5078384876251,1.74131655693054
1.12501333625953,0.449715854832903,"rate_effect","Tac2","DESeq2",76,0.0322425365447998,418.705527305603,32.1499083042145,1.71031928062439
0.742900954857444,0.338049229700118,"rate_effect","Vip","DESeq2",76,0.02848219871521,418.45457649231,31.55730676651,1.6748194694519
0,0,"FSE","Slc17a7","DESeq2",76,0.0327200889587402,418.613175630569,21.0245373249054,2.49808239936829
0,1,"FSE","Pvalb","DESeq2",76,0.0323636531829834,451.664989948273,26.4137582778931,1.71981382369995
0,1,"FSE","Tac2","DESeq2",76,0.0289516448974609,431.30482840538,26.2738811969757,1.79348587989807
0,1,"FSE","Vip","DESeq2",76,0.0340394973754883,424.700837850571,28.7098228931427,1.66401886940002
-0.161017443504817,-0.04856195487082,"rate_effect","Pvalb","wisp",77,0.0275821685791016,425.654767751694,28.4632177352905,1.66555500030518
-0.0439552593825337,0,"rate_effect","Slc17a7","wisp",77,0.0329325199127197,423.197243452072,33.9429748058319,1.6831533908844
-0.127895562819342,0.110900227446109,"rate_effect","Tac2","wisp",77,0.0311880111694336,434.951207876205,25.2036564350128,1.74011588096619
0.0238737683936494,0,"rate_effect","Vip","wisp",77,0.0296409130096436,440.225367546082,27.4221527576447,1.70881175994873
0.436643347841045,0.348655157955363,"random_effect","replicate1","wisp",77,0.817978858947754,426.278552532196,33.1131513118744,1.70468354225159
-0.557353737196335,-0.437921656062827,"random_effect","replicate2","wisp",77,0.0321147441864014,422.636915206909,29.2182486057281,1.70727491378784
-0.285838877513549,-0.316172310616821,"random_effect","replicate3","wisp",77,0.0328273773193359,447.521906852722,29.8023293018341,1.68975639343262
0.39689438689123,0.18716828757897,"random_effect","replicate4","wisp",77,0.0354571342468262,452.610210418701,26.6774995326996,1.70772361755371
0.498428571428571,1,"FSE","Pvalb","wisp",77,0.0321264266967773,433.965416669846,32.878084897995,1.7208776473999
0.29352,0,"FSE","Slc17a7","wisp",77,0.0312814712524414,422.190920829773,24.4393150806427,1.70067930221558
0.1478125,1,"FSE","Tac2","wisp",77,0.0330197811126709,418.523633003235,25.5854187011719,1.69677972793579
0.876,0,"FSE","Vip","wisp",77,0.034435510635376,420.346521377563,26.4988250732422,1.68244385719299
2.20007967588476e-06,1,"SVG","Pvalb","ELLA",77,0.0320837497711182,450.666950464249,31.1645810604095,1.67498111724854
0.817463620813643,1,"SVG","Slc17a7","ELLA",77,0.0363020896911621,457.17814874649,21.4324703216553,1.71121692657471
1.10000751279982e-06,1,"SVG","Tac2","ELLA",77,0.029810905456543,428.343622922897,28.0981600284576,1.70960855484009
0.899817078173031,0,"SVG","Vip","ELLA",77,0.0300595760345459,430.763073682785,25.8358247280121,1.69846940040588
9.57148469858252e-05,-0.04856195487082,"rate_effect","Slc17a7","DESeq2",77,0.0283267498016357,397.332173585892,18.7034997940063,1.69594931602478
-0.26511835158609,0,"rate_effect","Pvalb","DESeq2",77,0.0276176929473877,442.712224245071,28.8775310516357,1.6610062122345
0.555681622970129,0.110900227446109,"rate_effect","Tac2","DESeq2",77,0.0308253765106201,427.544069766998,28.7976498603821,1.63383769989014
0.00113749224295778,0,"rate_effect","Vip","DESeq2",77,0.809355020523071,410.579885721207,29.0670175552368,1.86269569396973
0.990944251236471,1,"FSE","Slc17a7","DESeq2",77,0.0337629318237305,423.401099443436,29.6546030044556,1.68249821662903
1.97125279087599e-90,0,"FSE","Pvalb","DESeq2",77,0.0272953510284424,422.697418212891,28.5365047454834,1.725830078125
2.07185227666271e-245,1,"FSE","Tac2","DESeq2",77,0.029818058013916,439.7497215271,28.5780348777771,1.66135263442993
0.990944251236471,0,"FSE","Vip","DESeq2",77,0.0316903591156006,433.967046022415,28.9943070411682,1.69037532806396
0.786523319027607,0.328654954209924,"rate_effect","Pvalb","wisp",78,0.0298211574554443,431.580412626266,25.7868802547455,1.6839165687561
-0.00875045983316183,0,"rate_effect","Slc17a7","wisp",78,0.030144214630127,421.375997781754,24.3016586303711,1.71349835395813
-0.0499447197493356,0,"rate_effect","Tac2","wisp",78,0.807829141616821,465.29434800148,29.0233175754547,1.72194504737854
0.0584561237365899,0.0887297478038818,"rate_effect","Vip","wisp",78,0.0383744239807129,429.53732085228,28.4468386173248,1.68207979202271
0.270644776237785,0.276104495162144,"random_effect","replicate1","wisp",78,0.0290732383728027,429.263690233231,27.6097779273987,1.72484445571899
0.045493711449096,-0.0261500196065754,"random_effect","replicate2","wisp",78,0.0312666893005371,437.413307189941,27.8502190113068,1.60901474952698
-0.489039224563166,-0.377280841814354,"random_effect","replicate3","wisp",78,0.805010795593262,426.455203294754,26.4656774997711,1.70355725288391
0.26303369382475,0.306544976076111,"random_effect","replicate4","wisp",78,0.0289487838745117,436.127036333084,28.2870264053345,1.67139077186584
0,1,"FSE","Pvalb","wisp",78,0.03226637840271,420.098921537399,31.8938703536987,1.69554042816162
1.13583027471916,0,"FSE","Slc17a7","wisp",78,0.032975435256958,438.165823221207,30.2825698852539,1.69946098327637
1.21977977977978,0,"FSE","Tac2","wisp",78,0.0294399261474609,422.019849300385,30.9425678253174,1.66973900794983
0.6144307572879,1,"FSE","Vip","wisp",78,0.0314321517944336,431.475331306458,22.7149419784546,1.67200517654419
2.20004414619446e-06,1,"SVG","Pvalb","ELLA",78,0.0310087203979492,456.257085084915,32.455356836319,1.71188235282898
0.845238407617966,0,"SVG","Slc17a7","ELLA",78,0.0314266681671143,415.877539396286,24.0265824794769,1.67043447494507
8.40972593324496e-06,0,"SVG","Tac2","ELLA",78,0.0294971466064453,416.692481517792,28.3475487232208,1.67638111114502
2.00000100925024e-07,1,"SVG","Vip","ELLA",78,0.0342004299163818,336.719402313232,26.6872763633728,1.68443870544434
-0.22649448071282,0.328654954209924,"rate_effect","Slc17a7","DESeq2",78,0.0316140651702881,440.845675230026,27.6376297473907,1.67763209342957
1.20641209543635,0,"rate_effect","Pvalb","DESeq2",78,0.0327372550964355,439.942652225494,29.3641135692596,1.70473194122314
-0.223965303123343,0,"rate_effect","Tac2","DESeq2",78,0.0318393707275391,427.237243175507,26.6134941577911,1.71749186515808
0.211929107352694,0.0887297478038818,"rate_effect","Vip","DESeq2",78,0.0313699245452881,439.644544839859,28.5925753116608,1.69865012168884
5.80869902202245e-209,1,"FSE","Slc17a7","DESeq2",78,0.0302164554595947,430.495224475861,30.2653694152832,1.85662579536438
0,0,"FSE","Pvalb","DESeq2",78,0.0278749465942383,433.838924407959,19.8628737926483,1.78214120864868
1.39807764420064e-43,0,"FSE","Tac2","DESeq2",78,0.0278384685516357,430.360751152039,22.3971903324127,1.76852321624756
6.9271142525915e-54,1,"FSE","Vip","DESeq2",78,0.0297048091888428,444.295955896378,24.0693807601929,1.65312027931213
0.00148994747338422,0,"rate_effect","Pvalb","wisp",79,0.0325343608856201,439.585692644119,22.7576236724854,1.69080781936646
0.000496359615378923,0,"rate_effect","Slc17a7","wisp",79,0.0392982959747314,440.06645655632,24.0361716747284,1.71503973007202
0.198885511978039,0,"rate_effect","Tac2","wisp",79,0.029843807220459,437.265570402145,32.5572719573975,1.693115234375
0.154992533500805,0,"rate_effect","Vip","wisp",79,0.0291032791137695,439.432435512543,28.7472431659698,1.66761207580566
-0.295474268007625,-0.0862586814910173,"random_effect","replicate1","wisp",79,0.0333409309387207,453.339238643646,31.4272742271423,1.68288779258728
-0.0043615723238125,0.143617822090164,"random_effect","replicate2","wisp",79,0.0347957611083984,417.253128051758,31.6567099094391,1.64820694923401
0.209232176507427,0.41645420412533,"random_effect","replicate3","wisp",79,0.0314128398895264,437.256318807602,26.5088288784027,1.63021802902222
0.189952795073944,0.313618333311751,"random_effect","replicate4","wisp",79,0.0340812206268311,430.002932310104,29.5874364376068,1.69731545448303
1.33691308691309,0,"FSE","Pvalb","wisp",79,0.0293447971343994,435.143224954605,28.5866005420685,1.70678520202637
0.639788782645925,0,"FSE","Slc17a7","wisp",79,0.0311143398284912,445.551970005035,28.4414129257202,1.71600365638733
0.856423576423576,0,"FSE","Tac2","wisp",79,0.0289325714111328,403.162273168564,26.9035997390747,1.71544790267944
0.632327672327672,0,"FSE","Vip","wisp",79,0.0286831855773926,430.203703165054,26.6837778091431,1.66840791702271
0.853021213189811,0,"SVG","Pvalb","ELLA",79,1.57948327064514,437.185100317001,27.2536680698395,1.667564868927
0.917528629223718,0,"SVG","Slc17a7","ELLA",79,0.034404993057251,445.910422801971,27.2072422504425,1.68012309074402
4.40001518831057e-07,1,"SVG","Tac2","ELLA",79,0.0283098220825195,453.391103506088,26.5794351100922,1.68018746376038
0.91833341218078,0,"SVG","Vip","ELLA",79,0.801506280899048,419.876414775848,24.7873849868774,1.75839638710022
-0.00536663458723621,0,"rate_effect","Slc17a7","DESeq2",79,0.0307512283325195,428.397931814194,25.2241079807281,1.7059383392334
0.000105315185631035,0,"rate_effect","Pvalb","DESeq2",79,0.0340209007263184,436.847017526627,28.057745218277,1.85157752037048
0.000145454123798031,0,"rate_effect","Tac2","DESeq2",79,0.0325219631195068,418.58698797226,21.6276752948761,1.68365335464478
-3.39469655613707e-05,0,"rate_effect","Vip","DESeq2",79,0.029606819152832,451.323617219925,28.6904950141907,1.68021440505981
0.0997559222710695,0,"FSE","Slc17a7","DESeq2",79,0.0282809734344482,451.912832021713,22.7493710517883,1.72066164016724
0.387650321670306,0,"FSE","Pvalb","DESeq2",79,0.801509857177734,422.313986063004,26.464081287384,1.70801472663879
0.387650321670306,0,"FSE","Tac2","DESeq2",79,0.035719633102417,420.760576486588,28.6639797687531,1.73553800582886
0.929124328703918,0,"FSE","Vip","DESeq2",79,0.0332770347595215,423.522397279739,32.0795929431915,1.68319892883301
0.64850919355109,0.130472118267789,"rate_effect","Pvalb","wisp",80,0.0316963195800781,452.135765552521,27.33478307724,1.69501924514771
0.0680457836370215,0.0615883581340313,"rate_effect","Slc17a7","wisp",80,0.0274889469146729,429.882750511169,29.0840692520142,2.21656131744385
0.446507687073954,0.256631028372794,"rate_effect","Tac2","wisp",80,0.0337462425231934,456.47945690155,29.6877138614655,1.71448874473572
0.0962621665247114,0,"rate_effect","Vip","wisp",80,0.0293803215026855,422.508548974991,28.0290486812592,1.72083115577698
0.164213337511532,0.297655230853707,"random_effect","replicate1","wisp",80,0.0302333831787109,425.557153701782,25.630185842514,1.71045875549316
-0.38155094699517,-0.2072850742843,"random_effect","replicate2","wisp",80,0.0314383506774902,456.831465482712,28.0305428504944,1.73749208450317
0.190794083854349,0.330038134707138,"random_effect","replicate3","wisp",80,0.0300333499908447,420.228207826614,25.318615436554,1.76744961738586
0.244698057764682,0.403116133762524,"random_effect","replicate4","wisp",80,0.029646635055542,425.508758306503,32.9703578948975,1.67997980117798
0.291333666333666,1,"FSE","Pvalb","wisp",80,0.795555591583252,424.274295568466,28.6420726776123,1.70204496383667
0.255688755688756,1,"FSE","Slc17a7","wisp",80,0.0330798625946045,427.26707816124,18.6909942626953,1.63834738731384
0.114885114885115,1,"FSE","Tac2","wisp",80,0.0290913581848145,427.728501081467,29.9143071174622,1.79513120651245
0.493145743145743,0,"FSE","Vip","wisp",80,0.0293011665344238,426.269878864288,28.6204409599304,1.68565964698792
0.78755033485383,1,"SVG","Pvalb","ELLA",80,0.0388209819793701,418.660535097122,32.9334063529968,1.7362232208252
0.904141902754739,1,"SVG","Slc17a7","ELLA",80,0.0292532444000244,425.60621213913,21.9722917079926,1.68773722648621
0.861203553362557,1,"SVG","Tac2","ELLA",80,0.0324656963348389,443.387887001038,24.3710117340088,1.69161748886108
0.976201921796038,0,"SVG","Vip","ELLA",80,0.0302588939666748,439.416900157928,23.9184587001801,1.70590662956238
-0.153919024472154,0.130472118267789,"rate_effect","Slc17a7","DESeq2",80,0.0327942371368408,438.957689762115,27.6632163524628,1.71968770027161
0.152897022912558,0.0615883581340313,"rate_effect","Pvalb","DESeq2",80,0.0285742282867432,421.09440946579,29.6664223670959,1.71637344360352
0.715105287494944,0.256631028372794,"rate_effect","Tac2","DESeq2",80,0.0321705341339111,433.779055833817,24.2364208698273,1.66416764259338
-0.486762562596508,0,"rate_effect","Vip","DESeq2",80,0.0324299335479736,441.995455741882,30.9328153133392,1.71126890182495
1.76191811914069e-232,1,"FSE","Slc17a7","DESeq2",80,0.029210090637207,439.464953899384,34.3297638893127,1.69986629486084
4.83202715651161e-93,1,"FSE","Pvalb","DESeq2",80,0.0426244735717773,437.597018718719,24.8363919258118,1.68951106071472
0,1,"FSE","Tac2","DESeq2",80,0.0324771404266357,425.207281112671,34.9626548290253,1.69158744812012
0,0,"FSE","Vip","DESeq2",80,0.0298991203308105,418.647297859192,25.208455324173,1.70028805732727
-0.000855587770262432,0,"rate_effect","Pvalb","wisp",81,0.0298573970794678,427.855692625046,21.8786227703094,1.69300127029419
0.00709324669583591,0,"rate_effect","Slc17a7","wisp",81,0.0312502384185791,432.517842054367,28.3129653930664,1.68675136566162
-0.00553485886690655,0,"rate_effect","Tac2","wisp",81,0.0320358276367188,411.424299955368,27.6908824443817,1.68193197250366
-0.0433430941026955,0,"rate_effect","Vip","wisp",81,0.0310063362121582,427.761325597763,29.3594481945038,1.68344497680664
0.394858224917405,0.41760610928759,"random_effect","replicate1","wisp",81,0.0334844589233398,428.166197538376,26.1797046661377,1.7228901386261
0.393722420110189,0.422418280970305,"random_effect","replicate2","wisp",81,0.0315742492675781,434.415714979172,25.5722579956055,1.75341796875
-0.632558184372674,-0.434215022018179,"random_effect","replicate3","wisp",81,0.0306034088134766,423.648044109344,28.6630384922028,2.33507633209229
0.0962875342038755,-0.0463393062818795,"random_effect","replicate4","wisp",81,0.0319352149963379,457.630842685699,30.2729852199554,1.71965885162354
1.31315623152358,0,"FSE","Pvalb","wisp",81,0.0309898853302002,427.793577194214,24.6332676410675,1.78945779800415
1.42626760994108,0,"FSE","Slc17a7","wisp",81,0.0248186588287354,427.134085416794,20.8497416973114,1.70171666145325
2.13118881118881,0,"FSE","Tac2","wisp",81,0.0303020477294922,449.407165288925,26.851879119873,1.69535422325134
0.477078477078477,0,"FSE","Vip","wisp",81,0.0301089286804199,428.247339248657,29.8079919815063,1.66396045684814
0.996806028980895,0,"SVG","Pvalb","ELLA",81,0.0322089195251465,408.884809732437,26.4115223884583,1.72398972511292
0.988684829492539,0,"SVG","Slc17a7","ELLA",81,0.0315802097320557,422.765319108963,25.9771552085876,1.73013639450073
0.930479583577025,0,"SVG","Tac2","ELLA",81,0.0289065837860107,439.160111427307,22.1827802658081,1.76004147529602
0.910087120201152,1,"SVG","Vip","ELLA",81,0.0298852920532227,427.017245531082,28.7798230648041,1.70368719100952
0.00628276164393014,0,"rate_effect","Slc17a7","DESeq2",81,0.0346510410308838,423.745444536209,30.480721950531,1.68005108833313
0.000100063565098262,0,"rate_effect","Pvalb","DESeq2",81,0.0336208343505859,457.350196123123,29.9804899692535,1.70068073272705
7.03525158578541e-05,0,"rate_effect","Tac2","DESeq2",81,0.0338809490203857,436.45938372612,22.8680624961853,1.66281175613403
-5.13687946919817e-05,0,"rate_effect","Vip","DESeq2",81,0.034174919128418,440.511873960495,28.8962671756744,1.64716815948486
0.00683377377817678,0,"FSE","Slc17a7","DESeq2",81,0.0303421020507812,427.628512382507,22.2104892730713,1.71368527412415
0.187961830040209,0,"FSE","Pvalb","DESeq2",81,0.0332088470458984,344.416242599487,30.4543399810791,1.69739413261414
0.918764471453572,0,"FSE","Tac2","DESeq2",81,0.0305843353271484,431.98536658287,24.406289100647,1.68058586120605
0.270822135703567,0,"FSE","Vip","DESeq2",81,0.0328588485717773,449.26571059227,33.3354132175446,1.73019027709961
-0.013807516816357,0,"rate_effect","Pvalb","wisp",82,0.0297694206237793,439.159985542297,26.3205349445343,1.71449494361877
0.962217988062105,0.299888395005837,"rate_effect","Slc17a7","wisp",82,0.0305607318878174,428.652082204819,30.6755955219269,1.88950419425964
0.0267353258630145,0,"rate_effect","Tac2","wisp",82,0.0316033363342285,445.094449043274,42.2195236682892,1.67439436912537
0.604375439493572,0.129962791921571,"rate_effect","Vip","wisp",82,0.0265688896179199,435.233200311661,26.1416709423065,1.71018147468567
-0.34005268850374,-0.263529251329601,"random_effect","replicate1","wisp",82,0.0327644348144531,439.456162452698,26.0999274253845,1.78638219833374
-0.216389194157724,-0.126896990695968,"random_effect","replicate2","wisp",82,0.0307676792144775,437.681057214737,27.9302146434784,1.65710139274597
0.185265835528113,0.0538733780849725,"random_effect","replicate3","wisp",82,0.0290651321411133,427.405111312866,22.3053696155548,1.72048687934875
0.335749671000916,0.285251409048215,"random_effect","replicate4","wisp",82,0.0320477485656738,433.640318632126,29.350049495697,1.72802352905273
0.492035742035742,0,"FSE","Pvalb","wisp",82,0.0298590660095215,448.810079097748,25.333607673645,1.71256875991821
0.141608391608392,1,"FSE","Slc17a7","wisp",82,0.0316283702850342,455.552742004395,29.5427038669586,1.7094087600708
0.38977022977023,0,"FSE","Tac2","wisp",82,0.0333898067474365,440.108868360519,23.9051141738892,1.67539310455322
0.117398226773227,1,"FSE","Vip","wisp",82,0.0299966335296631,419.217404127121,32.1976454257965,1.70710897445679
0.887631569460769,1,"SVG","Pvalb","ELLA",82,0.0458025932312012,433.931190729141,28.3724331855774,1.67933249473572
0.884763723663263,1,"SVG","Slc17a7","ELLA",82,0.0300023555755615,429.552792310715,29.0982015132904,1.65337753295898
0.835052956570772,1,"SVG","Tac2","ELLA",82,0.0322961807250977,435.765223503113,31.6087048053741,1.71501207351685
7.33339378444775e-07,1,"SVG","Vip","ELLA",82,0.0341274738311768,417.889683008194,28.9951059818268,1.70399403572083
1.01350639776688,0,"rate_effect","Slc17a7","DESeq2",82,0.0294394493103027,453.733312368393,25.2916481494904,1.77246928215027
-0.342552299473351,0.299888395005837,"rate_effect","Pvalb","DESeq2",82,0.0308578014373779,468.61527967453,25.4667437076569,1.71070170402527
-0.315624171249326,0,"rate_effect","Tac2","DESeq2",82,0.820080041885376,436.097178220749,26.8479788303375,1.66347169876099
0.312428048721018,0.129962791921571,"rate_effect","Vip","DESeq2",82,0.0320253372192383,431.81830573082,30.8184201717377,1.66999959945679
0,0,"FSE","Slc17a7","DESeq2",82,0.0323450565338135,407.469310998917,23.6902546882629,1.6712794303894
1.9126395501481e-181,1,"FSE","Pvalb","DESeq2",82,0.0303232669830322,458.878425359726,29.6515972614288,1.6605019569397
2.28946371520412e-81,0,"FSE","Tac2","DESeq2",82,0.0322065353393555,419.259837388992,28.8181869983673,1.6933798789978
9.31828750490993e-114,1,"FSE","Vip","DESeq2",82,0.0321733951568604,430.462215185165,29.7094798088074,1.70585680007935
-0.00500814172802997,0,"rate_effect","Pvalb","wisp",83,0.0398569107055664,434.449024200439,32.2220323085785,1.69411945343018
-0.00045924488076048,0,"rate_effect","Slc17a7","wisp",83,0.0285923480987549,429.197801351547,26.8881816864014,1.82680439949036
0.00942085781056115,0,"rate_effect","Tac2","wisp",83,0.0303695201873779,462.501043796539,27.2750470638275,1.7259795665741
-0.0431270440469052,0,"rate_effect","Vip","wisp",83,0.0310995578765869,422.670966625214,21.7350451946259,1.75525784492493
-0.309611835900352,-0.0807075337506831,"random_effect","replicate1","wisp",83,0.0324530601501465,428.048925638199,30.4400534629822,1.65608763694763
0.192111357282192,0.268442922271788,"random_effect","replicate2","wisp",83,0.80547022819519,440.463515520096,28.439962387085,1.65983462333679
-0.206104337791246,0.0118157609831542,"random_effect","replicate3","wisp",83,0.0333585739135742,445.77917599678,26.5162720680237,1.65799617767334
0.293160000126078,0.496700657531619,"random_effect","replicate4","wisp",83,0.834730386734009,404.486200332642,22.7781071662903,1.70609188079834
0.861222111222111,0,"FSE","Pvalb","wisp",83,0.0285840034484863,414.615249633789,23.4158487319946,1.73908114433289
1.17145354645355,0,"FSE","Slc17a7","wisp",83,0.0306859016418457,433.938928842545,33.8327622413635,1.7237377166748
3.17164085914086,0,"FSE","Tac2","wisp",83,0.0308890342712402,422.670696020126,25.4336326122284,1.66652059555054
1.76018426018426,0,"FSE","Vip","wisp",83,0.0306036472320557,419.418052911758,25.2467229366302,1.70362830162048
0.979803892280767,1,"SVG","Pvalb","ELLA",83,0.0317995548248291,461.469823598862,32.3803489208221,1.67511296272278
0.963032669707577,0,"SVG","Slc17a7","ELLA",83,0.0344686508178711,434.89457821846,27.1384015083313,1.70538330078125
0.868179871005019,0,"SVG","Tac2","ELLA",83,0.0282166004180908,443.423809051514,32.3087086677551,1.67403841018677
0.951162091895993,0,"SVG","Vip","ELLA",83,0.0308902263641357,431.944690704346,30.5837070941925,1.7223334312439
0.00168261512574689,0,"rate_effect","Slc17a7","DESeq2",83,0.0291938781738281,425.225584983826,23.5495102405548,1.67557716369629
0.000324282995555246,0,"rate_effect","Pvalb","DESeq2",83,0.0274803638458252,449.36609172821,29.871399641037,1.7144455909729
-0.000114570444751349,0,"rate_effect","Tac2","DESeq2",83,0.0323798656463623,397.502710580826,26.9996373653412,1.68184280395508
2.82727176402373e-06,0,"rate_effect","Vip","DESeq2",83,0.0408256053924561,431.450164318085,30.4177463054657,1.70918226242065
0.795567326979434,0,"FSE","Slc17a7","DESeq2",83,0.0313534736633301,438.536264657974,29.9569611549377,1.84068560600281
0.791309730636509,0,"FSE","Pvalb","DESeq2",83,0.0400087833404541,433.042570114136,30.6304001808167,1.66168165206909
0.791309730636509,0,"FSE","Tac2","DESeq2",83,0.817047119140625,430.118763923645,24.3502914905548,1.6999716758728
0.791309730636509,0,"FSE","Vip","DESeq2",83,0.0297436714172363,437.071761846542,23.595419883728,1.64554500579834
0.0552585328299491,0,"rate_effect","Pvalb","wisp",84,0.032271146774292,436.101019144058,24.8949110507965,1.70548939704895
0.0613958098204387,0,"rate_effect","Slc17a7","wisp",84,0.0315263271331787,432.288017749786,30.956157207489,1.69679665565491
-0.120405071635525,0,"rate_effect","Tac2","wisp",84,0.0336310863494873,437.491618871689,23.7585678100586,1.71569228172302
0.00353673691913907,0,"rate_effect","Vip","wisp",84,1.60711026191711,421.640034914017,25.7011733055115,1.6941704750061
-0.295278506044333,-0.302352411439642,"random_effect","replicate1","wisp",84,0.0332968235015869,424.412275791168,31.337925195694,1.72009944915771
-0.435616317106997,-0.390406126854941,"random_effect","replicate2","wisp",84,0.0317978858947754,432.436423778534,26.7529740333557,1.69773530960083
0.359597506365678,0.355457211844623,"random_effect","replicate3","wisp",84,0.0310676097869873,423.374612569809,30.5652163028717,1.68888401985168
0.319890780881705,0.0691497742664069,"random_effect","replicate4","wisp",84,0.0288574695587158,432.843449831009,27.3957550525665,1.6828761100769
0.683205683205683,0,"FSE","Pvalb","wisp",84,0.0459022521972656,226.993104219437,24.1935837268829,1.51726198196411
1.28121878121878,0,"FSE","Slc17a7","wisp",84,0.0322229862213135,331.06693983078,30.7433168888092,1.6044819355011
0.681094415788293,0,"FSE","Tac2","wisp",84,0.0333068370819092,374.853465080261,21.7227132320404,1.55030393600464
1.74575424575425,0,"FSE","Vip","wisp",84,0.0307085514068604,384.058814287186,22.0142612457275,1.6028254032135
0.822197809716143,1,"SVG","Pvalb","ELLA",84,0.0302438735961914,391.767779111862,25.2758643627167,1.53045392036438
0.768465411117672,1,"SVG","Slc17a7","ELLA",84,0.0305290222167969,388.461657047272,23.9431219100952,1.55912685394287
2.7499999083469e-07,1,"SVG","Tac2","ELLA",84,0.0326883792877197,384.937769889832,29.8561155796051,1.56570911407471
0.869828011719121,0,"SVG","Vip","ELLA",84,0.026921272277832,389.509970188141,21.9643669128418,1.66833257675171
-5.41008993596929e-05,0,"rate_effect","Slc17a7","DESeq2",84,0.0267267227172852,388.007637023926,30.0672695636749,1.57240080833435
0.000933886346380041,0,"rate_effect","Pvalb","DESeq2",84,0.0300586223602295,418.203063964844,30.2898714542389,1.61718273162842
0.000233420616071632,0,"rate_effect","Tac2","DESeq2",84,0.0290942192077637,406.942582845688,31.5599641799927,1.58856463432312
-1.70406332603465e-05,0,"rate_effect","Vip","DESeq2",84,0.0287714004516602,429.646015167236,26.2195875644684,1.60668730735779
0.930556677432273,0,"FSE","Slc17a7","DESeq2",84,0.0317835807800293,341.669018268585,26.9653091430664,1.54579663276672
0.930556677432273,0,"FSE","Pvalb","DESeq2",84,0.0308656692504883,410.980796337128,26.0913398265839,1.58828997612
0.930556677432273,0,"FSE","Tac2","DESeq2",84,0.0299198627471924,381.337107896805,27.0866591930389,1.55881309509277
0.930556677432273,0,"FSE","Vip","DESeq2",84,0.0317187309265137,406.580022573471,25.456356048584,2.13756680488586
-0.00388739250615877,0,"rate_effect","Pvalb","wisp",85,0.0320427417755127,381.373903751373,26.0200519561768,1.62136936187744
-0.131129367116149,0,"rate_effect","Slc17a7","wisp",85,0.0314962863922119,398.525640964508,30.7137763500214,1.63695192337036
-1.30764765434362,-0.324867818271741,"rate_effect","Tac2","wisp",85,0.0254049301147461,391.480886697769,26.8268549442291,1.66666102409363
-0.293873404736185,0,"rate_effect","Vip","wisp",85,0.0256845951080322,386.229352712631,22.1226570606232,2.23532843589783
-0.113914343406175,-0.0831745029427111,"random_effect","replicate1","wisp",85,0.0274255275726318,393.043655633926,26.3135740756989,1.62186360359192
0.311383161176319,0.231061616213992,"random_effect","replicate2","wisp",85,0.0314497947692871,399.737291574478,27.4356372356415,1.54793643951416
-0.385462463211982,-0.295514580793679,"random_effect","replicate3","wisp",85,0.0278842449188232,407.994123220444,30.0831542015076,1.70397877693176
0.291389214198113,0.227782779606059,"random_effect","replicate4","wisp",85,0.0312459468841553,454.349458694458,27.4588553905487,1.65162825584412
1.28221778221778,0,"FSE","Pvalb","wisp",85,0.0302815437316895,416.451984167099,27.4706983566284,1.66848421096802
0.0741758241758244,0,"FSE","Slc17a7","wisp",85,0.030287504196167,445.160679101944,26.9797604084015,1.6416482925415
0,1,"FSE","Tac2","wisp",85,0.0270621776580811,418.129014253616,28.2524511814117,1.66839957237244
0.493946053946054,0,"FSE","Vip","wisp",85,0.025137186050415,427.151807546616,30.0656287670135,1.72059488296509
0.939847441338598,0,"SVG","Pvalb","ELLA",85,0.0248410701751709,419.83846116066,32.9552249908447,1.71002101898193
0.89508784756516,1,"SVG","Slc17a7","ELLA",85,0.031097412109375,420.148341417313,25.3059678077698,1.70672941207886
3.66675370344627e-07,1,"SVG","Tac2","ELLA",85,0.0304763317108154,422.099095344543,27.7931344509125,1.73184728622437
5.50001405918987e-07,1,"SVG","Vip","ELLA",85,0.0281741619110107,436.614368438721,25.8525140285492,1.87365055084229
0.010032200730613,0,"rate_effect","Slc17a7","DESeq2",85,0.031022310256958,431.403715372086,31.1884779930115,1.73899722099304
-0.00371101248164081,0,"rate_effect","Pvalb","DESeq2",85,0.0317983627319336,446.260487318039,21.985191822052,1.75307321548462
-2.95613099575707,-0.324867818271741,"rate_effect","Tac2","DESeq2",85,0.0358791351318359,425.043972253799,28.740198135376,1.71167206764221
0.0419180737574329,0,"rate_effect","Vip","DESeq2",85,0.0326249599456787,432.28660774231,34.3577883243561,1.82336187362671
0.214849634387301,0,"FSE","Slc17a7","DESeq2",85,0.025691032409668,413.085528612137,26.3216788768768,1.68938827514648
0.733548259616086,0,"FSE","Pvalb","DESeq2",85,0.0321977138519287,431.868797302246,31.4128401279449,1.72128224372864
0,1,"FSE","Tac2","DESeq2",85,0.0303294658660889,427.370543956757,21.0685846805573,1.7031238079071
0.0137866831882014,0,"FSE","Vip","DESeq2",85,0.031196117401123,438.467203855515,26.1320161819458,1.84325361251831
-0.824021466819274,-0.194238306954503,"rate_effect","Pvalb","wisp",86,0.0318443775177002,416.291744470596,28.2499594688416,1.83968019485474
0.69241671235947,0.209868617821485,"rate_effect","Slc17a7","wisp",86,0.0282285213470459,444.577963352203,21.2990975379944,2.37900733947754
0.244526962352042,0.0842008322943002,"rate_effect","Tac2","wisp",86,0.029576301574707,425.557831048965,32.9004528522491,2.33510065078735
0.604457132557537,0.335485945921391,"rate_effect","Vip","wisp",86,0.0261030197143555,454.543220043182,25.3657302856445,1.65312337875366
0.162615078586903,-0.0940101388841867,"random_effect","replicate1","wisp",86,0.030604362487793,448.491393089294,27.0592975616455,1.72818160057068
0.430542328817324,0.443116727983579,"random_effect","replicate2","wisp",86,0.0423741340637207,418.818164825439,24.772531747818,1.71317410469055
0.222831180133713,-0.0688895606435835,"random_effect","replicate3","wisp",86,0.0336840152740479,421.485532522202,26.0124709606171,1.66458964347839
-0.569480048003213,-0.447933390503749,"random_effect","replicate4","wisp",86,0.0301039218902588,419.07643198967,23.9351878166199,1.70808434486389
0.167112887112887,1,"FSE","Pvalb","wisp",86,0.029496431350708,443.56943154335,25.7597060203552,1.6528697013855
0.157967032967033,1,"FSE","Slc17a7","wisp",86,0.0322501659393311,423.658175468445,25.207447052002,1.70782256126404
0.274662837162837,1,"FSE","Tac2","wisp",86,0.0313875675201416,427.1850502491,25.8664109706879,2.41867923736572
0.128871128871129,1,"FSE","Vip","wisp",86,0.0261313915252686,428.541162490845,22.9495022296906,1.70014810562134
0.984995744826665,1,"SVG","Pvalb","ELLA",86,0.816929817199707,433.676968336105,31.5241286754608,2.48922324180603
0.845749313760181,1,"SVG","Slc17a7","ELLA",86,0.0293712615966797,430.996541023254,24.3395192623138,1.70786213874817
1.10005396325441e-06,1,"SVG","Tac2","ELLA",86,0.0294525623321533,435.360939741135,24.5862038135529,1.74760770797729
0.88927842686,1,"SVG","Vip","ELLA",86,0.0314376354217529,431.56404876709,26.8166272640228,1.69978642463684
0.29089350537009,-0.194238306954503,"rate_effect","Slc17a7","DESeq2",86,0.0298619270324707,443.675142288208,30.911069393158,1.68198251724243
-2.13397176900621,0.209868617821485,"rate_effect","Pvalb","DESeq2",86,0.0369207859039307,443.817051887512,31.6257169246674,1.67301535606384
-0.29847569727138,0.0842008322943002,"rate_effect","Tac2","DESeq2",86,0.0287370681762695,425.840946435928,20.6871118545532,1.69628477096558
0.716698143539737,0.335485945921391,"rate_effect","Vip","DESeq2",86,0.816901922225952,418.899758338928,25.4150378704071,1.71676182746887
1.18870439337348e-91,1,"FSE","Slc17a7","DESeq2",86,0.0307743549346924,427.506590843201,28.1352660655975,1.71242094039917
0,1,"FSE","Pvalb","DESeq2",86,0.0329976081848145,430.744173049927,26.0876758098602,1.68078994750977
1.66439436188229e-46,1,"FSE","Tac2","DESeq2",86,0.0331697463989258,343.210713863373,25.4671909809113,1.68777298927307
1.04463927214864e-298,1,"FSE","Vip","DESeq2",86,0.0300967693328857,440.774281978607,23.2325868606567,2.37251234054565
-0.238878740546523,0,"rate_effect","Pvalb","wisp",87,0.812228679656982,421.734682798386,24.0035390853882,1.67496418952942
-0.021995663103532,0,"rate_effect","Slc17a7","wisp",87,0.0344059467315674,414.342206716537,31.1541674137115,1.68140697479248
0.866759395553391,0.357778100064024,"rate_effect","Tac2","wisp",87,0.0330021381378174,437.451224327087,29.745246887207,1.75335311889648
0.780763693083404,0.285882304655388,"rate_effect","Vip","wisp",87,0.0306010246276855,442.808385372162,28.5078384876251,1.74131655693054
-0.174900738342505,0.0266722263768315,"random_effect","replicate1","wisp",87,0.0322425365447998,418.705527305603,32.1499083042145,1.71031928062439
-0.139793590511308,0.0714705504942685,"random_effect","replicate2","wisp",87,0.02848219871521,418.45457649231,31.55730676651,1.6748194694519
0.188546181990065,0.336676401318982,"random_effect","replicate3","wisp",87,0.0327200889587402,418.613175630569,21.0245373249054,2.49808239936829
0.105572501981829,0.192587673664093,"random_effect","replicate4","wisp",87,0.0323636531829834,451.664989948273,26.4137582778931,1.71981382369995
0.893293293293293,0,"FSE","Pvalb","wisp",87,0.0289516448974609,431.30482840538,26.2738811969757,1.79348587989807
1.05577800022244,0,"FSE","Slc17a7","wisp",87,0.0340394973754883,424.700837850571,28.7098228931427,1.66401886940002
0.01220665109554,1,"FSE","Tac2","wisp",87,0.0275821685791016,425.654767751694,28.4632177352905,1.66555500030518
0.00740740740740733,1,"FSE","Vip","wisp",87,0.0329325199127197,423.197243452072,33.9429748058319,1.6831533908844
0.921382796777298,1,"SVG","Pvalb","ELLA",87,0.0311880111694336,434.951207876205,25.2036564350128,1.74011588096619
0.891063204192577,1,"SVG","Slc17a7","ELLA",87,0.0296409130096436,440.225367546082,27.4221527576447,1.70881175994873
3.14286025648869e-07,1,"SVG","Tac2","ELLA",87,0.817978858947754,426.278552532196,33.1131513118744,1.70468354225159
4.39193408807714e-07,1,"SVG","Vip","ELLA",87,0.0321147441864014,422.636915206909,29.2182486057281,1.70727491378784
-0.666994560719579,0,"rate_effect","Slc17a7","DESeq2",87,0.0328273773193359,447.521906852722,29.8023293018341,1.68975639343262
-0.658797176433277,0,"rate_effect","Pvalb","DESeq2",87,0.0354571342468262,452.610210418701,26.6774995326996,1.70772361755371
0.901373537673007,0.357778100064024,"rate_effect","Tac2","DESeq2",87,0.0321264266967773,433.965416669846,32.878084897995,1.7208776473999
0.654167868055139,0.285882304655388,"rate_effect","Vip","DESeq2",87,0.0312814712524414,422.190920829773,24.4393150806427,1.70067930221558
0,0,"FSE","Slc17a7","DESeq2",87,0.0330197811126709,418.523633003235,25.5854187011719,1.69677972793579
0,0,"FSE","Pvalb","DESeq2",87,0.034435510635376,420.346521377563,26.4988250732422,1.68244385719299
0,1,"FSE","Tac2","DESeq2",87,0.0320837497711182,450.666950464249,31.1645810604095,1.67498111724854
0,1,"FSE","Vip","DESeq2",87,0.0363020896911621,457.17814874649,21.4324703216553,1.71121692657471
0.0969177026277433,0,"rate_effect","Pvalb","wisp",88,0.029810905456543,428.343622922897,28.0981600284576,1.70960855484009
-0.0167718640612893,0,"rate_effect","Slc17a7","wisp",88,0.0300595760345459,430.763073682785,25.8358247280121,1.69846940040588
0.00338436418614364,0,"rate_effect","Tac2","wisp",88,0.0283267498016357,397.332173585892,18.7034997940063,1.69594931602478
-0.0730126339883174,0,"rate_effect","Vip","wisp",88,0.0276176929473877,442.712224245071,28.8775310516357,1.6610062122345
0.535355724563289,-0.182311044074595,"random_effect","replicate1","wisp",88,0.0308253765106201,427.544069766998,28.7976498603821,1.63383769989014
0.479810000204178,-0.217287928098813,"random_effect","replicate2","wisp",88,0.809355020523071,410.579885721207,29.0670175552368,1.86269569396973
0.184169985366004,-0.387619378045201,"random_effect","replicate3","wisp",88,0.0337629318237305,423.401099443436,29.6546030044556,1.68249821662903
-0.788009512241345,-0.497578009031713,"random_effect","replicate4","wisp",88,0.0272953510284424,422.697418212891,28.5365047454834,1.725830078125
1.52993967927027,0,"FSE","Pvalb","wisp",88,0.029818058013916,439.7497215271,28.5780348777771,1.66135263442993
1.19609491582421,0,"FSE","Slc17a7","wisp",88,0.0316903591156006,433.967046022415,28.9943070411682,1.69037532806396
1.28249858130688,0,"FSE","Tac2","wisp",88,0.0298211574554443,431.580412626266,25.7868802547455,1.6839165687561
1.43145668840828,0,"FSE","Vip","wisp",88,0.030144214630127,421.375997781754,24.3016586303711,1.71349835395813
0.876794007700266,1,"SVG","Pvalb","ELLA",88,0.807829141616821,465.29434800148,29.0233175754547,1.72194504737854
0.826206669092997,0,"SVG","Slc17a7","ELLA",88,0.0383744239807129,429.53732085228,28.4468386173248,1.68207979202271
0.846661836666425,0,"SVG","Tac2","ELLA",88,0.0290732383728027,429.263690233231,27.6097779273987,1.72484445571899
0.910032430643027,1,"SVG","Vip","ELLA",88,0.0312666893005371,437.413307189941,27.8502190113068,1.60901474952698
4.43803642263498e-06,0,"rate_effect","Slc17a7","DESeq2",88,0.805010795593262,426.455203294754,26.4656774997711,1.70355725288391
-0.000150538120773484,0,"rate_effect","Pvalb","DESeq2",88,0.0289487838745117,436.127036333084,28.2870264053345,1.67139077186584
-0.000130436011466634,0,"rate_effect","Tac2","DESeq2",88,0.03226637840271,420.098921537399,31.8938703536987,1.69554042816162
-1.86123966146554e-05,0,"rate_effect","Vip","DESeq2",88,0.032975435256958,438.165823221207,30.2825698852539,1.69946098327637
0.913532521974411,0,"FSE","Slc17a7","DESeq2",88,0.0294399261474609,422.019849300385,30.9425678253174,1.66973900794983
0.913532521974411,0,"FSE","Pvalb","DESeq2",88,0.0314321517944336,431.475331306458,22.7149419784546,1.67200517654419
0.913532521974411,0,"FSE","Tac2","DESeq2",88,0.0310087203979492,456.257085084915,32.455356836319,1.71188235282898
0.913532521974411,0,"FSE","Vip","DESeq2",88,0.0314266681671143,415.877539396286,24.0265824794769,1.67043447494507
-0.0145688137613729,0,"rate_effect","Pvalb","wisp",89,0.0294971466064453,416.692481517792,28.3475487232208,1.67638111114502
-0.000796311941981208,0,"rate_effect","Slc17a7","wisp",89,0.0342004299163818,336.719402313232,26.6872763633728,1.68443870544434
0.0183297323956953,0,"rate_effect","Tac2","wisp",89,0.0316140651702881,440.845675230026,27.6376297473907,1.67763209342957
0.0423908732037889,0,"rate_effect","Vip","wisp",89,0.0327372550964355,439.942652225494,29.3641135692596,1.70473194122314
0.32083500704979,0.484728061361238,"random_effect","replicate1","wisp",89,0.0318393707275391,427.237243175507,26.6134941577911,1.71749186515808
-0.214791952754532,-0.055017790524289,"random_effect","replicate2","wisp",89,0.0313699245452881,439.644544839859,28.5925753116608,1.69865012168884
-0.0831751780057997,0.0497863912023604,"random_effect","replicate3","wisp",89,0.0302164554595947,430.495224475861,30.2653694152832,1.85662579536438
-0.233445280371817,-0.0383315966464579,"random_effect","replicate4","wisp",89,0.0278749465942383,433.838924407959,19.8628737926483,1.78214120864868
0.934990546101657,0,"FSE","Pvalb","wisp",89,0.0278384685516357,430.360751152039,22.3971903324127,1.76852321624756
1.47199977755533,0,"FSE","Slc17a7","wisp",89,0.0297048091888428,444.295955896378,24.0693807601929,1.65312027931213
1.17185935935936,0,"FSE","Tac2","wisp",89,0.0325343608856201,439.585692644119,22.7576236724854,1.69080781936646
1.29189189189189,0,"FSE","Vip","wisp",89,0.0392982959747314,440.06645655632,24.0361716747284,1.71503973007202
0.780751298317838,1,"SVG","Pvalb","ELLA",89,0.029843807220459,437.265570402145,32.5572719573975,1.693115234375
0.842635064965694,0,"SVG","Slc17a7","ELLA",89,0.0291032791137695,439.432435512543,28.7472431659698,1.66761207580566
0.785569434955468,0,"SVG","Tac2","ELLA",89,0.0333409309387207,453.339238643646,31.4272742271423,1.68288779258728
0.962508521334226,0,"SVG","Vip","ELLA",89,0.0347957611083984,417.253128051758,31.6567099094391,1.64820694923401
-0.00579317875919581,0,"rate_effect","Slc17a7","DESeq2",89,0.0314128398895264,437.256318807602,26.5088288784027,1.63021802902222
6.76875914518067e-05,0,"rate_effect","Pvalb","DESeq2",89,0.0340812206268311,430.002932310104,29.5874364376068,1.69731545448303
3.61893822943468e-06,0,"rate_effect","Tac2","DESeq2",89,0.0293447971343994,435.143224954605,28.5866005420685,1.70678520202637
6.98975289680933e-06,0,"rate_effect","Vip","DESeq2",89,0.0311143398284912,445.551970005035,28.4414129257202,1.71600365638733
0.0962645526157422,0,"FSE","Slc17a7","DESeq2",89,0.0289325714111328,403.162273168564,26.9035997390747,1.71544790267944
0.0962645526157422,0,"FSE","Pvalb","DESeq2",89,0.0286831855773926,430.203703165054,26.6837778091431,1.66840791702271
0.96193530779196,0,"FSE","Tac2","DESeq2",89,1.57948327064514,437.185100317001,27.2536680698395,1.667564868927
0.96193530779196,0,"FSE","Vip","DESeq2",89,0.034404993057251,445.910422801971,27.2072422504425,1.68012309074402
-3.21391666967681,-0.481760278809816,"rate_effect","Pvalb","wisp",90,0.0283098220825195,453.391103506088,26.5794351100922,1.68018746376038
0.000199009038679802,-0.0290350317955017,"rate_effect","Slc17a7","wisp",90,0.801506280899048,419.876414775848,24.7873849868774,1.75839638710022
0.0119403949970631,0,"rate_effect","Tac2","wisp",90,0.0307512283325195,428.397931814194,25.2241079807281,1.7059383392334
0.0115473760244559,0,"rate_effect","Vip","wisp",90,0.0340209007263184,436.847017526627,28.057745218277,1.85157752037048
0.265931965766591,0.227608857443556,"random_effect","replicate1","wisp",90,0.0325219631195068,418.58698797226,21.6276752948761,1.68365335464478
-0.39100921141106,-0.271799485431984,"random_effect","replicate2","wisp",90,0.029606819152832,451.323617219925,28.6904950141907,1.68021440505981
-0.244859449571029,-0.148733282927424,"random_effect","replicate3","wisp",90,0.0282809734344482,451.912832021713,22.7493710517883,1.72066164016724
0.345713002028196,0.393290019594133,"random_effect","replicate4","wisp",90,0.801509857177734,422.313986063004,26.464081287384,1.70801472663879
0.0157620157620157,1,"FSE","Pvalb","wisp",90,0.035719633102417,420.760576486588,28.6639797687531,1.73553800582886
0.232954545454545,1,"FSE","Slc17a7","wisp",90,0.0332770347595215,423.522397279739,32.0795929431915,1.68319892883301
1.41566433566434,0,"FSE","Tac2","wisp",90,0.0316963195800781,452.135765552521,27.33478307724,1.69501924514771
1.2032967032967,0,"FSE","Vip","wisp",90,0.0274889469146729,429.882750511169,29.0840692520142,2.21656131744385
0.868165391493908,1,"SVG","Pvalb","ELLA",90,0.0337462425231934,456.47945690155,29.6877138614655,1.71448874473572
0.892388870375804,1,"SVG","Slc17a7","ELLA",90,0.0293803215026855,422.508548974991,28.0290486812592,1.72083115577698
0.954371813111403,0,"SVG","Tac2","ELLA",90,0.0302333831787109,425.557153701782,25.630185842514,1.71045875549316
0.859471381364011,0,"SVG","Vip","ELLA",90,0.0314383506774902,456.831465482712,28.0305428504944,1.73749208450317
-0.0834191578882956,-0.481760278809816,"rate_effect","Slc17a7","DESeq2",90,0.0300333499908447,420.228207826614,25.318615436554,1.76744961738586
-9.33554250515279,-0.0290350317955017,"rate_effect","Pvalb","DESeq2",90,0.029646635055542,425.508758306503,32.9703578948975,1.67997980117798
0.104662955608931,0,"rate_effect","Tac2","DESeq2",90,0.795555591583252,424.274295568466,28.6420726776123,1.70204496383667
0.0963185078628908,0,"rate_effect","Vip","DESeq2",90,0.0330798625946045,427.26707816124,18.6909942626953,1.63834738731384
5.35327049365801e-35,1,"FSE","Slc17a7","DESeq2",90,0.0290913581848145,427.728501081467,29.9143071174622,1.79513120651245
0,1,"FSE","Pvalb","DESeq2",90,0.0293011665344238,426.269878864288,28.6204409599304,1.68565964698792
1.26430860292246e-11,0,"FSE","Tac2","DESeq2",90,0.0388209819793701,418.660535097122,32.9334063529968,1.7362232208252
3.48776233326672e-12,0,"FSE","Vip","DESeq2",90,0.0292532444000244,425.60621213913,21.9722917079926,1.68773722648621
0.155769524997497,0.0661055964883417,"rate_effect","Pvalb","wisp",91,0.0324656963348389,443.387887001038,24.3710117340088,1.69161748886108
-0.0215268935873847,0,"rate_effect","Slc17a7","wisp",91,0.0302588939666748,439.416900157928,23.9184587001801,1.70590662956238
-0.264106252925916,0,"rate_effect","Tac2","wisp",91,0.0327942371368408,438.957689762115,27.6632163524628,1.71968770027161
0.0698118253873523,0,"rate_effect","Vip","wisp",91,0.0285742282867432,421.09440946579,29.6664223670959,1.71637344360352
-0.598107006532922,-0.499183060135692,"random_effect","replicate1","wisp",91,0.0321705341339111,433.779055833817,24.2364208698273,1.66416764259338
0.644574015224486,-0.322596737882122,"random_effect","replicate2","wisp",91,0.0324299335479736,441.995455741882,30.9328153133392,1.71126890182495
0.230737127811258,-0.470390926115215,"random_effect","replicate3","wisp",91,0.029210090637207,439.464953899384,34.3297638893127,1.69986629486084
0.20795065956933,-0.47258571209386,"random_effect","replicate4","wisp",91,0.0426244735717773,437.597018718719,24.8363919258118,1.68951106071472
2.46620046620047,1,"FSE","Pvalb","wisp",91,0.0324771404266357,425.207281112671,34.9626548290253,1.69158744812012
1.74207042957043,0,"FSE","Slc17a7","wisp",91,0.0298991203308105,418.647297859192,25.208455324173,1.70028805732727
0.769168331668332,0,"FSE","Tac2","wisp",91,0.0298573970794678,427.855692625046,21.8786227703094,1.69300127029419
0.951808191808192,0,"FSE","Vip","wisp",91,0.0312502384185791,432.517842054367,28.3129653930664,1.68675136566162
0.853857575776824,1,"SVG","Pvalb","ELLA",91,0.0320358276367188,411.424299955368,27.6908824443817,1.68193197250366
0.820882739355772,0,"SVG","Slc17a7","ELLA",91,0.0310063362121582,427.761325597763,29.3594481945038,1.68344497680664
3.13423359821208e-07,1,"SVG","Tac2","ELLA",91,0.0334844589233398,428.166197538376,26.1797046661377,1.7228901386261
0.911531454510981,0,"SVG","Vip","ELLA",91,0.0315742492675781,434.415714979172,25.5722579956055,1.75341796875
-0.043160328382331,0.0661055964883417,"rate_effect","Slc17a7","DESeq2",91,0.0306034088134766,423.648044109344,28.6630384922028,2.33507633209229
0.28302384148196,0,"rate_effect","Pvalb","DESeq2",91,0.0319352149963379,457.630842685699,30.2729852199554,1.71965885162354
-0.0664161184328883,0,"rate_effect","Tac2","DESeq2",91,0.0309898853302002,427.793577194214,24.6332676410675,1.78945779800415
-0.0227427803704021,0,"rate_effect","Vip","DESeq2",91,0.0248186588287354,427.134085416794,20.8497416973114,1.70171666145325
0.522941093781494,1,"FSE","Slc17a7","DESeq2",91,0.0303020477294922,449.407165288925,26.851879119873,1.69535422325134
0.000211580179034601,0,"FSE","Pvalb","DESeq2",91,0.0301089286804199,428.247339248657,29.8079919815063,1.66396045684814
0.473763583452884,0,"FSE","Tac2","DESeq2",91,0.0322089195251465,408.884809732437,26.4115223884583,1.72398972511292
0.664886012546461,0,"FSE","Vip","DESeq2",91,0.0315802097320557,422.765319108963,25.9771552085876,1.73013639450073
0.00455658818254908,0,"rate_effect","Pvalb","wisp",92,0.0289065837860107,439.160111427307,22.1827802658081,1.76004147529602
-0.00260211258271273,0,"rate_effect","Slc17a7","wisp",92,0.0298852920532227,427.017245531082,28.7798230648041,1.70368719100952
-0.035308144304156,0,"rate_effect","Tac2","wisp",92,0.0346510410308838,423.745444536209,30.480721950531,1.68005108833313
-0.800576066984124,-0.162563631078228,"rate_effect","Vip","wisp",92,0.0336208343505859,457.350196123123,29.9804899692535,1.70068073272705
-0.317438609055794,-0.163062156876549,"random_effect","replicate1","wisp",92,0.0338809490203857,436.45938372612,22.8680624961853,1.66281175613403
0.262380333508388,0.399406457087025,"random_effect","replicate2","wisp",92,0.034174919128418,440.511873960495,28.8962671756744,1.64716815948486
0.187663556433668,0.258905910886824,"random_effect","replicate3","wisp",92,0.0303421020507812,427.628512382507,22.2104892730713,1.71368527412415
-0.0830345451008734,0.0842052272055298,"random_effect","replicate4","wisp",92,0.0332088470458984,344.416242599487,30.4543399810791,1.69739413261414
1.30162962962963,0,"FSE","Pvalb","wisp",92,0.0305843353271484,431.98536658287,24.406289100647,1.68058586120605
1.34091836734694,0,"FSE","Slc17a7","wisp",92,0.0328588485717773,449.26571059227,33.3354132175446,1.73019027709961
1.166,0,"FSE","Tac2","wisp",92,0.0297694206237793,439.159985542297,26.3205349445343,1.71449494361877
0.0176666666666667,1,"FSE","Vip","wisp",92,0.0305607318878174,428.652082204819,30.6755955219269,1.88950419425964
0.790981396787529,0,"SVG","Pvalb","ELLA",92,0.0316033363342285,445.094449043274,42.2195236682892,1.67439436912537
0.805168023898278,0,"SVG","Slc17a7","ELLA",92,0.0265688896179199,435.233200311661,26.1416709423065,1.71018147468567
4.40001193757755e-07,1,"SVG","Tac2","ELLA",92,0.0327644348144531,439.456162452698,26.0999274253845,1.78638219833374
0.973959040917558,1,"SVG","Vip","ELLA",92,0.0307676792144775,437.681057214737,27.9302146434784,1.65710139274597
0.0175257099169552,0,"rate_effect","Slc17a7","DESeq2",92,0.0290651321411133,427.405111312866,22.3053696155548,1.72048687934875
0.0185970134391339,0,"rate_effect","Pvalb","DESeq2",92,0.0320477485656738,433.640318632126,29.350049495697,1.72802352905273
-0.00728452953171563,0,"rate_effect","Tac2","DESeq2",92,0.0298590660095215,448.810079097748,25.333607673645,1.71256875991821
-1.1263282103853,-0.162563631078228,"rate_effect","Vip","DESeq2",92,0.0316283702850342,455.552742004395,29.5427038669586,1.7094087600708
0.000797323108164832,0,"FSE","Slc17a7","DESeq2",92,0.0333898067474365,440.108868360519,23.9051141738892,1.67539310455322
0.0542698057505239,0,"FSE","Pvalb","DESeq2",92,0.0299966335296631,419.217404127121,32.1976454257965,1.70710897445679
0.557698522734579,0,"FSE","Tac2","DESeq2",92,0.0458025932312012,433.931190729141,28.3724331855774,1.67933249473572
0,1,"FSE","Vip","DESeq2",92,0.0300023555755615,429.552792310715,29.0982015132904,1.65337753295898
-0.0462192849282899,0,"rate_effect","Pvalb","wisp",93,0.0322961807250977,435.765223503113,31.6087048053741,1.71501207351685
-0.0264950736204009,0,"rate_effect","Slc17a7","wisp",93,0.0341274738311768,417.889683008194,28.9951059818268,1.70399403572083
-0.0272204239551162,0,"rate_effect","Tac2","wisp",93,0.0294394493103027,453.733312368393,25.2916481494904,1.77246928215027
-0.669155215981895,-0.234245035797358,"rate_effect","Vip","wisp",93,0.0308578014373779,468.61527967453,25.4667437076569,1.71070170402527
-0.530127548128963,-0.388551682466641,"random_effect","replicate1","wisp",93,0.820080041885376,436.097178220749,26.8479788303375,1.66347169876099
0.354889366452215,0.458923295605928,"random_effect","replicate2","wisp",93,0.0320253372192383,431.81830573082,30.8184201717377,1.66999959945679
-0.0959783010352722,-0.0805664954241365,"random_effect","replicate3","wisp",93,0.0323450565338135,407.469310998917,23.6902546882629,1.6712794303894
0.349708271204528,0.423321436624974,"random_effect","replicate4","wisp",93,0.0303232669830322,458.878425359726,29.6515972614288,1.6605019569397
1.10902569235903,0,"FSE","Pvalb","wisp",93,0.0322065353393555,419.259837388992,28.8181869983673,1.6933798789978
1.93036786786787,0,"FSE","Slc17a7","wisp",93,0.0321733951568604,430.462215185165,29.7094798088074,1.70585680007935
1.06411967523079,0,"FSE","Tac2","wisp",93,0.0398569107055664,434.449024200439,32.2220323085785,1.69411945343018
0.0248216966966967,1,"FSE","Vip","wisp",93,0.0285923480987549,429.197801351547,26.8881816864014,1.82680439949036
0.92617143378865,0,"SVG","Pvalb","ELLA",93,0.0303695201873779,462.501043796539,27.2750470638275,1.7259795665741
0.802176575810768,1,"SVG","Slc17a7","ELLA",93,0.0310995578765869,422.670966625214,21.7350451946259,1.75525784492493
0.987620675298788,0,"SVG","Tac2","ELLA",93,0.0324530601501465,428.048925638199,30.4400534629822,1.65608763694763
1.10001152620054e-06,1,"SVG","Vip","ELLA",93,0.80547022819519,440.463515520096,28.439962387085,1.65983462333679
0.0132378254777103,0,"rate_effect","Slc17a7","DESeq2",93,0.0333585739135742,445.77917599678,26.5162720680237,1.65799617767334
0.00820476106348499,0,"rate_effect","Pvalb","DESeq2",93,0.834730386734009,404.486200332642,22.7781071662903,1.70609188079834
0.0117861573974351,0,"rate_effect","Tac2","DESeq2",93,0.0285840034484863,414.615249633789,23.4158487319946,1.73908114433289
-1.91750853953997,-0.234245035797358,"rate_effect","Vip","DESeq2",93,0.0306859016418457,433.938928842545,33.8327622413635,1.7237377166748
0.0546638061472741,0,"FSE","Slc17a7","DESeq2",93,0.0308890342712402,422.670696020126,25.4336326122284,1.66652059555054
0.552179872993691,0,"FSE","Pvalb","DESeq2",93,0.0306036472320557,419.418052911758,25.2467229366302,1.70362830162048
0.552179872993691,0,"FSE","Tac2","DESeq2",93,0.0317995548248291,461.469823598862,32.3803489208221,1.67511296272278
0,1,"FSE","Vip","DESeq2",93,0.0344686508178711,434.89457821846,27.1384015083313,1.70538330078125
0.00378363884020762,0,"rate_effect","Pvalb","wisp",94,0.0282166004180908,443.423809051514,32.3087086677551,1.67403841018677
0.197465639503344,0,"rate_effect","Slc17a7","wisp",94,0.0308902263641357,431.944690704346,30.5837070941925,1.7223334312439
-0.019597393299868,0,"rate_effect","Tac2","wisp",94,0.0291938781738281,425.225584983826,23.5495102405548,1.67557716369629
-0.0551826333559889,0,"rate_effect","Vip","wisp",94,0.0274803638458252,449.36609172821,29.871399641037,1.7144455909729
-0.0992704089652761,0.2174548341427,"random_effect","replicate1","wisp",94,0.0323798656463623,397.502710580826,26.9996373653412,1.68184280395508
-0.175173555209709,0.147874908754602,"random_effect","replicate2","wisp",94,0.0408256053924561,431.450164318085,30.4177463054657,1.70918226242065
0.0877803513316807,0.298999976366758,"random_effect","replicate3","wisp",94,0.0313534736633301,438.536264657974,29.9569611549377,1.84068560600281
0.16563827786993,0.435399991925806,"random_effect","replicate4","wisp",94,0.0400087833404541,433.042570114136,30.6304001808167,1.66168165206909
1.0260351893005,0,"FSE","Pvalb","wisp",94,0.817047119140625,430.118763923645,24.3502914905548,1.6999716758728
1.44367632367632,0,"FSE","Slc17a7","wisp",94,0.0297436714172363,437.071761846542,23.595419883728,1.64554500579834
1.22844502436339,0,"FSE","Tac2","wisp",94,0.032271146774292,436.101019144058,24.8949110507965,1.70548939704895
0.644168331668332,0,"FSE","Vip","wisp",94,0.0315263271331787,432.288017749786,30.956157207489,1.69679665565491
0.897892827849554,0,"SVG","Pvalb","ELLA",94,0.0336310863494873,437.491618871689,23.7585678100586,1.71569228172302
0.797350172988576,1,"SVG","Slc17a7","ELLA",94,1.60711026191711,421.640034914017,25.7011733055115,1.6941704750061
0.909215663050176,0,"SVG","Tac2","ELLA",94,0.0332968235015869,424.412275791168,31.337925195694,1.72009944915771
5.47097947445341e-07,1,"SVG","Vip","ELLA",94,0.0317978858947754,432.436423778534,26.7529740333557,1.69773530960083
0.000551511697357738,0,"rate_effect","Slc17a7","DESeq2",94,0.0310676097869873,423.374612569809,30.5652163028717,1.68888401985168
-7.96490958575592e-05,0,"rate_effect","Pvalb","DESeq2",94,0.0288574695587158,432.843449831009,27.3957550525665,1.6828761100769
-0.000142020061831428,0,"rate_effect","Tac2","DESeq2",94,0.0459022521972656,226.993104219437,24.1935837268829,1.51726198196411
0.000436350087468299,0,"rate_effect","Vip","DESeq2",94,0.0322229862213135,331.06693983078,30.7433168888092,1.6044819355011
0.792927378705646,0,"FSE","Slc17a7","DESeq2",94,0.0333068370819092,374.853465080261,21.7227132320404,1.55030393600464
0.792927378705646,0,"FSE","Pvalb","DESeq2",94,0.0307085514068604,384.058814287186,22.0142612457275,1.6028254032135
0.436011095927172,0,"FSE","Tac2","DESeq2",94,0.0302438735961914,391.767779111862,25.2758643627167,1.53045392036438
0.792927378705646,0,"FSE","Vip","DESeq2",94,0.0305290222167969,388.461657047272,23.9431219100952,1.55912685394287
-0.065837818909294,0,"rate_effect","Pvalb","wisp",95,0.0326883792877197,384.937769889832,29.8561155796051,1.56570911407471
0.14075279923711,0,"rate_effect","Slc17a7","wisp",95,0.026921272277832,389.509970188141,21.9643669128418,1.66833257675171
0.436819633181376,0.232597724534571,"rate_effect","Tac2","wisp",95,0.0267267227172852,388.007637023926,30.0672695636749,1.57240080833435
-0.0475926596270809,0,"rate_effect","Vip","wisp",95,0.0300586223602295,418.203063964844,30.2898714542389,1.61718273162842
0.102649203637344,0.251244947081432,"random_effect","replicate1","wisp",95,0.0290942192077637,406.942582845688,31.5599641799927,1.58856463432312
-0.128612939096231,0.0766639090143144,"random_effect","replicate2","wisp",95,0.0287714004516602,429.646015167236,26.2195875644684,1.60668730735779
0.144131130551634,0.238710917299613,"random_effect","replicate3","wisp",95,0.0317835807800293,341.669018268585,26.9653091430664,1.54579663276672
-0.273089375243687,-0.0482434341683984,"random_effect","replicate4","wisp",95,0.0308656692504883,410.980796337128,26.0913398265839,1.58828997612
1.48301698301698,0,"FSE","Pvalb","wisp",95,0.0299198627471924,381.337107896805,27.0866591930389,1.55881309509277
0.277597402597403,0,"FSE","Slc17a7","wisp",95,0.0317187309265137,406.580022573471,25.456356048584,2.13756680488586
0.117962037962038,1,"FSE","Tac2","wisp",95,0.0320427417755127,381.373903751373,26.0200519561768,1.62136936187744
0.23415360150054,0,"FSE","Vip","wisp",95,0.0314962863922119,398.525640964508,30.7137763500214,1.63695192337036
0.903851044417074,1,"SVG","Pvalb","ELLA",95,0.0254049301147461,391.480886697769,26.8268549442291,1.66666102409363
0.841968942664864,1,"SVG","Slc17a7","ELLA",95,0.0256845951080322,386.229352712631,22.1226570606232,2.23532843589783
0.916543589722431,1,"SVG","Tac2","ELLA",95,0.0274255275726318,393.043655633926,26.3135740756989,1.62186360359192
0.792992346491127,1,"SVG","Vip","ELLA",95,0.0314497947692871,399.737291574478,27.4356372356415,1.54793643951416
-0.00637388879673168,0,"rate_effect","Slc17a7","DESeq2",95,0.0278842449188232,407.994123220444,30.0831542015076,1.70397877693176
-0.0164795693652949,0,"rate_effect","Pvalb","DESeq2",95,0.0312459468841553,454.349458694458,27.4588553905487,1.65162825584412
1.04220137334864,0.232597724534571,"rate_effect","Tac2","DESeq2",95,0.0302815437316895,416.451984167099,27.4706983566284,1.66848421096802
-0.00090278970583801,0,"rate_effect","Vip","DESeq2",95,0.030287504196167,445.160679101944,26.9797604084015,1.6416482925415
0.369658336151196,0,"FSE","Slc17a7","DESeq2",95,0.0270621776580811,418.129014253616,28.2524511814117,1.66839957237244
0.180684816516342,0,"FSE","Pvalb","DESeq2",95,0.025137186050415,427.151807546616,30.0656287670135,1.72059488296509
0,1,"FSE","Tac2","DESeq2",95,0.0248410701751709,419.83846116066,32.9552249908447,1.71002101898193
0.929926658837399,0,"FSE","Vip","DESeq2",95,0.031097412109375,420.148341417313,25.3059678077698,1.70672941207886
0.00591573103709492,0,"rate_effect","Pvalb","wisp",96,0.0304763317108154,422.099095344543,27.7931344509125,1.73184728622437
-0.00515309361922088,0,"rate_effect","Slc17a7","wisp",96,0.0281741619110107,436.614368438721,25.8525140285492,1.87365055084229
0.0230672489048036,0,"rate_effect","Tac2","wisp",96,0.031022310256958,431.403715372086,31.1884779930115,1.73899722099304
-0.0212568592547388,0,"rate_effect","Vip","wisp",96,0.0317983627319336,446.260487318039,21.985191822052,1.75307321548462
-0.29185168061288,-0.143712855177,"random_effect","replicate1","wisp",96,0.0358791351318359,425.043972253799,28.740198135376,1.71167206764221
-0.022608134429245,0.0511107554193586,"random_effect","replicate2","wisp",96,0.0326249599456787,432.28660774231,34.3577883243561,1.82336187362671
0.170200865244339,0.229118685703725,"random_effect","replicate3","wisp",96,0.025691032409668,413.085528612137,26.3216788768768,1.68938827514648
0.229814833577101,0.270537110278383,"random_effect","replicate4","wisp",96,0.0321977138519287,431.868797302246,31.4128401279449,1.72128224372864
1.6246953046953,0,"FSE","Pvalb","wisp",96,0.0303294658660889,427.370543956757,21.0685846805573,1.7031238079071
1.13392163392163,0,"FSE","Slc17a7","wisp",96,0.031196117401123,438.467203855515,26.1320161819458,1.84325361251831
0.851232101232101,0,"FSE","Tac2","wisp",96,0.0318443775177002,416.291744470596,28.2499594688416,1.83968019485474
1.24420477481702,0,"FSE","Vip","wisp",96,0.0282285213470459,444.577963352203,21.2990975379944,2.37900733947754
0.756490313819786,0,"SVG","Pvalb","ELLA",96,0.029576301574707,425.557831048965,32.9004528522491,2.33510065078735
0.81783159101175,0,"SVG","Slc17a7","ELLA",96,0.0261030197143555,454.543220043182,25.3657302856445,1.65312337875366
4.40007144941745e-07,1,"SVG","Tac2","ELLA",96,0.030604362487793,448.491393089294,27.0592975616455,1.72818160057068
0.90217426616095,0,"SVG","Vip","ELLA",96,0.0423741340637207,418.818164825439,24.772531747818,1.71317410469055
0.000301362079350632,0,"rate_effect","Slc17a7","DESeq2",96,0.0336840152740479,421.485532522202,26.0124709606171,1.66458964347839
0.000168837568911185,0,"rate_effect","Pvalb","DESeq2",96,0.0301039218902588,419.07643198967,23.9351878166199,1.70808434486389
-6.88870229441886e-05,0,"rate_effect","Tac2","DESeq2",96,0.029496431350708,443.56943154335,25.7597060203552,1.6528697013855
1.27387733056376e-05,0,"rate_effect","Vip","DESeq2",96,0.0322501659393311,423.658175468445,25.207447052002,1.70782256126404
0.417138697210102,0,"FSE","Slc17a7","DESeq2",96,0.0313875675201416,427.1850502491,25.8664109706879,2.41867923736572
0.417138697210102,0,"FSE","Pvalb","DESeq2",96,0.0261313915252686,428.541162490845,22.9495022296906,1.70014810562134
0.417138697210102,0,"FSE","Tac2","DESeq2",96,0.816929817199707,433.676968336105,31.5241286754608,2.48922324180603
0.417138697210102,0,"FSE","Vip","DESeq2",96,0.0293712615966797,430.996541023254,24.3395192623138,1.70786213874817
0.633576279586003,0.343872283352539,"rate_effect","Pvalb","wisp",97,0.0294525623321533,435.360939741135,24.5862038135529,1.74760770797729
-0.0053717741627149,0,"rate_effect","Slc17a7","wisp",97,0.0314376354217529,431.56404876709,26.8166272640228,1.69978642463684
0.0143571472931223,0,"rate_effect","Tac2","wisp",97,0.0298619270324707,443.675142288208,30.911069393158,1.68198251724243
0.174348714157017,0,"rate_effect","Vip","wisp",97,0.0369207859039307,443.817051887512,31.6257169246674,1.67301535606384
0.144559289368956,-0.113058948889375,"random_effect","replicate1","wisp",97,0.0287370681762695,425.840946435928,20.6871118545532,1.69628477096558
0.310150898068048,0.100686751538888,"random_effect","replicate2","wisp",97,0.816901922225952,418.899758338928,25.4150378704071,1.71676182746887
0.414171499685014,0.396894102916121,"random_effect","replicate3","wisp",97,0.0307743549346924,427.506590843201,28.1352660655975,1.71242094039917
-0.591556064145,-0.435271512484178,"random_effect","replicate4","wisp",97,0.0329976081848145,430.744173049927,26.0876758098602,1.68078994750977
0.574862637362637,1,"FSE","Pvalb","wisp",97,0.0331697463989258,343.210713863373,25.4671909809113,1.68777298927307
1.52852702852703,0,"FSE","Slc17a7","wisp",97,0.0300967693328857,440.774281978607,23.2325868606567,2.37251234054565
1.21584665334665,0,"FSE","Tac2","wisp",97,0.812228679656982,421.734682798386,24.0035390853882,1.67496418952942
0.573648573648574,0,"FSE","Vip","wisp",97,0.0344059467315674,414.342206716537,31.1541674137115,1.68140697479248
0.977138117793599,1,"SVG","Pvalb","ELLA",97,0.0330021381378174,437.451224327087,29.745246887207,1.75335311889648
0.885442705397479,0,"SVG","Slc17a7","ELLA",97,0.0306010246276855,442.808385372162,28.5078384876251,1.74131655693054
0.988041549742589,0,"SVG","Tac2","ELLA",97,0.0322425365447998,418.705527305603,32.1499083042145,1.71031928062439
1.10006339915092e-06,1,"SVG","Vip","ELLA",97,0.02848219871521,418.45457649231,31.55730676651,1.6748194694519
-0.0370744281178438,0.343872283352539,"rate_effect","Slc17a7","DESeq2",97,0.0327200889587402,418.613175630569,21.0245373249054,2.49808239936829
1.46115446406141,0,"rate_effect","Pvalb","DESeq2",97,0.0323636531829834,451.664989948273,26.4137582778931,1.71981382369995
-0.0347436518147733,0,"rate_effect","Tac2","DESeq2",97,0.0289516448974609,431.30482840538,26.2738811969757,1.79348587989807
0.00720888604428512,0,"rate_effect","Vip","DESeq2",97,0.0340394973754883,424.700837850571,28.7098228931427,1.66401886940002
3.24457249095963e-07,1,"FSE","Slc17a7","DESeq2",97,0.0275821685791016,425.654767751694,28.4632177352905,1.66555500030518
0,0,"FSE","Pvalb","DESeq2",97,0.0329325199127197,423.197243452072,33.9429748058319,1.6831533908844
0.0974816597479131,0,"FSE","Tac2","DESeq2",97,0.0311880111694336,434.951207876205,25.2036564350128,1.74011588096619
0.742704897790716,0,"FSE","Vip","DESeq2",97,0.0296409130096436,440.225367546082,27.4221527576447,1.70881175994873
-0.0561716292174899,0,"rate_effect","Pvalb","wisp",98,0.817978858947754,426.278552532196,33.1131513118744,1.70468354225159
-0.576349348717484,0,"rate_effect","Slc17a7","wisp",98,0.0321147441864014,422.636915206909,29.2182486057281,1.70727491378784
-0.112942119334153,0,"rate_effect","Tac2","wisp",98,0.0328273773193359,447.521906852722,29.8023293018341,1.68975639343262
0.0521071131194201,0,"rate_effect","Vip","wisp",98,0.0354571342468262,452.610210418701,26.6774995326996,1.70772361755371
0.128786984388172,0.0471508444752544,"random_effect","replicate1","wisp",98,0.0321264266967773,433.965416669846,32.878084897995,1.7208776473999
-0.343478169880656,-0.233255991479382,"random_effect","replicate2","wisp",98,0.0312814712524414,422.190920829773,24.4393150806427,1.70067930221558
0.290030957082475,0.332579497480765,"random_effect","replicate3","wisp",98,0.0330197811126709,418.523633003235,25.5854187011719,1.69677972793579
0.101224411852639,0.0642854771576822,"random_effect","replicate4","wisp",98,0.034435510635376,420.346521377563,26.4988250732422,1.68244385719299
0.933044155266377,0,"FSE","Pvalb","wisp",98,0.0320837497711182,450.666950464249,31.1645810604095,1.67498111724854
1.0449338227116,0,"FSE","Slc17a7","wisp",98,0.0363020896911621,457.17814874649,21.4324703216553,1.71121692657471
0.148565231898565,0,"FSE","Tac2","wisp",98,0.029810905456543,428.343622922897,28.0981600284576,1.70960855484009
0.666506506506506,0,"FSE","Vip","wisp",98,0.0300595760345459,430.763073682785,25.8358247280121,1.69846940040588
2.20007766527086e-06,1,"SVG","Pvalb","ELLA",98,0.0283267498016357,397.332173585892,18.7034997940063,1.69594931602478
0.846168323784911,1,"SVG","Slc17a7","ELLA",98,0.0276176929473877,442.712224245071,28.8775310516357,1.6610062122345
7.33334799218888e-07,1,"SVG","Tac2","ELLA",98,0.0308253765106201,427.544069766998,28.7976498603821,1.63383769989014
1.10000829189882e-06,1,"SVG","Vip","ELLA",98,0.809355020523071,410.579885721207,29.0670175552368,1.86269569396973
-0.0113463768743393,0,"rate_effect","Slc17a7","DESeq2",98,0.0337629318237305,423.401099443436,29.6546030044556,1.68249821662903
-0.00810585149895054,0,"rate_effect","Pvalb","DESeq2",98,0.0272953510284424,422.697418212891,28.5365047454834,1.725830078125
0.0107419775524083,0,"rate_effect","Tac2","DESeq2",98,0.029818058013916,439.7497215271,28.5780348777771,1.66135263442993
0.0323144761779516,0,"rate_effect","Vip","DESeq2",98,0.0316903591156006,433.967046022415,28.9943070411682,1.69037532806396
0.031441982499516,0,"FSE","Slc17a7","DESeq2",98,0.0298211574554443,431.580412626266,25.7868802547455,1.6839165687561
0.233714657038031,0,"FSE","Pvalb","DESeq2",98,0.030144214630127,421.375997781754,24.3016586303711,1.71349835395813
0.748737391057577,0,"FSE","Tac2","DESeq2",98,0.807829141616821,465.29434800148,29.0233175754547,1.72194504737854
0.0073698112969373,0,"FSE","Vip","DESeq2",98,0.0383744239807129,429.53732085228,28.4468386173248,1.68207979202271
0.010582824953009,0,"rate_effect","Pvalb","wisp",99,0.0290732383728027,429.263690233231,27.6097779273987,1.72484445571899
0.00402022762755195,0,"rate_effect","Slc17a7","wisp",99,0.0312666893005371,437.413307189941,27.8502190113068,1.60901474952698
-0.0259530022165325,0,"rate_effect","Tac2","wisp",99,0.805010795593262,426.455203294754,26.4656774997711,1.70355725288391
-0.0274599960295385,0,"rate_effect","Vip","wisp",99,0.0289487838745117,436.127036333084,28.2870264053345,1.67139077186584
-0.16708065811314,-0.147452742327005,"random_effect","replicate1","wisp",99,0.03226637840271,420.098921537399,31.8938703536987,1.69554042816162
-0.250632850788894,-0.220886620692909,"random_effect","replicate2","wisp",99,0.032975435256958,438.165823221207,30.2825698852539,1.69946098327637
-0.235178775877812,-0.208251275587827,"random_effect","replicate3","wisp",99,0.0294399261474609,422.019849300385,30.9425678253174,1.66973900794983
0.365207733471461,0.252521814079955,"random_effect","replicate4","wisp",99,0.0314321517944336,431.475331306458,22.7149419784546,1.67200517654419
1.3020260989011,0,"FSE","Pvalb","wisp",99,0.0310087203979492,456.257085084915,32.455356836319,1.71188235282898
2.70623126873127,0,"FSE","Slc17a7","wisp",99,0.0314266681671143,415.877539396286,24.0265824794769,1.67043447494507
1.27752247752248,0,"FSE","Tac2","wisp",99,0.0294971466064453,416.692481517792,28.3475487232208,1.67638111114502
1.61929736929737,0,"FSE","Vip","wisp",99,0.0342004299163818,336.719402313232,26.6872763633728,1.68443870544434
0.913737729150476,0,"SVG","Pvalb","ELLA",99,0.0316140651702881,440.845675230026,27.6376297473907,1.67763209342957
0.847349059214238,0,"SVG","Slc17a7","ELLA",99,0.0327372550964355,439.942652225494,29.3641135692596,1.70473194122314
7.14729830209038e-07,1,"SVG","Tac2","ELLA",99,0.0318393707275391,427.237243175507,26.6134941577911,1.71749186515808
0.863736501191458,0,"SVG","Vip","ELLA",99,0.0313699245452881,439.644544839859,28.5925753116608,1.69865012168884
7.52257344544815e-05,0,"rate_effect","Slc17a7","DESeq2",99,0.0302164554595947,430.495224475861,30.2653694152832,1.85662579536438
2.39616194889508e-05,0,"rate_effect","Pvalb","DESeq2",99,0.0278749465942383,433.838924407959,19.8628737926483,1.78214120864868
-2.23491003183181e-05,0,"rate_effect","Tac2","DESeq2",99,0.0278384685516357,430.360751152039,22.3971903324127,1.76852321624756
2.88916918172432e-05,0,"rate_effect","Vip","DESeq2",99,0.0297048091888428,444.295955896378,24.0693807601929,1.65312027931213
0.68812635897682,0,"FSE","Slc17a7","DESeq2",99,0.0325343608856201,439.585692644119,22.7576236724854,1.69080781936646
0.68812635897682,0,"FSE","Pvalb","DESeq2",99,0.0392982959747314,440.06645655632,24.0361716747284,1.71503973007202
0.68812635897682,0,"FSE","Tac2","DESeq2",99,0.029843807220459,437.265570402145,32.5572719573975,1.693115234375
0.68812635897682,0,"FSE","Vip","DESeq2",99,0.0291032791137695,439.432435512543,28.7472431659698,1.66761207580566
-0.00802503758103446,0,"rate_effect","Pvalb","wisp",100,0.0333409309387207,453.339238643646,31.4272742271423,1.68288779258728
0.00375073264940593,0,"rate_effect","Slc17a7","wisp",100,0.0347957611083984,417.253128051758,31.6567099094391,1.64820694923401
-0.0837691903862888,0,"rate_effect","Tac2","wisp",100,0.0314128398895264,437.256318807602,26.5088288784027,1.63021802902222
-0.0161548127684561,0,"rate_effect","Vip","wisp",100,0.0340812206268311,430.002932310104,29.5874364376068,1.69731545448303
0.348174719130399,0.00224386132322252,"random_effect","replicate1","wisp",100,0.0293447971343994,435.143224954605,28.5866005420685,1.70678520202637
-0.197557211588692,-0.277662396896631,"random_effect","replicate2","wisp",100,0.0311143398284912,445.551970005035,28.4414129257202,1.71600365638733
0.486003865624282,0.374960068613291,"random_effect","replicate3","wisp",100,0.0289325714111328,403.162273168564,26.9035997390747,1.71544790267944
-0.615813193762313,-0.456081255106255,"random_effect","replicate4","wisp",100,0.0286831855773926,430.203703165054,26.6837778091431,1.66840791702271
1.40659340659341,0,"FSE","Pvalb","wisp",100,1.57948327064514,437.185100317001,27.2536680698395,1.667564868927
1.29685939060939,0,"FSE","Slc17a7","wisp",100,0.034404993057251,445.910422801971,27.2072422504425,1.68012309074402
2.88333888333888,0,"FSE","Tac2","wisp",100,0.0283098220825195,453.391103506088,26.5794351100922,1.68018746376038
0.41026973026973,0,"FSE","Vip","wisp",100,0.801506280899048,419.876414775848,24.7873849868774,1.75839638710022
0.853240057430173,0,"SVG","Pvalb","ELLA",100,0.0307512283325195,428.397931814194,25.2241079807281,1.7059383392334
0.943968046087067,0,"SVG","Slc17a7","ELLA",100,0.0340209007263184,436.847017526627,28.057745218277,1.85157752037048
0.916607295170794,1,"SVG","Tac2","ELLA",100,0.0325219631195068,418.58698797226,21.6276752948761,1.68365335464478
1.10060301850012e-06,1,"SVG","Vip","ELLA",100,0.029606819152832,451.323617219925,28.6904950141907,1.68021440505981
0.000157498597879277,0,"rate_effect","Slc17a7","DESeq2",100,0.0282809734344482,451.912832021713,22.7493710517883,1.72066164016724
-5.56097378117629e-05,0,"rate_effect","Pvalb","DESeq2",100,0.801509857177734,422.313986063004,26.464081287384,1.70801472663879
-2.67029777892217e-05,0,"rate_effect","Tac2","DESeq2",100,0.035719633102417,420.760576486588,28.6639797687531,1.73553800582886
-8.61452840016591e-05,0,"rate_effect","Vip","DESeq2",100,0.0332770347595215,423.522397279739,32.0795929431915,1.68319892883301
0.301597777022297,0,"FSE","Slc17a7","DESeq2",100,0.0316963195800781,452.135765552521,27.33478307724,1.69501924514771
0.924758259829727,0,"FSE","Pvalb","DESeq2",100,0.0274889469146729,429.882750511169,29.0840692520142,2.21656131744385
0.665481503924133,0,"FSE","Tac2","DESeq2",100,0.0337462425231934,456.47945690155,29.6877138614655,1.71448874473572
0.301597777022297,0,"FSE","Vip","DESeq2",100,0.0293803215026855,422.508548974991,28.0290486812592,1.72083115577698
0.144821598055669,0,"rate_effect","Pvalb","wisp",101,0.0302333831787109,425.557153701782,25.630185842514,1.71045875549316
0.09086516013999,0,"rate_effect","Slc17a7","wisp",101,0.0314383506774902,456.831465482712,28.0305428504944,1.73749208450317
0.0521555126987363,0,"rate_effect","Tac2","wisp",101,0.0300333499908447,420.228207826614,25.318615436554,1.76744961738586
-1.55514162030166,-0.385377831524238,"rate_effect","Vip","wisp",101,0.029646635055542,425.508758306503,32.9703578948975,1.67997980117798
-0.0734859773992764,-0.0467917390633374,"random_effect","replicate1","wisp",101,0.795555591583252,424.274295568466,28.6420726776123,1.70204496383667
0.300908937824386,0.272270375629887,"random_effect","replicate2","wisp",101,0.0330798625946045,427.26707816124,18.6909942626953,1.63834738731384
-0.236091187007368,-0.15351441456005,"random_effect","replicate3","wisp",101,0.0290913581848145,427.728501081467,29.9143071174622,1.79513120651245
0.00369580885548975,0.00423366436734796,"random_effect","replicate4","wisp",101,0.0293011665344238,426.269878864288,28.6204409599304,1.68565964698792
0.964896214896215,0,"FSE","Pvalb","wisp",101,0.0388209819793701,418.660535097122,32.9334063529968,1.7362232208252
1.5152047952048,0,"FSE","Slc17a7","wisp",101,0.0292532444000244,425.60621213913,21.9722917079926,1.68773722648621
0.724830724830725,0,"FSE","Tac2","wisp",101,0.0324656963348389,443.387887001038,24.3710117340088,1.69161748886108
0.0215702664682256,1,"FSE","Vip","wisp",101,0.0302588939666748,439.416900157928,23.9184587001801,1.70590662956238
0.900428715821416,1,"SVG","Pvalb","ELLA",101,0.0327942371368408,438.957689762115,27.6632163524628,1.71968770027161
0.887647668156791,1,"SVG","Slc17a7","ELLA",101,0.0285742282867432,421.09440946579,29.6664223670959,1.71637344360352
7.33335307256944e-07,1,"SVG","Tac2","ELLA",101,0.0321705341339111,433.779055833817,24.2364208698273,1.66416764259338
1.10000860148451e-06,1,"SVG","Vip","ELLA",101,0.0324299335479736,441.995455741882,30.9328153133392,1.71126890182495
0.0376105099279067,0,"rate_effect","Slc17a7","DESeq2",101,0.029210090637207,439.464953899384,34.3297638893127,1.69986629486084
0.0208275602126338,0,"rate_effect","Pvalb","DESeq2",101,0.0426244735717773,437.597018718719,24.8363919258118,1.68951106071472
-0.0188725498041802,0,"rate_effect","Tac2","DESeq2",101,0.0324771404266357,425.207281112671,34.9626548290253,1.69158744812012
-4.23205802555917,-0.385377831524238,"rate_effect","Vip","DESeq2",101,0.0298991203308105,418.647297859192,25.208455324173,1.70028805732727
9.37092335011019e-09,0,"FSE","Slc17a7","DESeq2",101,0.0298573970794678,427.855692625046,21.8786227703094,1.69300127029419
0.0617301821885051,0,"FSE","Pvalb","DESeq2",101,0.0312502384185791,432.517842054367,28.3129653930664,1.68675136566162
0.21627367475593,0,"FSE","Tac2","DESeq2",101,0.0320358276367188,411.424299955368,27.6908824443817,1.68193197250366
0,1,"FSE","Vip","DESeq2",101,0.0310063362121582,427.761325597763,29.3594481945038,1.68344497680664
-0.00268306594284203,0,"rate_effect","Pvalb","wisp",102,0.0334844589233398,428.166197538376,26.1797046661377,1.7228901386261
0.00597845756650647,0.0198240724857897,"rate_effect","Slc17a7","wisp",102,0.0315742492675781,434.415714979172,25.5722579956055,1.75341796875
0.0294461996499346,0,"rate_effect","Tac2","wisp",102,0.0306034088134766,423.648044109344,28.6630384922028,2.33507633209229
0.0261130960422043,0,"rate_effect","Vip","wisp",102,0.0319352149963379,457.630842685699,30.2729852199554,1.71965885162354
-0.494990895670829,-0.375742037780583,"random_effect","replicate1","wisp",102,0.0309898853302002,427.793577194214,24.6332676410675,1.78945779800415
0.0206740801738962,-0.0192513959482312,"random_effect","replicate2","wisp",102,0.0248186588287354,427.134085416794,20.8497416973114,1.70171666145325
0.403756310002056,0.354967051884159,"random_effect","replicate3","wisp",102,0.0303020477294922,449.407165288925,26.851879119873,1.69535422325134
0.158506837158915,-0.0699819745495915,"random_effect","replicate4","wisp",102,0.0301089286804199,428.247339248657,29.8079919815063,1.66396045684814
1.27050500519888,0,"FSE","Pvalb","wisp",102,0.0322089195251465,408.884809732437,26.4115223884583,1.72398972511292
1.66385614385614,1,"FSE","Slc17a7","wisp",102,0.0315802097320557,422.765319108963,25.9771552085876,1.73013639450073
1.51788211788212,0,"FSE","Tac2","wisp",102,0.0289065837860107,439.160111427307,22.1827802658081,1.76004147529602
1.71314796314796,0,"FSE","Vip","wisp",102,0.0298852920532227,427.017245531082,28.7798230648041,1.70368719100952
0.976687590268099,0,"SVG","Pvalb","ELLA",102,0.0346510410308838,423.745444536209,30.480721950531,1.68005108833313
0.833226280732888,0,"SVG","Slc17a7","ELLA",102,0.0336208343505859,457.350196123123,29.9804899692535,1.70068073272705
0.797307439211526,0,"SVG","Tac2","ELLA",102,0.0338809490203857,436.45938372612,22.8680624961853,1.66281175613403
2.20002596457158e-06,1,"SVG","Vip","ELLA",102,0.034174919128418,440.511873960495,28.8962671756744,1.64716815948486
0.00882971313403004,0,"rate_effect","Slc17a7","DESeq2",102,0.0303421020507812,427.628512382507,22.2104892730713,1.71368527412415
0.00750927716367013,0.0198240724857897,"rate_effect","Pvalb","DESeq2",102,0.0332088470458984,344.416242599487,30.4543399810791,1.69739413261414
0.000949445203833271,0,"rate_effect","Tac2","DESeq2",102,0.0305843353271484,431.98536658287,24.406289100647,1.68058586120605
-0.00690897102619201,0,"rate_effect","Vip","DESeq2",102,0.0328588485717773,449.26571059227,33.3354132175446,1.73019027709961
0.215004354895787,0,"FSE","Slc17a7","DESeq2",102,0.0297694206237793,439.159985542297,26.3205349445343,1.71449494361877
0.360768906486479,1,"FSE","Pvalb","DESeq2",102,0.0305607318878174,428.652082204819,30.6755955219269,1.88950419425964
0.915872567330178,0,"FSE","Tac2","DESeq2",102,0.0316033363342285,445.094449043274,42.2195236682892,1.67439436912537
0.215004354895787,0,"FSE","Vip","DESeq2",102,0.0265688896179199,435.233200311661,26.1416709423065,1.71018147468567
-0.0196761306338756,0,"rate_effect","Pvalb","wisp",103,0.0327644348144531,439.456162452698,26.0999274253845,1.78638219833374
0.0103541367206342,0,"rate_effect","Slc17a7","wisp",103,0.0307676792144775,437.681057214737,27.9302146434784,1.65710139274597
-0.0059951022367182,0,"rate_effect","Tac2","wisp",103,0.0290651321411133,427.405111312866,22.3053696155548,1.72048687934875
-0.08721611090981,0,"rate_effect","Vip","wisp",103,0.0320477485656738,433.640318632126,29.350049495697,1.72802352905273
0.0912219279919013,-0.096042983001098,"random_effect","replicate1","wisp",103,0.0298590660095215,448.810079097748,25.333607673645,1.71256875991821
-0.505334044454011,-0.389859322924167,"random_effect","replicate2","wisp",103,0.0316283702850342,455.552742004395,29.5427038669586,1.7094087600708
0.141962985078929,-0.0549979619681835,"random_effect","replicate3","wisp",103,0.0333898067474365,440.108868360519,23.9051141738892,1.67539310455322
0.426246251368931,0.454209983581677,"random_effect","replicate4","wisp",103,0.0299966335296631,419.217404127121,32.1976454257965,1.70710897445679
1.41006216006216,0,"FSE","Pvalb","wisp",103,0.0458025932312012,433.931190729141,28.3724331855774,1.67933249473572
1.50113886113886,0,"FSE","Slc17a7","wisp",103,0.0300023555755615,429.552792310715,29.0982015132904,1.65337753295898
0.728000394667061,0,"FSE","Tac2","wisp",103,0.0322961807250977,435.765223503113,31.6087048053741,1.71501207351685
2.09170829170829,0,"FSE","Vip","wisp",103,0.0341274738311768,417.889683008194,28.9951059818268,1.70399403572083
0.91833821682023,0,"SVG","Pvalb","ELLA",103,0.0294394493103027,453.733312368393,25.2916481494904,1.77246928215027
0.926709728243469,0,"SVG","Slc17a7","ELLA",103,0.0308578014373779,468.61527967453,25.4667437076569,1.71070170402527
0.903189866986434,0,"SVG","Tac2","ELLA",103,0.820080041885376,436.097178220749,26.8479788303375,1.66347169876099
0.938527662860645,1,"SVG","Vip","ELLA",103,0.0320253372192383,431.81830573082,30.8184201717377,1.66999959945679
0.00990279325310597,0,"rate_effect","Slc17a7","DESeq2",103,0.0323450565338135,407.469310998917,23.6902546882629,1.6712794303894
0.00217208203511243,0,"rate_effect","Pvalb","DESeq2",103,0.0303232669830322,458.878425359726,29.6515972614288,1.6605019569397
0.00397296211615184,0,"rate_effect","Tac2","DESeq2",103,0.0322065353393555,419.259837388992,28.8181869983673,1.6933798789978
-0.00759485949245124,0,"rate_effect","Vip","DESeq2",103,0.0321733951568604,430.462215185165,29.7094798088074,1.70585680007935
0.0328155650598198,0,"FSE","Slc17a7","DESeq2",103,0.0398569107055664,434.449024200439,32.2220323085785,1.69411945343018
0.856536501122196,0,"FSE","Pvalb","DESeq2",103,0.0285923480987549,429.197801351547,26.8881816864014,1.82680439949036
0.32878470754994,0,"FSE","Tac2","DESeq2",103,0.0303695201873779,462.501043796539,27.2750470638275,1.7259795665741
0.162966434041275,0,"FSE","Vip","DESeq2",103,0.0310995578765869,422.670966625214,21.7350451946259,1.75525784492493
-1.61316987700932,-0.356588789261878,"rate_effect","Pvalb","wisp",104,0.0324530601501465,428.048925638199,30.4400534629822,1.65608763694763
0.132032806461771,0,"rate_effect","Slc17a7","wisp",104,0.80547022819519,440.463515520096,28.439962387085,1.65983462333679
-0.0829337065791957,0,"rate_effect","Tac2","wisp",104,0.0333585739135742,445.77917599678,26.5162720680237,1.65799617767334
0.113100973751607,0,"rate_effect","Vip","wisp",104,0.834730386734009,404.486200332642,22.7781071662903,1.70609188079834
0.502619624896788,0.482881290605292,"random_effect","replicate1","wisp",104,0.0285840034484863,414.615249633789,23.4158487319946,1.73908114433289
-0.292137440406084,-0.321047387784347,"random_effect","replicate2","wisp",104,0.0306859016418457,433.938928842545,33.8327622413635,1.7237377166748
-0.607423193751475,-0.458042410435155,"random_effect","replicate3","wisp",104,0.0308890342712402,422.670696020126,25.4336326122284,1.66652059555054
0.393126729033957,0.125869740732014,"random_effect","replicate4","wisp",104,0.0306036472320557,419.418052911758,25.2467229366302,1.70362830162048
0,1,"FSE","Pvalb","wisp",104,0.0317995548248291,461.469823598862,32.3803489208221,1.67511296272278
0.658461538461538,0,"FSE","Slc17a7","wisp",104,0.0344686508178711,434.89457821846,27.1384015083313,1.70538330078125
0.749556565883097,0,"FSE","Tac2","wisp",104,0.0282166004180908,443.423809051514,32.3087086677551,1.67403841018677
0.80966255966256,0,"FSE","Vip","wisp",104,0.0308902263641357,431.944690704346,30.5837070941925,1.7223334312439
0.887929012309872,1,"SVG","Pvalb","ELLA",104,0.0291938781738281,425.225584983826,23.5495102405548,1.67557716369629
0.952837437221003,1,"SVG","Slc17a7","ELLA",104,0.0274803638458252,449.36609172821,29.871399641037,1.7144455909729
0.693431490259223,0,"SVG","Tac2","ELLA",104,0.0323798656463623,397.502710580826,26.9996373653412,1.68184280395508
1.10000774877772e-06,1,"SVG","Vip","ELLA",104,0.0408256053924561,431.450164318085,30.4177463054657,1.70918226242065
0.0161685290709834,-0.356588789261878,"rate_effect","Slc17a7","DESeq2",104,0.0313534736633301,438.536264657974,29.9569611549377,1.84068560600281
-3.62570665843006,0,"rate_effect","Pvalb","DESeq2",104,0.0400087833404541,433.042570114136,30.6304001808167,1.66168165206909
0.0100049773623655,0,"rate_effect","Tac2","DESeq2",104,0.817047119140625,430.118763923645,24.3502914905548,1.6999716758728
0.0270151921501426,0,"rate_effect","Vip","DESeq2",104,0.0297436714172363,437.071761846542,23.595419883728,1.64554500579834
0.61085941947346,1,"FSE","Slc17a7","DESeq2",104,0.032271146774292,436.101019144058,24.8949110507965,1.70548939704895
0,0,"FSE","Pvalb","DESeq2",104,0.0315263271331787,432.288017749786,30.956157207489,1.69679665565491
0.722703910150575,0,"FSE","Tac2","DESeq2",104,0.0336310863494873,437.491618871689,23.7585678100586,1.71569228172302
0.61085941947346,0,"FSE","Vip","DESeq2",104,1.60711026191711,421.640034914017,25.7011733055115,1.6941704750061
-0.121117204543548,0,"rate_effect","Pvalb","wisp",105,0.0332968235015869,424.412275791168,31.337925195694,1.72009944915771
0.0375984478333984,0,"rate_effect","Slc17a7","wisp",105,0.0317978858947754,432.436423778534,26.7529740333557,1.69773530960083
-0.0355615919026599,0,"rate_effect","Tac2","wisp",105,0.0310676097869873,423.374612569809,30.5652163028717,1.68888401985168
0.204080836406901,0,"rate_effect","Vip","wisp",105,0.0288574695587158,432.843449831009,27.3957550525665,1.6828761100769
0.278507441915739,0.149524733889848,"random_effect","replicate1","wisp",105,0.0459022521972656,226.993104219437,24.1935837268829,1.51726198196411
0.303531664947506,0.16386819514446,"random_effect","replicate2","wisp",105,0.0322229862213135,331.06693983078,30.7433168888092,1.6044819355011
0.201350234074165,0.00458670407533646,"random_effect","replicate3","wisp",105,0.0333068370819092,374.853465080261,21.7227132320404,1.55030393600464
-0.504155770646689,-0.387323027709499,"random_effect","replicate4","wisp",105,0.0307085514068604,384.058814287186,22.0142612457275,1.6028254032135
0.772907092907093,0,"FSE","Pvalb","wisp",105,0.0302438735961914,391.767779111862,25.2758643627167,1.53045392036438
1.54813936063936,0,"FSE","Slc17a7","wisp",105,0.0305290222167969,388.461657047272,23.9431219100952,1.55912685394287
0.377481893106893,0,"FSE","Tac2","wisp",105,0.0326883792877197,384.937769889832,29.8561155796051,1.56570911407471
0.539016539016539,0,"FSE","Vip","wisp",105,0.026921272277832,389.509970188141,21.9643669128418,1.66833257675171
0.762106889503205,1,"SVG","Pvalb","ELLA",105,0.0267267227172852,388.007637023926,30.0672695636749,1.57240080833435
0.86935699631986,1,"SVG","Slc17a7","ELLA",105,0.0300586223602295,418.203063964844,30.2898714542389,1.61718273162842
1.10001195935405e-06,1,"SVG","Tac2","ELLA",105,0.0290942192077637,406.942582845688,31.5599641799927,1.58856463432312
7.33337338798545e-07,1,"SVG","Vip","ELLA",105,0.0287714004516602,429.646015167236,26.2195875644684,1.60668730735779
-1.75482506460776e-05,0,"rate_effect","Slc17a7","DESeq2",105,0.0317835807800293,341.669018268585,26.9653091430664,1.54579663276672
4.33168341736285e-05,0,"rate_effect","Pvalb","DESeq2",105,0.0308656692504883,410.980796337128,26.0913398265839,1.58828997612
-0.000120097400600466,0,"rate_effect","Tac2","DESeq2",105,0.0299198627471924,381.337107896805,27.0866591930389,1.55881309509277
-9.58759027843466e-07,0,"rate_effect","Vip","DESeq2",105,0.0317187309265137,406.580022573471,25.456356048584,2.13756680488586
0.888609002369278,0,"FSE","Slc17a7","DESeq2",105,0.0320427417755127,381.373903751373,26.0200519561768,1.62136936187744
0.679097298719897,0,"FSE","Pvalb","DESeq2",105,0.0314962863922119,398.525640964508,30.7137763500214,1.63695192337036
0.176527822243706,0,"FSE","Tac2","DESeq2",105,0.0254049301147461,391.480886697769,26.8268549442291,1.66666102409363
0.755934370972253,0,"FSE","Vip","DESeq2",105,0.0256845951080322,386.229352712631,22.1226570606232,2.23532843589783
-2.49503458109455,-0.423345845425501,"rate_effect","Pvalb","wisp",106,0.0274255275726318,393.043655633926,26.3135740756989,1.62186360359192
-0.0157391096826932,0,"rate_effect","Slc17a7","wisp",106,0.0314497947692871,399.737291574478,27.4356372356415,1.54793643951416
0.0244451688227884,0,"rate_effect","Tac2","wisp",106,0.0278842449188232,407.994123220444,30.0831542015076,1.70397877693176
-0.0452234470479288,0,"rate_effect","Vip","wisp",106,0.0312459468841553,454.349458694458,27.4588553905487,1.65162825584412
0.251775672079857,0.439532008953393,"random_effect","replicate1","wisp",106,0.0302815437316895,416.451984167099,27.4706983566284,1.66848421096802
-0.133843393087337,0.074616119498387,"random_effect","replicate2","wisp",106,0.030287504196167,445.160679101944,26.9797604084015,1.6416482925415
0.228853871624248,0.384096286026761,"random_effect","replicate3","wisp",106,0.0270621776580811,418.129014253616,28.2524511814117,1.66839957237244
-0.288801238593176,-0.0791685986332595,"random_effect","replicate4","wisp",106,0.025137186050415,427.151807546616,30.0656287670135,1.72059488296509
0,1,"FSE","Pvalb","wisp",106,0.0248410701751709,419.83846116066,32.9552249908447,1.71002101898193
1.16167505963424,0,"FSE","Slc17a7","wisp",106,0.031097412109375,420.148341417313,25.3059678077698,1.70672941207886
1.51301476301476,0,"FSE","Tac2","wisp",106,0.0304763317108154,422.099095344543,27.7931344509125,1.73184728622437
2.01450549450549,0,"FSE","Vip","wisp",106,0.0281741619110107,436.614368438721,25.8525140285492,1.87365055084229
0.944315837149772,1,"SVG","Pvalb","ELLA",106,0.031022310256958,431.403715372086,31.1884779930115,1.73899722099304
0.879035853936116,0,"SVG","Slc17a7","ELLA",106,0.0317983627319336,446.260487318039,21.985191822052,1.75307321548462
0.909325747366587,0,"SVG","Tac2","ELLA",106,0.0358791351318359,425.043972253799,28.740198135376,1.71167206764221
0.924850142180216,0,"SVG","Vip","ELLA",106,0.0326249599456787,432.28660774231,34.3577883243561,1.82336187362671
0.0149866228364402,-0.423345845425501,"rate_effect","Slc17a7","DESeq2",106,0.025691032409668,413.085528612137,26.3216788768768,1.68938827514648
-5.31051469056811,0,"rate_effect","Pvalb","DESeq2",106,0.0321977138519287,431.868797302246,31.4128401279449,1.72128224372864
0.0112339894602808,0,"rate_effect","Tac2","DESeq2",106,0.0303294658660889,427.370543956757,21.0685846805573,1.7031238079071
0.00455554381286422,0,"rate_effect","Vip","DESeq2",106,0.031196117401123,438.467203855515,26.1320161819458,1.84325361251831
0.0445624716443448,1,"FSE","Slc17a7","DESeq2",106,0.0318443775177002,416.291744470596,28.2499594688416,1.83968019485474
0,0,"FSE","Pvalb","DESeq2",106,0.0282285213470459,444.577963352203,21.2990975379944,2.37900733947754
0.555711518432103,0,"FSE","Tac2","DESeq2",106,0.029576301574707,425.557831048965,32.9004528522491,2.33510065078735
0.713947482622229,0,"FSE","Vip","DESeq2",106,0.0261030197143555,454.543220043182,25.3657302856445,1.65312337875366
0.000450823740050204,0,"rate_effect","Pvalb","wisp",107,0.030604362487793,448.491393089294,27.0592975616455,1.72818160057068
-0.00900932426258628,0,"rate_effect","Slc17a7","wisp",107,0.0423741340637207,418.818164825439,24.772531747818,1.71317410469055
-1.60831437707653,-0.40916412952356,"rate_effect","Tac2","wisp",107,0.0336840152740479,421.485532522202,26.0124709606171,1.66458964347839
0.699496236200883,0.256645885063335,"rate_effect","Vip","wisp",107,0.0301039218902588,419.07643198967,23.9351878166199,1.70808434486389
-0.297490232087853,-0.134237316669896,"random_effect","replicate1","wisp",107,0.029496431350708,443.56943154335,25.7597060203552,1.6528697013855
0.240437089964811,0.390493837185204,"random_effect","replicate2","wisp",107,0.0322501659393311,423.658175468445,25.207447052002,1.70782256126404
-0.108521852395482,0.052178283687681,"random_effect","replicate3","wisp",107,0.0313875675201416,427.1850502491,25.8664109706879,2.41867923736572
0.244282225675659,0.366242355201393,"random_effect","replicate4","wisp",107,0.0261313915252686,428.541162490845,22.9495022296906,1.70014810562134
1.37005182317682,0,"FSE","Pvalb","wisp",107,0.816929817199707,433.676968336105,31.5241286754608,2.48922324180603
1.41568635446186,0,"FSE","Slc17a7","wisp",107,0.0293712615966797,430.996541023254,24.3395192623138,1.70786213874817
0.545854145854146,1,"FSE","Tac2","wisp",107,0.0294525623321533,435.360939741135,24.5862038135529,1.74760770797729
0,1,"FSE","Vip","wisp",107,0.0314376354217529,431.56404876709,26.8166272640228,1.69978642463684
0.933111657125706,0,"SVG","Pvalb","ELLA",107,0.0298619270324707,443.675142288208,30.911069393158,1.68198251724243
0.976414879493883,0,"SVG","Slc17a7","ELLA",107,0.0369207859039307,443.817051887512,31.6257169246674,1.67301535606384
2.44444648411779e-07,1,"SVG","Tac2","ELLA",107,0.0287370681762695,425.840946435928,20.6871118545532,1.69628477096558
4.40003980306525e-07,1,"SVG","Vip","ELLA",107,0.816901922225952,418.899758338928,25.4150378704071,1.71676182746887
-0.00406694483375042,0,"rate_effect","Slc17a7","DESeq2",107,0.0307743549346924,427.506590843201,28.1352660655975,1.71242094039917
0.00474699431828836,0,"rate_effect","Pvalb","DESeq2",107,0.0329976081848145,430.744173049927,26.0876758098602,1.68078994750977
-4.86608931737349,-0.40916412952356,"rate_effect","Tac2","DESeq2",107,0.0331697463989258,343.210713863373,25.4671909809113,1.68777298927307
1.15118839636605,0.256645885063335,"rate_effect","Vip","DESeq2",107,0.0300967693328857,440.774281978607,23.2325868606567,2.37251234054565
0.191669821730847,0,"FSE","Slc17a7","DESeq2",107,0.812228679656982,421.734682798386,24.0035390853882,1.67496418952942
0.545773444475661,0,"FSE","Pvalb","DESeq2",107,0.0344059467315674,414.342206716537,31.1541674137115,1.68140697479248
0,1,"FSE","Tac2","DESeq2",107,0.0330021381378174,437.451224327087,29.745246887207,1.75335311889648
0,1,"FSE","Vip","DESeq2",107,0.0306010246276855,442.808385372162,28.5078384876251,1.74131655693054
0.229954566858582,0.104096080642194,"rate_effect","Pvalb","wisp",108,0.0322425365447998,418.705527305603,32.1499083042145,1.71031928062439
0.0079270678517445,0,"rate_effect","Slc17a7","wisp",108,0.02848219871521,418.45457649231,31.55730676651,1.6748194694519
-0.0772107776850272,0,"rate_effect","Tac2","wisp",108,0.0327200889587402,418.613175630569,21.0245373249054,2.49808239936829
-0.304206484349095,-0.117245408240706,"rate_effect","Vip","wisp",108,0.0323636531829834,451.664989948273,26.4137582778931,1.71981382369995
0.37131488657433,0.427856203168631,"random_effect","replicate1","wisp",108,0.0289516448974609,431.30482840538,26.2738811969757,1.79348587989807
-0.0254560362177493,-0.0881039337255061,"random_effect","replicate2","wisp",108,0.0340394973754883,424.700837850571,28.7098228931427,1.66401886940002
0.0401750624328005,-0.054022820899263,"random_effect","replicate3","wisp",108,0.0275821685791016,425.654767751694,28.4632177352905,1.66555500030518
-0.412069262545874,-0.319339046953246,"random_effect","replicate4","wisp",108,0.0329325199127197,423.197243452072,33.9429748058319,1.6831533908844
0.3000625,1,"FSE","Pvalb","wisp",108,0.0311880111694336,434.951207876205,25.2036564350128,1.74011588096619
0.91265306122449,0,"FSE","Slc17a7","wisp",108,0.0296409130096436,440.225367546082,27.4221527576447,1.70881175994873
0.94084,0,"FSE","Tac2","wisp",108,0.817978858947754,426.278552532196,33.1131513118744,1.70468354225159
0.30465625,1,"FSE","Vip","wisp",108,0.0321147441864014,422.636915206909,29.2182486057281,1.70727491378784
0.853590915753864,1,"SVG","Pvalb","ELLA",108,0.0328273773193359,447.521906852722,29.8023293018341,1.68975639343262
0.854499552410779,0,"SVG","Slc17a7","ELLA",108,0.0354571342468262,452.610210418701,26.6774995326996,1.70772361755371
4.40000476054081e-07,1,"SVG","Tac2","ELLA",108,0.0321264266967773,433.965416669846,32.878084897995,1.7208776473999
2.20003805767588e-06,1,"SVG","Vip","ELLA",108,0.0312814712524414,422.190920829773,24.4393150806427,1.70067930221558
0.018510972098085,0.104096080642194,"rate_effect","Slc17a7","DESeq2",108,0.0330197811126709,418.523633003235,25.5854187011719,1.69677972793579
0.550584822375251,0,"rate_effect","Pvalb","DESeq2",108,0.034435510635376,420.346521377563,26.4988250732422,1.68244385719299
-0.0105534738033162,0,"rate_effect","Tac2","DESeq2",108,0.0320837497711182,450.666950464249,31.1645810604095,1.67498111724854
-0.741960501735608,-0.117245408240706,"rate_effect","Vip","DESeq2",108,0.0363020896911621,457.17814874649,21.4324703216553,1.71121692657471
0.323888975673433,1,"FSE","Slc17a7","DESeq2",108,0.029810905456543,428.343622922897,28.0981600284576,1.70960855484009
1.35864940293262e-237,0,"FSE","Pvalb","DESeq2",108,0.0300595760345459,430.763073682785,25.8358247280121,1.69846940040588
0.610433949343125,0,"FSE","Tac2","DESeq2",108,0.0283267498016357,397.332173585892,18.7034997940063,1.69594931602478
2.02738154083236e-283,1,"FSE","Vip","DESeq2",108,0.0276176929473877,442.712224245071,28.8775310516357,1.6610062122345
0.139174592973806,0,"rate_effect","Pvalb","wisp",109,0.0308253765106201,427.544069766998,28.7976498603821,1.63383769989014
0.00424026490518261,0,"rate_effect","Slc17a7","wisp",109,0.809355020523071,410.579885721207,29.0670175552368,1.86269569396973
-0.010222096515636,0,"rate_effect","Tac2","wisp",109,0.0337629318237305,423.401099443436,29.6546030044556,1.68249821662903
0.0108969707738678,0,"rate_effect","Vip","wisp",109,0.0272953510284424,422.697418212891,28.5365047454834,1.725830078125
0.265905832186932,0.396024291403592,"random_effect","replicate1","wisp",109,0.029818058013916,439.7497215271,28.5780348777771,1.66135263442993
-0.443394373594425,-0.2607528406661,"random_effect","replicate2","wisp",109,0.0316903591156006,433.967046022415,28.9943070411682,1.69037532806396
0.242908823478797,0.3457613713108,"random_effect","replicate3","wisp",109,0.0298211574554443,431.580412626266,25.7868802547455,1.6839165687561
0.189737314084862,0.266851960914209,"random_effect","replicate4","wisp",109,0.030144214630127,421.375997781754,24.3016586303711,1.71349835395813
2.88461538461538,0,"FSE","Pvalb","wisp",109,0.807829141616821,465.29434800148,29.0233175754547,1.72194504737854
1.26338967155294,0,"FSE","Slc17a7","wisp",109,0.0383744239807129,429.53732085228,28.4468386173248,1.68207979202271
1.37731712731713,0,"FSE","Tac2","wisp",109,0.0290732383728027,429.263690233231,27.6097779273987,1.72484445571899
1.58883973169687,0,"FSE","Vip","wisp",109,0.0312666893005371,437.413307189941,27.8502190113068,1.60901474952698
0.887893481256951,1,"SVG","Pvalb","ELLA",109,0.805010795593262,426.455203294754,26.4656774997711,1.70355725288391
0.925729538071891,0,"SVG","Slc17a7","ELLA",109,0.0289487838745117,436.127036333084,28.2870264053345,1.67139077186584
7.3333565570044e-07,1,"SVG","Tac2","ELLA",109,0.03226637840271,420.098921537399,31.8938703536987,1.69554042816162
0.919973067211569,0,"SVG","Vip","ELLA",109,0.032975435256958,438.165823221207,30.2825698852539,1.69946098327637
0.00138614132892658,0,"rate_effect","Slc17a7","DESeq2",109,0.0294399261474609,422.019849300385,30.9425678253174,1.66973900794983
0.0102518944672996,0,"rate_effect","Pvalb","DESeq2",109,0.0314321517944336,431.475331306458,22.7149419784546,1.67200517654419
-0.033960788194594,0,"rate_effect","Tac2","DESeq2",109,0.0310087203979492,456.257085084915,32.455356836319,1.71188235282898
-0.00090531171633946,0,"rate_effect","Vip","DESeq2",109,0.0314266681671143,415.877539396286,24.0265824794769,1.67043447494507
0.681572901119346,0,"FSE","Slc17a7","DESeq2",109,0.0294971466064453,416.692481517792,28.3475487232208,1.67638111114502
0.182534981428955,0,"FSE","Pvalb","DESeq2",109,0.0342004299163818,336.719402313232,26.6872763633728,1.68443870544434
0.00560355673069217,0,"FSE","Tac2","DESeq2",109,0.0316140651702881,440.845675230026,27.6376297473907,1.67763209342957
0.681572901119346,0,"FSE","Vip","DESeq2",109,0.0327372550964355,439.942652225494,29.3641135692596,1.70473194122314
0.00276561904975709,0,"rate_effect","Pvalb","wisp",110,0.0318393707275391,427.237243175507,26.6134941577911,1.71749186515808
-0.00240514735017073,0,"rate_effect","Slc17a7","wisp",110,0.0313699245452881,439.644544839859,28.5925753116608,1.69865012168884
-0.127444726151907,0,"rate_effect","Tac2","wisp",110,0.0302164554595947,430.495224475861,30.2653694152832,1.85662579536438
0.0434197231285076,0,"rate_effect","Vip","wisp",110,0.0278749465942383,433.838924407959,19.8628737926483,1.78214120864868
-0.641177177736589,-0.477775457547978,"random_effect","replicate1","wisp",110,0.0278384685516357,430.360751152039,22.3971903324127,1.76852321624756
0.516452053216673,-0.0428663650527596,"random_effect","replicate2","wisp",110,0.0297048091888428,444.295955896378,24.0693807601929,1.65312027931213
-0.40476617396784,-0.423388178227469,"random_effect","replicate3","wisp",110,0.0325343608856201,439.585692644119,22.7576236724854,1.69080781936646
0.488359626365274,-0.074613292934373,"random_effect","replicate4","wisp",110,0.0392982959747314,440.06645655632,24.0361716747284,1.71503973007202
1.04951298701299,0,"FSE","Pvalb","wisp",110,0.029843807220459,437.265570402145,32.5572719573975,1.693115234375
1.42737262737263,0,"FSE","Slc17a7","wisp",110,0.0291032791137695,439.432435512543,28.7472431659698,1.66761207580566
0.47039072039072,0,"FSE","Tac2","wisp",110,0.0333409309387207,453.339238643646,31.4272742271423,1.68288779258728
0.828874250749251,0,"FSE","Vip","wisp",110,0.0347957611083984,417.253128051758,31.6567099094391,1.64820694923401
0.932113751706235,0,"SVG","Pvalb","ELLA",110,0.0314128398895264,437.256318807602,26.5088288784027,1.63021802902222
0.784282178235915,1,"SVG","Slc17a7","ELLA",110,0.0340812206268311,430.002932310104,29.5874364376068,1.69731545448303
0.825743026524545,1,"SVG","Tac2","ELLA",110,0.0293447971343994,435.143224954605,28.5866005420685,1.70678520202637
0.985762106266094,0,"SVG","Vip","ELLA",110,0.0311143398284912,445.551970005035,28.4414129257202,1.71600365638733
-8.25435766404195e-05,0,"rate_effect","Slc17a7","DESeq2",110,0.0289325714111328,403.162273168564,26.9035997390747,1.71544790267944
-5.03160875365193e-05,0,"rate_effect","Pvalb","DESeq2",110,0.0286831855773926,430.203703165054,26.6837778091431,1.66840791702271
2.57208279534733e-05,0,"rate_effect","Tac2","DESeq2",110,1.57948327064514,437.185100317001,27.2536680698395,1.667564868927
7.69431090692714e-05,0,"rate_effect","Vip","DESeq2",110,0.034404993057251,445.910422801971,27.2072422504425,1.68012309074402
0.734770958717818,0,"FSE","Slc17a7","DESeq2",110,0.0283098220825195,453.391103506088,26.5794351100922,1.68018746376038
0.740148631076297,0,"FSE","Pvalb","DESeq2",110,0.801506280899048,419.876414775848,24.7873849868774,1.75839638710022
0.734770958717818,0,"FSE","Tac2","DESeq2",110,0.0307512283325195,428.397931814194,25.2241079807281,1.7059383392334
0.740148631076297,0,"FSE","Vip","DESeq2",110,0.0340209007263184,436.847017526627,28.057745218277,1.85157752037048
-1.24740339593026,-0.257222638232633,"rate_effect","Pvalb","wisp",111,0.0325219631195068,418.58698797226,21.6276752948761,1.68365335464478
1.00453161208392,0.218621144071221,"rate_effect","Slc17a7","wisp",111,0.029606819152832,451.323617219925,28.6904950141907,1.68021440505981
-0.18737804226418,0,"rate_effect","Tac2","wisp",111,0.0282809734344482,451.912832021713,22.7493710517883,1.72066164016724
0.576351078890182,0,"rate_effect","Vip","wisp",111,0.801509857177734,422.313986063004,26.464081287384,1.70801472663879
0.0600816049932618,0.231234844541177,"random_effect","replicate1","wisp",111,0.035719633102417,420.760576486588,28.6639797687531,1.73553800582886
-0.330937131574891,-0.150230974890292,"random_effect","replicate2","wisp",111,0.0332770347595215,423.522397279739,32.0795929431915,1.68319892883301
0.287756540272482,0.473620552802458,"random_effect","replicate3","wisp",111,0.0316963195800781,452.135765552521,27.33478307724,1.69501924514771
-0.034365815882791,0.106611858820543,"random_effect","replicate4","wisp",111,0.0274889469146729,429.882750511169,29.0840692520142,2.21656131744385
0,1,"FSE","Pvalb","wisp",111,0.0337462425231934,456.47945690155,29.6877138614655,1.71448874473572
0.323943661971831,1,"FSE","Slc17a7","wisp",111,0.0293803215026855,422.508548974991,28.0290486812592,1.72083115577698
0.370077608508192,0,"FSE","Tac2","wisp",111,0.0302333831787109,425.557153701782,25.630185842514,1.71045875549316
1.02728873239437,0,"FSE","Vip","wisp",111,0.0314383506774902,456.831465482712,28.0305428504944,1.73749208450317
0.922283099731122,1,"SVG","Pvalb","ELLA",111,0.0300333499908447,420.228207826614,25.318615436554,1.76744961738586
0.968468260334589,1,"SVG","Slc17a7","ELLA",111,0.029646635055542,425.508758306503,32.9703578948975,1.67997980117798
2.20005064749396e-06,1,"SVG","Tac2","ELLA",111,0.795555591583252,424.274295568466,28.6420726776123,1.70204496383667
1.10000618241957e-06,1,"SVG","Vip","ELLA",111,0.0330798625946045,427.26707816124,18.6909942626953,1.63834738731384
1.04241671496805,-0.257222638232633,"rate_effect","Slc17a7","DESeq2",111,0.0290913581848145,427.728501081467,29.9143071174622,1.79513120651245
-2.13289349083471,0.218621144071221,"rate_effect","Pvalb","DESeq2",111,0.0293011665344238,426.269878864288,28.6204409599304,1.68565964698792
-0.0191177892591898,0,"rate_effect","Tac2","DESeq2",111,0.0388209819793701,418.660535097122,32.9334063529968,1.7362232208252
0.0193053067809438,0,"rate_effect","Vip","DESeq2",111,0.0292532444000244,425.60621213913,21.9722917079926,1.68773722648621
0,1,"FSE","Slc17a7","DESeq2",111,0.0324656963348389,443.387887001038,24.3710117340088,1.69161748886108
0,1,"FSE","Pvalb","DESeq2",111,0.0302588939666748,439.416900157928,23.9184587001801,1.70590662956238
0.180163411657821,0,"FSE","Tac2","DESeq2",111,0.0327942371368408,438.957689762115,27.6632163524628,1.71968770027161
0.179232798309039,0,"FSE","Vip","DESeq2",111,0.0285742282867432,421.09440946579,29.6664223670959,1.71637344360352
-0.00808084115446537,0.154982989653945,"rate_effect","Pvalb","wisp",112,0.0321705341339111,433.779055833817,24.2364208698273,1.66416764259338
0.0314499847978857,0,"rate_effect","Slc17a7","wisp",112,0.0324299335479736,441.995455741882,30.9328153133392,1.71126890182495
0.012162144880222,0,"rate_effect","Tac2","wisp",112,0.029210090637207,439.464953899384,34.3297638893127,1.69986629486084
-0.00482803605582459,0,"rate_effect","Vip","wisp",112,0.0426244735717773,437.597018718719,24.8363919258118,1.68951106071472
0.583937613670903,0.38147436757572,"random_effect","replicate1","wisp",112,0.0324771404266357,425.207281112671,34.9626548290253,1.69158744812012
-0.440080461578957,-0.417718381620944,"random_effect","replicate2","wisp",112,0.0298991203308105,418.647297859192,25.208455324173,1.70028805732727
-0.68130150867835,-0.475985528668389,"random_effect","replicate3","wisp",112,0.0298573970794678,427.855692625046,21.8786227703094,1.69300127029419
0.459490513637785,-0.0152566966135055,"random_effect","replicate4","wisp",112,0.0312502384185791,432.517842054367,28.3129653930664,1.68675136566162
1.1959706959707,1,"FSE","Pvalb","wisp",112,0.0320358276367188,411.424299955368,27.6908824443817,1.68193197250366
0.877622377622378,0,"FSE","Slc17a7","wisp",112,0.0310063362121582,427.761325597763,29.3594481945038,1.68344497680664
1.23907342657343,0,"FSE","Tac2","wisp",112,0.0334844589233398,428.166197538376,26.1797046661377,1.7228901386261
2.06593406593407,0,"FSE","Vip","wisp",112,0.0315742492675781,434.415714979172,25.5722579956055,1.75341796875
0.83788115244991,0,"SVG","Pvalb","ELLA",112,0.0306034088134766,423.648044109344,28.6630384922028,2.33507633209229
0.892056606727939,1,"SVG","Slc17a7","ELLA",112,0.0319352149963379,457.630842685699,30.2729852199554,1.71965885162354
0.842894872021259,0,"SVG","Tac2","ELLA",112,0.0309898853302002,427.793577194214,24.6332676410675,1.78945779800415
0.948911631357697,0,"SVG","Vip","ELLA",112,0.0248186588287354,427.134085416794,20.8497416973114,1.70171666145325
-0.000176544840447271,0.154982989653945,"rate_effect","Slc17a7","DESeq2",112,0.0303020477294922,449.407165288925,26.851879119873,1.69535422325134
5.12659900494561e-05,0,"rate_effect","Pvalb","DESeq2",112,0.0301089286804199,428.247339248657,29.8079919815063,1.66396045684814
4.97360765929495e-05,0,"rate_effect","Tac2","DESeq2",112,0.0322089195251465,408.884809732437,26.4115223884583,1.72398972511292
0.000189098550353532,0,"rate_effect","Vip","DESeq2",112,0.0315802097320557,422.765319108963,25.9771552085876,1.73013639450073
0.630345003524598,1,"FSE","Slc17a7","DESeq2",112,0.0289065837860107,439.160111427307,22.1827802658081,1.76004147529602
0.630345003524598,0,"FSE","Pvalb","DESeq2",112,0.0298852920532227,427.017245531082,28.7798230648041,1.70368719100952
0.630345003524598,0,"FSE","Tac2","DESeq2",112,0.0346510410308838,423.745444536209,30.480721950531,1.68005108833313
0.674441779152695,0,"FSE","Vip","DESeq2",112,0.0336208343505859,457.350196123123,29.9804899692535,1.70068073272705
-0.0820508288843893,0,"rate_effect","Pvalb","wisp",113,0.0338809490203857,436.45938372612,22.8680624961853,1.66281175613403
0.00587216806091353,0,"rate_effect","Slc17a7","wisp",113,0.034174919128418,440.511873960495,28.8962671756744,1.64716815948486
0.037534662799183,0,"rate_effect","Tac2","wisp",113,0.0303421020507812,427.628512382507,22.2104892730713,1.71368527412415
0.00216974745959283,0,"rate_effect","Vip","wisp",113,0.0332088470458984,344.416242599487,30.4543399810791,1.69739413261414
-0.158087411495995,0.176444803830236,"random_effect","replicate1","wisp",113,0.0305843353271484,431.98536658287,24.406289100647,1.68058586120605
0.0616619726936085,0.424721246119589,"random_effect","replicate2","wisp",113,0.0328588485717773,449.26571059227,33.3354132175446,1.73019027709961
0.0379526128696938,0.455548044294119,"random_effect","replicate3","wisp",113,0.0297694206237793,439.159985542297,26.3205349445343,1.71449494361877
-0.13538835282301,0.302376184379682,"random_effect","replicate4","wisp",113,0.0305607318878174,428.652082204819,30.6755955219269,1.88950419425964
0.872189035454341,0,"FSE","Pvalb","wisp",113,0.0316033363342285,445.094449043274,42.2195236682892,1.67439436912537
1.63487532875288,0,"FSE","Slc17a7","wisp",113,0.0265688896179199,435.233200311661,26.1416709423065,1.71018147468567
2.5186013986014,0,"FSE","Tac2","wisp",113,0.0327644348144531,439.456162452698,26.0999274253845,1.78638219833374
2.01484626484626,0,"FSE","Vip","wisp",113,0.0307676792144775,437.681057214737,27.9302146434784,1.65710139274597
0.847250552933865,1,"SVG","Pvalb","ELLA",113,0.0290651321411133,427.405111312866,22.3053696155548,1.72048687934875
0.905184118584854,0,"SVG","Slc17a7","ELLA",113,0.0320477485656738,433.640318632126,29.350049495697,1.72802352905273
0.887349660967107,0,"SVG","Tac2","ELLA",113,0.0298590660095215,448.810079097748,25.333607673645,1.71256875991821
0.980316411293665,0,"SVG","Vip","ELLA",113,0.0316283702850342,455.552742004395,29.5427038669586,1.7094087600708
0.0123418755396182,0,"rate_effect","Slc17a7","DESeq2",113,0.0333898067474365,440.108868360519,23.9051141738892,1.67539310455322
-0.0223093903966264,0,"rate_effect","Pvalb","DESeq2",113,0.0299966335296631,419.217404127121,32.1976454257965,1.70710897445679
-0.0115895661031437,0,"rate_effect","Tac2","DESeq2",113,0.0458025932312012,433.931190729141,28.3724331855774,1.67933249473572
0.0094767518293291,0,"rate_effect","Vip","DESeq2",113,0.0300023555755615,429.552792310715,29.0982015132904,1.65337753295898
7.82712723657473e-05,0,"FSE","Slc17a7","DESeq2",113,0.0322961807250977,435.765223503113,31.6087048053741,1.71501207351685
0.00173207995512333,0,"FSE","Pvalb","DESeq2",113,0.0341274738311768,417.889683008194,28.9951059818268,1.70399403572083
0.139950637849904,0,"FSE","Tac2","DESeq2",113,0.0294394493103027,453.733312368393,25.2916481494904,1.77246928215027
0.24039458434926,0,"FSE","Vip","DESeq2",113,0.0308578014373779,468.61527967453,25.4667437076569,1.71070170402527
1.2751833125217,0.43062452506274,"rate_effect","Pvalb","wisp",114,0.820080041885376,436.097178220749,26.8479788303375,1.66347169876099
0.669613512248122,0.243697143392637,"rate_effect","Slc17a7","wisp",114,0.0320253372192383,431.81830573082,30.8184201717377,1.66999959945679
0.0401189609597772,0,"rate_effect","Tac2","wisp",114,0.0323450565338135,407.469310998917,23.6902546882629,1.6712794303894
0.0297642089128147,-0.0127816312015057,"rate_effect","Vip","wisp",114,0.0303232669830322,458.878425359726,29.6515972614288,1.6605019569397
0.276532866165037,0.147712950361893,"random_effect","replicate1","wisp",114,0.0322065353393555,419.259837388992,28.8181869983673,1.6933798789978
-0.417145631663276,-0.343571690842509,"random_effect","replicate2","wisp",114,0.0321733951568604,430.462215185165,29.7094798088074,1.70585680007935
0.291933781123115,0.192691964330152,"random_effect","replicate3","wisp",114,0.0398569107055664,434.449024200439,32.2220323085785,1.69411945343018
-0.0830440794832473,-0.120006042532623,"random_effect","replicate4","wisp",114,0.0285923480987549,429.197801351547,26.8881816864014,1.82680439949036
0,1,"FSE","Pvalb","wisp",114,0.0303695201873779,462.501043796539,27.2750470638275,1.7259795665741
0.000999000999000982,1,"FSE","Slc17a7","wisp",114,0.0310995578765869,422.670966625214,21.7350451946259,1.75525784492493
0.0568598068598069,0,"FSE","Tac2","wisp",114,0.0324530601501465,428.048925638199,30.4400534629822,1.65608763694763
0.0744055944055944,1,"FSE","Vip","wisp",114,0.80547022819519,440.463515520096,28.439962387085,1.65983462333679
1.10000644504282e-06,1,"SVG","Pvalb","ELLA",114,0.0333585739135742,445.77917599678,26.5162720680237,1.65799617767334
0.842673829427858,1,"SVG","Slc17a7","ELLA",114,0.834730386734009,404.486200332642,22.7781071662903,1.70609188079834
0.936810702739126,1,"SVG","Tac2","ELLA",114,0.0285840034484863,414.615249633789,23.4158487319946,1.73908114433289
0.869950328979975,1,"SVG","Vip","ELLA",114,0.0306859016418457,433.938928842545,33.8327622413635,1.7237377166748
0.552245962254132,0.43062452506274,"rate_effect","Slc17a7","DESeq2",114,0.0308890342712402,422.670696020126,25.4336326122284,1.66652059555054
1.1989616491451,0.243697143392637,"rate_effect","Pvalb","DESeq2",114,0.0306036472320557,419.418052911758,25.2467229366302,1.70362830162048
-0.556031780474869,0,"rate_effect","Tac2","DESeq2",114,0.0317995548248291,461.469823598862,32.3803489208221,1.67511296272278
-0.617582994588883,-0.0127816312015057,"rate_effect","Vip","DESeq2",114,0.0344686508178711,434.89457821846,27.1384015083313,1.70538330078125
0,1,"FSE","Slc17a7","DESeq2",114,0.0282166004180908,443.423809051514,32.3087086677551,1.67403841018677
0,1,"FSE","Pvalb","DESeq2",114,0.0308902263641357,431.944690704346,30.5837070941925,1.7223334312439
5.03952179923052e-207,0,"FSE","Tac2","DESeq2",114,0.0291938781738281,425.225584983826,23.5495102405548,1.67557716369629
1.01025592527737e-281,1,"FSE","Vip","DESeq2",114,0.0274803638458252,449.36609172821,29.871399641037,1.7144455909729
-0.0343515245088733,0,"rate_effect","Pvalb","wisp",115,0.0323798656463623,397.502710580826,26.9996373653412,1.68184280395508
-2.13302160953236,-0.360245295101777,"rate_effect","Slc17a7","wisp",115,0.0408256053924561,431.450164318085,30.4177463054657,1.70918226242065
-0.0138245043848561,0,"rate_effect","Tac2","wisp",115,0.0313534736633301,438.536264657974,29.9569611549377,1.84068560600281
-0.572432751141159,-0.208205498987809,"rate_effect","Vip","wisp",115,0.0400087833404541,433.042570114136,30.6304001808167,1.66168165206909
0.460046505552463,0.396220120601356,"random_effect","replicate1","wisp",115,0.817047119140625,430.118763923645,24.3502914905548,1.6999716758728
0.19772380120275,-0.106610694667324,"random_effect","replicate2","wisp",115,0.0297436714172363,437.071761846542,23.595419883728,1.64554500579834
-0.687644357996784,-0.469480583444238,"random_effect","replicate3","wisp",115,0.032271146774292,436.101019144058,24.8949110507965,1.70548939704895
0.375660268578701,0.180535825900733,"random_effect","replicate4","wisp",115,0.0315263271331787,432.288017749786,30.956157207489,1.69679665565491
0.626173708920188,0,"FSE","Pvalb","wisp",115,0.0336310863494873,437.491618871689,23.7585678100586,1.71569228172302
0,1,"FSE","Slc17a7","wisp",115,1.60711026191711,421.640034914017,25.7011733055115,1.6941704750061
1.15291750503018,0,"FSE","Tac2","wisp",115,0.0332968235015869,424.412275791168,31.337925195694,1.72009944915771
0.0832956925224819,1,"FSE","Vip","wisp",115,0.0317978858947754,432.436423778534,26.7529740333557,1.69773530960083
0.914152705221617,0,"SVG","Pvalb","ELLA",115,0.0310676097869873,423.374612569809,30.5652163028717,1.68888401985168
0.87755723236855,1,"SVG","Slc17a7","ELLA",115,0.0288574695587158,432.843449831009,27.3957550525665,1.6828761100769
0.946814389837696,0,"SVG","Tac2","ELLA",115,0.0459022521972656,226.993104219437,24.1935837268829,1.51726198196411
2.20002944756326e-06,1,"SVG","Vip","ELLA",115,0.0322229862213135,331.06693983078,30.7433168888092,1.6044819355011
-2.92702823525332,0,"rate_effect","Slc17a7","DESeq2",115,0.0333068370819092,374.853465080261,21.7227132320404,1.55030393600464
0.782366584879189,-0.360245295101777,"rate_effect","Pvalb","DESeq2",115,0.0307085514068604,384.058814287186,22.0142612457275,1.6028254032135
0.78724318455985,0,"rate_effect","Tac2","DESeq2",115,0.0302438735961914,391.767779111862,25.2758643627167,1.53045392036438
-0.763595746109164,-0.208205498987809,"rate_effect","Vip","DESeq2",115,0.0305290222167969,388.461657047272,23.9431219100952,1.55912685394287
0,0,"FSE","Slc17a7","DESeq2",115,0.0326883792877197,384.937769889832,29.8561155796051,1.56570911407471
1.07213375135427e-244,1,"FSE","Pvalb","DESeq2",115,0.026921272277832,389.509970188141,21.9643669128418,1.66833257675171
6.46702069002822e-217,0,"FSE","Tac2","DESeq2",115,0.0267267227172852,388.007637023926,30.0672695636749,1.57240080833435
3.10184655295862e-176,1,"FSE","Vip","DESeq2",115,0.0300586223602295,418.203063964844,30.2898714542389,1.61718273162842
-2.65881349288629,-0.402590655256063,"rate_effect","Pvalb","wisp",116,0.0290942192077637,406.942582845688,31.5599641799927,1.58856463432312
0.00372983748031803,0,"rate_effect","Slc17a7","wisp",116,0.0287714004516602,429.646015167236,26.2195875644684,1.60668730735779
-0.435616828795189,-0.171241332776845,"rate_effect","Tac2","wisp",116,0.0317835807800293,341.669018268585,26.9653091430664,1.54579663276672
-0.0281156027189012,0,"rate_effect","Vip","wisp",116,0.0308656692504883,410.980796337128,26.0913398265839,1.58828997612
-0.411871360350546,-0.318460818147287,"random_effect","replicate1","wisp",116,0.0299198627471924,381.337107896805,27.0866591930389,1.55881309509277
0.363939423890551,0.314750338671729,"random_effect","replicate2","wisp",116,0.0317187309265137,406.580022573471,25.456356048584,2.13756680488586
-0.291195401719964,-0.239268293138593,"random_effect","replicate3","wisp",116,0.0320427417755127,381.373903751373,26.0200519561768,1.62136936187744
0.34546088597495,0.334286440163851,"random_effect","replicate4","wisp",116,0.0314962863922119,398.525640964508,30.7137763500214,1.63695192337036
0,1,"FSE","Pvalb","wisp",116,0.0254049301147461,391.480886697769,26.8268549442291,1.66666102409363
0.77123998998999,0,"FSE","Slc17a7","wisp",116,0.0256845951080322,386.229352712631,22.1226570606232,2.23532843589783
0.547987987987988,1,"FSE","Tac2","wisp",116,0.0274255275726318,393.043655633926,26.3135740756989,1.62186360359192
0.739392453678168,0,"FSE","Vip","wisp",116,0.0314497947692871,399.737291574478,27.4356372356415,1.54793643951416
0.840792359365911,1,"SVG","Pvalb","ELLA",116,0.0278842449188232,407.994123220444,30.0831542015076,1.70397877693176
0.868575844218764,0,"SVG","Slc17a7","ELLA",116,0.0312459468841553,454.349458694458,27.4588553905487,1.65162825584412
1.10001549558092e-06,1,"SVG","Tac2","ELLA",116,0.0302815437316895,416.451984167099,27.4706983566284,1.66848421096802
2.20002687634224e-06,1,"SVG","Vip","ELLA",116,0.030287504196167,445.160679101944,26.9797604084015,1.6416482925415
0.636794102614042,-0.402590655256063,"rate_effect","Slc17a7","DESeq2",116,0.0270621776580811,418.129014253616,28.2524511814117,1.66839957237244
-4.08119380651403,0,"rate_effect","Pvalb","DESeq2",116,0.025137186050415,427.151807546616,30.0656287670135,1.72059488296509
-0.62014188286806,-0.171241332776845,"rate_effect","Tac2","DESeq2",116,0.0248410701751709,419.83846116066,32.9552249908447,1.71002101898193
0.635962286157622,0,"rate_effect","Vip","DESeq2",116,0.031097412109375,420.148341417313,25.3059678077698,1.70672941207886
0,1,"FSE","Slc17a7","DESeq2",116,0.0304763317108154,422.099095344543,27.7931344509125,1.73184728622437
0,0,"FSE","Pvalb","DESeq2",116,0.0281741619110107,436.614368438721,25.8525140285492,1.87365055084229
7.66539830228353e-165,1,"FSE","Tac2","DESeq2",116,0.031022310256958,431.403715372086,31.1884779930115,1.73899722099304
3.61649455263495e-269,0,"FSE","Vip","DESeq2",116,0.0317983627319336,446.260487318039,21.985191822052,1.75307321548462
-0.0594908915951048,0,"rate_effect","Pvalb","wisp",117,0.0358791351318359,425.043972253799,28.740198135376,1.71167206764221
0.000294172505505353,0,"rate_effect","Slc17a7","wisp",117,0.0326249599456787,432.28660774231,34.3577883243561,1.82336187362671
0.0266777256659708,0,"rate_effect","Tac2","wisp",117,0.025691032409668,413.085528612137,26.3216788768768,1.68938827514648
0.0340322259764695,0,"rate_effect","Vip","wisp",117,0.0321977138519287,431.868797302246,31.4128401279449,1.72128224372864
-0.731084133923575,-0.478620280511677,"random_effect","replicate1","wisp",117,0.0303294658660889,427.370543956757,21.0685846805573,1.7031238079071
0.525266960318218,0.490501679014415,"random_effect","replicate2","wisp",117,0.031196117401123,438.467203855515,26.1320161819458,1.84325361251831
0.141165598036696,-0.20496191852726,"random_effect","replicate3","wisp",117,0.0318443775177002,416.291744470596,28.2499594688416,1.83968019485474
0.376791920354436,0.0140907568857074,"random_effect","replicate4","wisp",117,0.0282285213470459,444.577963352203,21.2990975379944,2.37900733947754
2.0496447996448,0,"FSE","Pvalb","wisp",117,0.029576301574707,425.557831048965,32.9004528522491,2.33510065078735
1.64861700799201,0,"FSE","Slc17a7","wisp",117,0.0261030197143555,454.543220043182,25.3657302856445,1.65312337875366
1.51825951825952,0,"FSE","Tac2","wisp",117,0.030604362487793,448.491393089294,27.0592975616455,1.72818160057068
2.09312909312909,0,"FSE","Vip","wisp",117,0.0423741340637207,418.818164825439,24.772531747818,1.71317410469055
0.967917630969884,1,"SVG","Pvalb","ELLA",117,0.0336840152740479,421.485532522202,26.0124709606171,1.66458964347839
0.873109719896007,0,"SVG","Slc17a7","ELLA",117,0.0301039218902588,419.07643198967,23.9351878166199,1.70808434486389
0.884376939642435,0,"SVG","Tac2","ELLA",117,0.029496431350708,443.56943154335,25.7597060203552,1.6528697013855
0.857985362615606,0,"SVG","Vip","ELLA",117,0.0322501659393311,423.658175468445,25.207447052002,1.70782256126404
6.36446099663322e-06,0,"rate_effect","Slc17a7","DESeq2",117,0.0313875675201416,427.1850502491,25.8664109706879,2.41867923736572
9.75702668619631e-06,0,"rate_effect","Pvalb","DESeq2",117,0.0261313915252686,428.541162490845,22.9495022296906,1.70014810562134
-1.65940640166616e-05,0,"rate_effect","Tac2","DESeq2",117,0.816929817199707,433.676968336105,31.5241286754608,2.48922324180603
9.51844033112805e-06,0,"rate_effect","Vip","DESeq2",117,0.0293712615966797,430.996541023254,24.3395192623138,1.70786213874817
0.935988408986991,0,"FSE","Slc17a7","DESeq2",117,0.0294525623321533,435.360939741135,24.5862038135529,1.74760770797729
0.983275013423817,0,"FSE","Pvalb","DESeq2",117,0.0314376354217529,431.56404876709,26.8166272640228,1.69978642463684
0.935988408986991,0,"FSE","Tac2","DESeq2",117,0.0298619270324707,443.675142288208,30.911069393158,1.68198251724243
0.935988408986991,0,"FSE","Vip","DESeq2",117,0.0369207859039307,443.817051887512,31.6257169246674,1.67301535606384
-0.0027608669051439,0,"rate_effect","Pvalb","wisp",118,0.0287370681762695,425.840946435928,20.6871118545532,1.69628477096558
-0.0206701674504759,0,"rate_effect","Slc17a7","wisp",118,0.816901922225952,418.899758338928,25.4150378704071,1.71676182746887
0.00417935498217704,0,"rate_effect","Tac2","wisp",118,0.0307743549346924,427.506590843201,28.1352660655975,1.71242094039917
-0.0560706515976075,0,"rate_effect","Vip","wisp",118,0.0329976081848145,430.744173049927,26.0876758098602,1.68078994750977
0.341054830938444,0.423031249782071,"random_effect","replicate1","wisp",118,0.0331697463989258,343.210713863373,25.4671909809113,1.68777298927307
-0.179820196786743,-0.07243168563582,"random_effect","replicate2","wisp",118,0.0300967693328857,440.774281978607,23.2325868606567,2.37251234054565
-0.473051958539321,-0.326849051285535,"random_effect","replicate3","wisp",118,0.812228679656982,421.734682798386,24.0035390853882,1.67496418952942
0.325044705709666,0.465799935394898,"random_effect","replicate4","wisp",118,0.0344059467315674,414.342206716537,31.1541674137115,1.68140697479248
1.26751026751027,0,"FSE","Pvalb","wisp",118,0.0330021381378174,437.451224327087,29.745246887207,1.75335311889648
1.66070041070041,0,"FSE","Slc17a7","wisp",118,0.0306010246276855,442.808385372162,28.5078384876251,1.74131655693054
1.46557524108545,0,"FSE","Tac2","wisp",118,0.0322425365447998,418.705527305603,32.1499083042145,1.71031928062439
1.06234581744786,0,"FSE","Vip","wisp",118,0.02848219871521,418.45457649231,31.55730676651,1.6748194694519
0.770920700257827,0,"SVG","Pvalb","ELLA",118,0.0327200889587402,418.613175630569,21.0245373249054,2.49808239936829
0.845865704087526,0,"SVG","Slc17a7","ELLA",118,0.0323636531829834,451.664989948273,26.4137582778931,1.71981382369995
0.92976558294328,0,"SVG","Tac2","ELLA",118,0.0289516448974609,431.30482840538,26.2738811969757,1.79348587989807
1.10001117226144e-06,1,"SVG","Vip","ELLA",118,0.0340394973754883,424.700837850571,28.7098228931427,1.66401886940002
-9.79969308912383e-05,0,"rate_effect","Slc17a7","DESeq2",118,0.0275821685791016,425.654767751694,28.4632177352905,1.66555500030518
0.000273820010641682,0,"rate_effect","Pvalb","DESeq2",118,0.0329325199127197,423.197243452072,33.9429748058319,1.6831533908844
2.87438479650227e-06,0,"rate_effect","Tac2","DESeq2",118,0.0311880111694336,434.951207876205,25.2036564350128,1.74011588096619
4.96700987710351e-05,0,"rate_effect","Vip","DESeq2",118,0.0296409130096436,440.225367546082,27.4221527576447,1.70881175994873
0.870867644322287,0,"FSE","Slc17a7","DESeq2",118,0.817978858947754,426.278552532196,33.1131513118744,1.70468354225159
0.94898969450167,0,"FSE","Pvalb","DESeq2",118,0.0321147441864014,422.636915206909,29.2182486057281,1.70727491378784
0.870867644322287,0,"FSE","Tac2","DESeq2",118,0.0328273773193359,447.521906852722,29.8023293018341,1.68975639343262
0.870867644322287,0,"FSE","Vip","DESeq2",118,0.0354571342468262,452.610210418701,26.6774995326996,1.70772361755371
0.0151426408879986,0,"rate_effect","Pvalb","wisp",119,0.0321264266967773,433.965416669846,32.878084897995,1.7208776473999
-0.322260547334581,0,"rate_effect","Slc17a7","wisp",119,0.0312814712524414,422.190920829773,24.4393150806427,1.70067930221558
0.0227251876285627,0,"rate_effect","Tac2","wisp",119,0.0330197811126709,418.523633003235,25.5854187011719,1.69677972793579
0.0306588393790947,0,"rate_effect","Vip","wisp",119,0.034435510635376,420.346521377563,26.4988250732422,1.68244385719299
0.119961464544498,0.171532974112779,"random_effect","replicate1","wisp",119,0.0320837497711182,450.666950464249,31.1645810604095,1.67498111724854
-0.303928334625845,-0.0963226386811584,"random_effect","replicate2","wisp",119,0.0363020896911621,457.17814874649,21.4324703216553,1.71121692657471
0.068367148609962,0.137522533303127,"random_effect","replicate3","wisp",119,0.029810905456543,428.343622922897,28.0981600284576,1.70960855484009
0.216117183481315,0.341565580572933,"random_effect","replicate4","wisp",119,0.0300595760345459,430.763073682785,25.8358247280121,1.69846940040588
1.26304251304251,0,"FSE","Pvalb","wisp",119,0.0283267498016357,397.332173585892,18.7034997940063,1.69594931602478
0.76995226995227,0,"FSE","Slc17a7","wisp",119,0.0276176929473877,442.712224245071,28.8775310516357,1.6610062122345
0.870659952292605,0,"FSE","Tac2","wisp",119,0.0308253765106201,427.544069766998,28.7976498603821,1.63383769989014
1.57714507714508,0,"FSE","Vip","wisp",119,0.809355020523071,410.579885721207,29.0670175552368,1.86269569396973
0.958272161426998,0,"SVG","Pvalb","ELLA",119,0.0337629318237305,423.401099443436,29.6546030044556,1.68249821662903
0.823974390660957,1,"SVG","Slc17a7","ELLA",119,0.0272953510284424,422.697418212891,28.5365047454834,1.725830078125
5.98656485828464e-07,1,"SVG","Tac2","ELLA",119,0.029818058013916,439.7497215271,28.5780348777771,1.66135263442993
0.976056939165821,0,"SVG","Vip","ELLA",119,0.0316903591156006,433.967046022415,28.9943070411682,1.69037532806396
-9.74361669856584e-05,0,"rate_effect","Slc17a7","DESeq2",119,0.0298211574554443,431.580412626266,25.7868802547455,1.6839165687561
0.000101210821144376,0,"rate_effect","Pvalb","DESeq2",119,0.030144214630127,421.375997781754,24.3016586303711,1.71349835395813
-4.46830604265707e-05,0,"rate_effect","Tac2","DESeq2",119,0.807829141616821,465.29434800148,29.0233175754547,1.72194504737854
1.34390954089353e-06,0,"rate_effect","Vip","DESeq2",119,0.0383744239807129,429.53732085228,28.4468386173248,1.68207979202271
0.866655874604333,0,"FSE","Slc17a7","DESeq2",119,0.0290732383728027,429.263690233231,27.6097779273987,1.72484445571899
0.866655874604333,0,"FSE","Pvalb","DESeq2",119,0.0312666893005371,437.413307189941,27.8502190113068,1.60901474952698
0.866655874604333,0,"FSE","Tac2","DESeq2",119,0.805010795593262,426.455203294754,26.4656774997711,1.70355725288391
0.866655874604333,0,"FSE","Vip","DESeq2",119,0.0289487838745117,436.127036333084,28.2870264053345,1.67139077186584
0.0121753051641044,0,"rate_effect","Pvalb","wisp",120,0.03226637840271,420.098921537399,31.8938703536987,1.69554042816162
0.199980319116014,0,"rate_effect","Slc17a7","wisp",120,0.032975435256958,438.165823221207,30.2825698852539,1.69946098327637
0.0335530414414944,0,"rate_effect","Tac2","wisp",120,0.0294399261474609,422.019849300385,30.9425678253174,1.66973900794983
-0.186284081626056,0,"rate_effect","Vip","wisp",120,0.0314321517944336,431.475331306458,22.7149419784546,1.67200517654419
0.404331958037797,-0.119133876636624,"random_effect","replicate1","wisp",120,0.0310087203979492,456.257085084915,32.455356836319,1.71188235282898
-0.172571764869762,-0.335729233687744,"random_effect","replicate2","wisp",120,0.0314266681671143,415.877539396286,24.0265824794769,1.67043447494507
-0.330512639086199,-0.378637145739049,"random_effect","replicate3","wisp",120,0.0294971466064453,416.692481517792,28.3475487232208,1.67638111114502
-0.220663883018508,-0.348563334206119,"random_effect","replicate4","wisp",120,0.0342004299163818,336.719402313232,26.6872763633728,1.68443870544434
0.519027847152847,0,"FSE","Pvalb","wisp",120,0.0316140651702881,440.845675230026,27.6376297473907,1.67763209342957
0.330954759526188,0,"FSE","Slc17a7","wisp",120,0.0327372550964355,439.942652225494,29.3641135692596,1.70473194122314
0.844715284715285,0,"FSE","Tac2","wisp",120,0.0318393707275391,427.237243175507,26.6134941577911,1.71749186515808
0.356393606393606,0,"FSE","Vip","wisp",120,0.0313699245452881,439.644544839859,28.5925753116608,1.69865012168884
0.983997950579855,0,"SVG","Pvalb","ELLA",120,0.0302164554595947,430.495224475861,30.2653694152832,1.85662579536438
0.927492295743563,1,"SVG","Slc17a7","ELLA",120,0.0278749465942383,433.838924407959,19.8628737926483,1.78214120864868
0.841339281615314,0,"SVG","Tac2","ELLA",120,0.0278384685516357,430.360751152039,22.3971903324127,1.76852321624756
0.823295395761427,1,"SVG","Vip","ELLA",120,0.0297048091888428,444.295955896378,24.0693807601929,1.65312027931213
-0.000175814407251439,0,"rate_effect","Slc17a7","DESeq2",120,0.0325343608856201,439.585692644119,22.7576236724854,1.69080781936646
2.61252400079277e-06,0,"rate_effect","Pvalb","DESeq2",120,0.0392982959747314,440.06645655632,24.0361716747284,1.71503973007202
-1.01023685848317e-05,0,"rate_effect","Tac2","DESeq2",120,0.029843807220459,437.265570402145,32.5572719573975,1.693115234375
1.05420252357225e-05,0,"rate_effect","Vip","DESeq2",120,0.0291032791137695,439.432435512543,28.7472431659698,1.66761207580566
0.989334758961867,0,"FSE","Slc17a7","DESeq2",120,0.0333409309387207,453.339238643646,31.4272742271423,1.68288779258728
0.989334758961867,0,"FSE","Pvalb","DESeq2",120,0.0347957611083984,417.253128051758,31.6567099094391,1.64820694923401
0.989334758961867,0,"FSE","Tac2","DESeq2",120,0.0314128398895264,437.256318807602,26.5088288784027,1.63021802902222
0.989334758961867,0,"FSE","Vip","DESeq2",120,0.0340812206268311,430.002932310104,29.5874364376068,1.69731545448303
0.0276683912772429,0,"rate_effect","Pvalb","wisp",121,0.0293447971343994,435.143224954605,28.5866005420685,1.70678520202637
-0.0205384461161802,0,"rate_effect","Slc17a7","wisp",121,0.0311143398284912,445.551970005035,28.4414129257202,1.71600365638733
0.00265590468796061,0,"rate_effect","Tac2","wisp",121,0.0289325714111328,403.162273168564,26.9035997390747,1.71544790267944
0.0111416205208604,0,"rate_effect","Vip","wisp",121,0.0286831855773926,430.203703165054,26.6837778091431,1.66840791702271
-0.524613830740356,-0.464332663686946,"random_effect","replicate1","wisp",121,1.57948327064514,437.185100317001,27.2536680698395,1.667564868927
0.614102681916679,0.410861203912646,"random_effect","replicate2","wisp",121,0.034404993057251,445.910422801971,27.2072422504425,1.68012309074402
0.310762732063361,-0.173191683832556,"random_effect","replicate3","wisp",121,0.0283098220825195,453.391103506088,26.5794351100922,1.68018746376038
-0.509790685767847,-0.462677411502227,"random_effect","replicate4","wisp",121,0.801506280899048,419.876414775848,24.7873849868774,1.75839638710022
0.77125,0,"FSE","Pvalb","wisp",121,0.0307512283325195,428.397931814194,25.2241079807281,1.7059383392334
0.825204081632653,0,"FSE","Slc17a7","wisp",121,0.0340209007263184,436.847017526627,28.057745218277,1.85157752037048
1.221,0,"FSE","Tac2","wisp",121,0.0325219631195068,418.58698797226,21.6276752948761,1.68365335464478
1.10008,0,"FSE","Vip","wisp",121,0.029606819152832,451.323617219925,28.6904950141907,1.68021440505981
0.834786541462285,1,"SVG","Pvalb","ELLA",121,0.0282809734344482,451.912832021713,22.7493710517883,1.72066164016724
0.940567980037864,0,"SVG","Slc17a7","ELLA",121,0.801509857177734,422.313986063004,26.464081287384,1.70801472663879
0.898503637950351,0,"SVG","Tac2","ELLA",121,0.035719633102417,420.760576486588,28.6639797687531,1.73553800582886
0.832419353641377,0,"SVG","Vip","ELLA",121,0.0332770347595215,423.522397279739,32.0795929431915,1.68319892883301
-6.47247231884812e-05,0,"rate_effect","Slc17a7","DESeq2",121,0.0316963195800781,452.135765552521,27.33478307724,1.69501924514771
0.000127173299562193,0,"rate_effect","Pvalb","DESeq2",121,0.0274889469146729,429.882750511169,29.0840692520142,2.21656131744385
6.16645478721821e-05,0,"rate_effect","Tac2","DESeq2",121,0.0337462425231934,456.47945690155,29.6877138614655,1.71448874473572
-0.000706629331752276,0,"rate_effect","Vip","DESeq2",121,0.0293803215026855,422.508548974991,28.0290486812592,1.72083115577698
0.648054346791503,0,"FSE","Slc17a7","DESeq2",121,0.0302333831787109,425.557153701782,25.630185842514,1.71045875549316
0.459673604271681,0,"FSE","Pvalb","DESeq2",121,0.0314383506774902,456.831465482712,28.0305428504944,1.73749208450317
0.648054346791503,0,"FSE","Tac2","DESeq2",121,0.0300333499908447,420.228207826614,25.318615436554,1.76744961738586
0.648054346791503,0,"FSE","Vip","DESeq2",121,0.029646635055542,425.508758306503,32.9703578948975,1.67997980117798
0.0304203098830593,0,"rate_effect","Pvalb","wisp",122,0.795555591583252,424.274295568466,28.6420726776123,1.70204496383667
0.00867367946189972,0,"rate_effect","Slc17a7","wisp",122,0.0330798625946045,427.26707816124,18.6909942626953,1.63834738731384
0.0304393524837924,0,"rate_effect","Tac2","wisp",122,0.0290913581848145,427.728501081467,29.9143071174622,1.79513120651245
-0.0020393568091834,0,"rate_effect","Vip","wisp",122,0.0293011665344238,426.269878864288,28.6204409599304,1.68565964698792
0.0806003098970166,-0.297576039098203,"random_effect","replicate1","wisp",122,0.0388209819793701,418.660535097122,32.9334063529968,1.7362232208252
0.576797872052061,0.35049489676021,"random_effect","replicate2","wisp",122,0.0292532444000244,425.60621213913,21.9722917079926,1.68773722648621
-0.83702414988079,-0.495330989360809,"random_effect","replicate3","wisp",122,0.0324656963348389,443.387887001038,24.3710117340088,1.69161748886108
0.46447887217869,0.0435911640524864,"random_effect","replicate4","wisp",122,0.0302588939666748,439.416900157928,23.9184587001801,1.70590662956238
1.18611111111111,0,"FSE","Pvalb","wisp",122,0.0327942371368408,438.957689762115,27.6632163524628,1.71968770027161
1.87483673469388,0,"FSE","Slc17a7","wisp",122,0.0285742282867432,421.09440946579,29.6664223670959,1.71637344360352
2.26575,0,"FSE","Tac2","wisp",122,0.0321705341339111,433.779055833817,24.2364208698273,1.66416764259338
1.56002040816327,0,"FSE","Vip","wisp",122,0.0324299335479736,441.995455741882,30.9328153133392,1.71126890182495
2.20004613099567e-06,1,"SVG","Pvalb","ELLA",122,0.029210090637207,439.464953899384,34.3297638893127,1.69986629486084
0.861740156554161,0,"SVG","Slc17a7","ELLA",122,0.0426244735717773,437.597018718719,24.8363919258118,1.68951106071472
0.94664798926682,0,"SVG","Tac2","ELLA",122,0.0324771404266357,425.207281112671,34.9626548290253,1.69158744812012
0.985511544488867,0,"SVG","Vip","ELLA",122,0.0298991203308105,418.647297859192,25.208455324173,1.70028805732727
6.74686310380442e-06,0,"rate_effect","Slc17a7","DESeq2",122,0.0298573970794678,427.855692625046,21.8786227703094,1.69300127029419
-3.59026744929467e-06,0,"rate_effect","Pvalb","DESeq2",122,0.0312502384185791,432.517842054367,28.3129653930664,1.68675136566162
5.69685773551617e-05,0,"rate_effect","Tac2","DESeq2",122,0.0320358276367188,411.424299955368,27.6908824443817,1.68193197250366
-2.43295728054482e-05,0,"rate_effect","Vip","DESeq2",122,0.0310063362121582,427.761325597763,29.3594481945038,1.68344497680664
0.962204181457997,0,"FSE","Slc17a7","DESeq2",122,0.0334844589233398,428.166197538376,26.1797046661377,1.7228901386261
0.962204181457997,0,"FSE","Pvalb","DESeq2",122,0.0315742492675781,434.415714979172,25.5722579956055,1.75341796875
0.962204181457997,0,"FSE","Tac2","DESeq2",122,0.0306034088134766,423.648044109344,28.6630384922028,2.33507633209229
0.962204181457997,0,"FSE","Vip","DESeq2",122,0.0319352149963379,457.630842685699,30.2729852199554,1.71965885162354
-0.115970809063599,-0.0212201040703803,"rate_effect","Pvalb","wisp",123,0.0309898853302002,427.793577194214,24.6332676410675,1.78945779800415
0.591504881741779,0.109938608948141,"rate_effect","Slc17a7","wisp",123,0.0248186588287354,427.134085416794,20.8497416973114,1.70171666145325
0.415902214761577,0.16354304086417,"rate_effect","Tac2","wisp",123,0.0303020477294922,449.407165288925,26.851879119873,1.69535422325134
-0.671024855130558,-0.372968930751085,"rate_effect","Vip","wisp",123,0.0301089286804199,428.247339248657,29.8079919815063,1.66396045684814
-0.415248806166069,-0.462549393530935,"random_effect","replicate1","wisp",123,0.0322089195251465,408.884809732437,26.4115223884583,1.72398972511292
0.552862037804228,0.322142092976719,"random_effect","replicate2","wisp",123,0.0315802097320557,422.765319108963,25.9771552085876,1.73013639450073
0.45308459620475,-0.0640357716474682,"random_effect","replicate3","wisp",123,0.0289065837860107,439.160111427307,22.1827802658081,1.76004147529602
-0.567512816286392,-0.491586333606392,"random_effect","replicate4","wisp",123,0.0298852920532227,427.017245531082,28.7798230648041,1.70368719100952
0.890749250749251,1,"FSE","Pvalb","wisp",123,0.0346510410308838,423.745444536209,30.480721950531,1.68005108833313
0.570991508491508,1,"FSE","Slc17a7","wisp",123,0.0336208343505859,457.350196123123,29.9804899692535,1.70068073272705
0.42979242979243,1,"FSE","Tac2","wisp",123,0.0338809490203857,436.45938372612,22.8680624961853,1.66281175613403
0.253666333666334,1,"FSE","Vip","wisp",123,0.034174919128418,440.511873960495,28.8962671756744,1.64716815948486
0.848979158289456,1,"SVG","Pvalb","ELLA",123,0.0303421020507812,427.628512382507,22.2104892730713,1.71368527412415
0.746688032461681,1,"SVG","Slc17a7","ELLA",123,0.0332088470458984,344.416242599487,30.4543399810791,1.69739413261414
7.33334840075095e-07,1,"SVG","Tac2","ELLA",123,0.0305843353271484,431.98536658287,24.406289100647,1.68058586120605
1.10000914427255e-06,1,"SVG","Vip","ELLA",123,0.0328588485717773,449.26571059227,33.3354132175446,1.73019027709961
0.367713903836492,-0.0212201040703803,"rate_effect","Slc17a7","DESeq2",123,0.0297694206237793,439.159985542297,26.3205349445343,1.71449494361877
-0.350026134793891,0.109938608948141,"rate_effect","Pvalb","DESeq2",123,0.0305607318878174,428.652082204819,30.6755955219269,1.88950419425964
0.544528215885862,0.16354304086417,"rate_effect","Tac2","DESeq2",123,0.0316033363342285,445.094449043274,42.2195236682892,1.67439436912537
-4.16999761019563,-0.372968930751085,"rate_effect","Vip","DESeq2",123,0.0265688896179199,435.233200311661,26.1416709423065,1.71018147468567
4.78482726914398e-41,1,"FSE","Slc17a7","DESeq2",123,0.0327644348144531,439.456162452698,26.0999274253845,1.78638219833374
7.72763532134404e-26,1,"FSE","Pvalb","DESeq2",123,0.0307676792144775,437.681057214737,27.9302146434784,1.65710139274597
3.39230024540462e-13,1,"FSE","Tac2","DESeq2",123,0.0290651321411133,427.405111312866,22.3053696155548,1.72048687934875
0,1,"FSE","Vip","DESeq2",123,0.0320477485656738,433.640318632126,29.350049495697,1.72802352905273
-1.77472503829226,-0.324215759057552,"rate_effect","Pvalb","wisp",124,0.0298590660095215,448.810079097748,25.333607673645,1.71256875991821
1.31400264011672,0.497569354483858,"rate_effect","Slc17a7","wisp",124,0.0316283702850342,455.552742004395,29.5427038669586,1.7094087600708
0.0385598741761012,0,"rate_effect","Tac2","wisp",124,0.0333898067474365,440.108868360519,23.9051141738892,1.67539310455322
0.0324253705502381,0,"rate_effect","Vip","wisp",124,0.0299966335296631,419.217404127121,32.1976454257965,1.70710897445679
-0.548569816518993,-0.435456662205979,"random_effect","replicate1","wisp",124,0.0458025932312012,433.931190729141,28.3724331855774,1.67933249473572
0.456819878745154,0.433129583951086,"random_effect","replicate2","wisp",124,0.0300023555755615,429.552792310715,29.0982015132904,1.65337753295898
0.423181113435138,0.281395925208926,"random_effect","replicate3","wisp",124,0.0322961807250977,435.765223503113,31.6087048053741,1.71501207351685
-0.382148365516279,-0.364252652507275,"random_effect","replicate4","wisp",124,0.0341274738311768,417.889683008194,28.9951059818268,1.70399403572083
0,1,"FSE","Pvalb","wisp",124,0.0294394493103027,453.733312368393,25.2916481494904,1.77246928215027
0.0197927072927073,1,"FSE","Slc17a7","wisp",124,0.0308578014373779,468.61527967453,25.4667437076569,1.71070170402527
0.865787273950539,0,"FSE","Tac2","wisp",124,0.820080041885376,436.097178220749,26.8479788303375,1.66347169876099
0.739149739149739,0,"FSE","Vip","wisp",124,0.0320253372192383,431.81830573082,30.8184201717377,1.66999959945679
2.20003373252453e-06,1,"SVG","Pvalb","ELLA",124,0.0323450565338135,407.469310998917,23.6902546882629,1.6712794303894
0.8581407370394,1,"SVG","Slc17a7","ELLA",124,0.0303232669830322,458.878425359726,29.6515972614288,1.6605019569397
0.838705662914805,0,"SVG","Tac2","ELLA",124,0.0322065353393555,419.259837388992,28.8181869983673,1.6933798789978
2.2001521706172e-06,0,"SVG","Vip","ELLA",124,0.0321733951568604,430.462215185165,29.7094798088074,1.70585680007935
1.97053667199546,-0.324215759057552,"rate_effect","Slc17a7","DESeq2",124,0.0398569107055664,434.449024200439,32.2220323085785,1.69411945343018
-3.03691520190246,0.497569354483858,"rate_effect","Pvalb","DESeq2",124,0.0285923480987549,429.197801351547,26.8881816864014,1.82680439949036
0.00351077847703157,0,"rate_effect","Tac2","DESeq2",124,0.0303695201873779,462.501043796539,27.2750470638275,1.7259795665741
-0.00308117969494763,0,"rate_effect","Vip","DESeq2",124,0.0310995578765869,422.670966625214,21.7350451946259,1.75525784492493
0,1,"FSE","Slc17a7","DESeq2",124,0.0324530601501465,428.048925638199,30.4400534629822,1.65608763694763
0,1,"FSE","Pvalb","DESeq2",124,0.80547022819519,440.463515520096,28.439962387085,1.65983462333679
0.882588408221405,0,"FSE","Tac2","DESeq2",124,0.0333585739135742,445.77917599678,26.5162720680237,1.65799617767334
0.882588408221405,0,"FSE","Vip","DESeq2",124,0.834730386734009,404.486200332642,22.7781071662903,1.70609188079834
0.018461649287084,0,"rate_effect","Pvalb","wisp",125,0.0285840034484863,414.615249633789,23.4158487319946,1.73908114433289
-0.820461946628433,-0.187258704565465,"rate_effect","Slc17a7","wisp",125,0.0306859016418457,433.938928842545,33.8327622413635,1.7237377166748
-1.13521948355397,-0.279233910609037,"rate_effect","Tac2","wisp",125,0.0308890342712402,422.670696020126,25.4336326122284,1.66652059555054
0.00729707091251586,0,"rate_effect","Vip","wisp",125,0.0306036472320557,419.418052911758,25.2467229366302,1.70362830162048
-0.115279466543853,0.101222652709112,"random_effect","replicate1","wisp",125,0.0317995548248291,461.469823598862,32.3803489208221,1.67511296272278
-0.00917515182977251,0.139677445171401,"random_effect","replicate2","wisp",125,0.0344686508178711,434.89457821846,27.1384015083313,1.70538330078125
-0.154302610106534,0.12021542689763,"random_effect","replicate3","wisp",125,0.0282166004180908,443.423809051514,32.3087086677551,1.67403841018677
0.236968544597751,0.393419739091769,"random_effect","replicate4","wisp",125,0.0308902263641357,431.944690704346,30.5837070941925,1.7223334312439
1.11617679804053,0,"FSE","Pvalb","wisp",125,0.0291938781738281,425.225584983826,23.5495102405548,1.67557716369629
0.013944555778223,1,"FSE","Slc17a7","wisp",125,0.0274803638458252,449.36609172821,29.871399641037,1.7144455909729
0,1,"FSE","Tac2","wisp",125,0.0323798656463623,397.502710580826,26.9996373653412,1.68184280395508
1.02112224448898,0,"FSE","Vip","wisp",125,0.0408256053924561,431.450164318085,30.4177463054657,1.70918226242065
0.808114265311358,0,"SVG","Pvalb","ELLA",125,0.0313534736633301,438.536264657974,29.9569611549377,1.84068560600281
0.922175298569061,1,"SVG","Slc17a7","ELLA",125,0.0400087833404541,433.042570114136,30.6304001808167,1.66168165206909
1.10000978725822e-06,1,"SVG","Tac2","ELLA",125,0.817047119140625,430.118763923645,24.3502914905548,1.6999716758728
2.75000220095745e-07,1,"SVG","Vip","ELLA",125,0.0297436714172363,437.071761846542,23.595419883728,1.64554500579834
-0.653580154283583,0,"rate_effect","Slc17a7","DESeq2",125,0.032271146774292,436.101019144058,24.8949110507965,1.70548939704895
0.690912414055386,-0.187258704565465,"rate_effect","Pvalb","DESeq2",125,0.0315263271331787,432.288017749786,30.956157207489,1.69679665565491
-1.67818570961686,-0.279233910609037,"rate_effect","Tac2","DESeq2",125,0.0336310863494873,437.491618871689,23.7585678100586,1.71569228172302
0.654942074406215,0,"rate_effect","Vip","DESeq2",125,1.60711026191711,421.640034914017,25.7011733055115,1.6941704750061
0,0,"FSE","Slc17a7","DESeq2",125,0.0332968235015869,424.412275791168,31.337925195694,1.72009944915771
0,1,"FSE","Pvalb","DESeq2",125,0.0317978858947754,432.436423778534,26.7529740333557,1.69773530960083
0,1,"FSE","Tac2","DESeq2",125,0.0310676097869873,423.374612569809,30.5652163028717,1.68888401985168
0,0,"FSE","Vip","DESeq2",125,0.0288574695587158,432.843449831009,27.3957550525665,1.6828761100769
0.00147662417296288,0,"rate_effect","Pvalb","wisp",126,0.0459022521972656,226.993104219437,24.1935837268829,1.51726198196411
0.302008588219541,0.135259263217449,"rate_effect","Slc17a7","wisp",126,0.0322229862213135,331.06693983078,30.7433168888092,1.6044819355011
0.0601689181979809,0.0562562851700932,"rate_effect","Tac2","wisp",126,0.0333068370819092,374.853465080261,21.7227132320404,1.55030393600464
0.0513568692941853,0,"rate_effect","Vip","wisp",126,0.0307085514068604,384.058814287186,22.0142612457275,1.6028254032135
-0.0139121843348975,-0.0707722161896527,"random_effect","replicate1","wisp",126,0.0302438735961914,391.767779111862,25.2758643627167,1.53045392036438
-0.149178978848226,-0.0824955340940505,"random_effect","replicate2","wisp",126,0.0305290222167969,388.461657047272,23.9431219100952,1.55912685394287
0.0862201091687581,0.00732202758081257,"random_effect","replicate3","wisp",126,0.0326883792877197,384.937769889832,29.8561155796051,1.56570911407471
-0.177444038968191,-0.12511853990145,"random_effect","replicate4","wisp",126,0.026921272277832,389.509970188141,21.9643669128418,1.66833257675171
1.79112887112887,0,"FSE","Pvalb","wisp",126,0.0267267227172852,388.007637023926,30.0672695636749,1.57240080833435
0.84051948051948,1,"FSE","Slc17a7","wisp",126,0.0300586223602295,418.203063964844,30.2898714542389,1.61718273162842
1.28435564435564,1,"FSE","Tac2","wisp",126,0.0290942192077637,406.942582845688,31.5599641799927,1.58856463432312
1.20748695748696,0,"FSE","Vip","wisp",126,0.0287714004516602,429.646015167236,26.2195875644684,1.60668730735779
0.803364217959528,0,"SVG","Pvalb","ELLA",126,0.0317835807800293,341.669018268585,26.9653091430664,1.54579663276672
0.989533848945495,1,"SVG","Slc17a7","ELLA",126,0.0308656692504883,410.980796337128,26.0913398265839,1.58828997612
2.0000005634957e-07,1,"SVG","Tac2","ELLA",126,0.0299198627471924,381.337107896805,27.0866591930389,1.55881309509277
0.000451803478579149,0,"SVG","Vip","ELLA",126,0.0317187309265137,406.580022573471,25.456356048584,2.13756680488586
0.528375713688854,0,"rate_effect","Slc17a7","DESeq2",126,0.0320427417755127,381.373903751373,26.0200519561768,1.62136936187744
-0.170326828020158,0.135259263217449,"rate_effect","Pvalb","DESeq2",126,0.0314962863922119,398.525640964508,30.7137763500214,1.63695192337036
0.160151334452046,0.0562562851700932,"rate_effect","Tac2","DESeq2",126,0.0254049301147461,391.480886697769,26.8268549442291,1.66666102409363
-0.16510828517426,0,"rate_effect","Vip","DESeq2",126,0.0256845951080322,386.229352712631,22.1226570606232,2.23532843589783
0,0,"FSE","Slc17a7","DESeq2",126,0.0274255275726318,393.043655633926,26.3135740756989,1.62186360359192
8.61688933341498e-53,1,"FSE","Pvalb","DESeq2",126,0.0314497947692871,399.737291574478,27.4356372356415,1.54793643951416
9.00370565191417e-24,1,"FSE","Tac2","DESeq2",126,0.0278842449188232,407.994123220444,30.0831542015076,1.70397877693176
1.27144355824695e-28,0,"FSE","Vip","DESeq2",126,0.0312459468841553,454.349458694458,27.4588553905487,1.65162825584412
-1.88786860003387,-0.34986504400149,"rate_effect","Pvalb","wisp",127,0.0302815437316895,416.451984167099,27.4706983566284,1.66848421096802
-1.11225741004157,-0.216485666111112,"rate_effect","Slc17a7","wisp",127,0.030287504196167,445.160679101944,26.9797604084015,1.6416482925415
0.0269194366318433,0,"rate_effect","Tac2","wisp",127,0.0270621776580811,418.129014253616,28.2524511814117,1.66839957237244
-0.474139877287093,0,"rate_effect","Vip","wisp",127,0.025137186050415,427.151807546616,30.0656287670135,1.72059488296509
0.275098979814608,0.273253062739968,"random_effect","replicate1","wisp",127,0.0248410701751709,419.83846116066,32.9552249908447,1.71002101898193
0.313206873565848,0.381826377240941,"random_effect","replicate2","wisp",127,0.031097412109375,420.148341417313,25.3059678077698,1.70672941207886
-0.080108160560419,-0.00486374692991376,"random_effect","replicate3","wisp",127,0.0304763317108154,422.099095344543,27.7931344509125,1.73184728622437
-0.427984326892394,-0.311723827384412,"random_effect","replicate4","wisp",127,0.0281741619110107,436.614368438721,25.8525140285492,1.87365055084229
0,1,"FSE","Pvalb","wisp",127,0.031022310256958,431.403715372086,31.1884779930115,1.73899722099304
0.00799200799200799,1,"FSE","Slc17a7","wisp",127,0.0317983627319336,446.260487318039,21.985191822052,1.75307321548462
0.293656960323627,0,"FSE","Tac2","wisp",127,0.0358791351318359,425.043972253799,28.740198135376,1.71167206764221
0.339327339327339,0,"FSE","Vip","wisp",127,0.0326249599456787,432.28660774231,34.3577883243561,1.82336187362671
0.892444202045266,1,"SVG","Pvalb","ELLA",127,0.025691032409668,413.085528612137,26.3216788768768,1.68938827514648
0.991625850326524,1,"SVG","Slc17a7","ELLA",127,0.0321977138519287,431.868797302246,31.4128401279449,1.72128224372864
0.883565258686591,0,"SVG","Tac2","ELLA",127,0.0303294658660889,427.370543956757,21.0685846805573,1.7031238079071
5.50002082877477e-07,1,"SVG","Vip","ELLA",127,0.031196117401123,438.467203855515,26.1320161819458,1.84325361251831
-0.811952810375259,-0.34986504400149,"rate_effect","Slc17a7","DESeq2",127,0.0318443775177002,416.291744470596,28.2499594688416,1.83968019485474
-2.59324108590005,-0.216485666111112,"rate_effect","Pvalb","DESeq2",127,0.0282285213470459,444.577963352203,21.2990975379944,2.37900733947754
0.815385126432877,0,"rate_effect","Tac2","DESeq2",127,0.029576301574707,425.557831048965,32.9004528522491,2.33510065078735
0.822452207715778,0,"rate_effect","Vip","DESeq2",127,0.0261030197143555,454.543220043182,25.3657302856445,1.65312337875366
0,1,"FSE","Slc17a7","DESeq2",127,0.030604362487793,448.491393089294,27.0592975616455,1.72818160057068
0,1,"FSE","Pvalb","DESeq2",127,0.0423741340637207,418.818164825439,24.772531747818,1.71317410469055
0,0,"FSE","Tac2","DESeq2",127,0.0336840152740479,421.485532522202,26.0124709606171,1.66458964347839
0,0,"FSE","Vip","DESeq2",127,0.0301039218902588,419.07643198967,23.9351878166199,1.70808434486389
0.0836091055862875,0.0153184025548398,"rate_effect","Pvalb","wisp",128,0.029496431350708,443.56943154335,25.7597060203552,1.6528697013855
0.266786842475055,0.084643364418298,"rate_effect","Slc17a7","wisp",128,0.0322501659393311,423.658175468445,25.207447052002,1.70782256126404
0.600154842428767,0.203326985705644,"rate_effect","Tac2","wisp",128,0.0313875675201416,427.1850502491,25.8664109706879,2.41867923736572
0.803326774177793,0.416039764182642,"rate_effect","Vip","wisp",128,0.0261313915252686,428.541162490845,22.9495022296906,1.70014810562134
-0.220219131463915,-0.0109924860298634,"random_effect","replicate1","wisp",128,0.816929817199707,433.676968336105,31.5241286754608,2.48922324180603
0.00271141039591935,0.162056241650134,"random_effect","replicate2","wisp",128,0.0293712615966797,430.996541023254,24.3395192623138,1.70786213874817
0.172639801055103,0.347478727111593,"random_effect","replicate3","wisp",128,0.0294525623321533,435.360939741135,24.5862038135529,1.74760770797729
-0.0432433618444353,0.180184355005622,"random_effect","replicate4","wisp",128,0.0314376354217529,431.56404876709,26.8166272640228,1.69978642463684
0.502857142857143,1,"FSE","Pvalb","wisp",128,0.0298619270324707,443.675142288208,30.911069393158,1.68198251724243
0.0375180375180375,1,"FSE","Slc17a7","wisp",128,0.0369207859039307,443.817051887512,31.6257169246674,1.67301535606384
0.0748051948051948,1,"FSE","Tac2","wisp",128,0.0287370681762695,425.840946435928,20.6871118545532,1.69628477096558
0.0228343085485942,1,"FSE","Vip","wisp",128,0.816901922225952,418.899758338928,25.4150378704071,1.71676182746887
0.931705338413866,1,"SVG","Pvalb","ELLA",128,0.0307743549346924,427.506590843201,28.1352660655975,1.71242094039917
0.832360261595597,1,"SVG","Slc17a7","ELLA",128,0.0329976081848145,430.744173049927,26.0876758098602,1.68078994750977
4.05538880787204e-05,1,"SVG","Tac2","ELLA",128,0.0331697463989258,343.210713863373,25.4671909809113,1.68777298927307
1.10002704861722e-06,1,"SVG","Vip","ELLA",128,0.0300967693328857,440.774281978607,23.2325868606567,2.37251234054565
-0.27016799881835,0.0153184025548398,"rate_effect","Slc17a7","DESeq2",128,0.812228679656982,421.734682798386,24.0035390853882,1.67496418952942
-0.663962923153596,0.084643364418298,"rate_effect","Pvalb","DESeq2",128,0.0344059467315674,414.342206716537,31.1541674137115,1.68140697479248
0.270646740499194,0.203326985705644,"rate_effect","Tac2","DESeq2",128,0.0330021381378174,437.451224327087,29.745246887207,1.75335311889648
1.04992929012016,0.416039764182642,"rate_effect","Vip","DESeq2",128,0.0306010246276855,442.808385372162,28.5078384876251,1.74131655693054
2.26622025392952e-128,1,"FSE","Slc17a7","DESeq2",128,0.0322425365447998,418.705527305603,32.1499083042145,1.71031928062439
0,1,"FSE","Pvalb","DESeq2",128,0.02848219871521,418.45457649231,31.55730676651,1.6748194694519
1.68798481775867e-68,1,"FSE","Tac2","DESeq2",128,0.0327200889587402,418.613175630569,21.0245373249054,2.49808239936829
0,1,"FSE","Vip","DESeq2",128,0.0323636531829834,451.664989948273,26.4137582778931,1.71981382369995
0.457405364319219,0.119648959022015,"rate_effect","Pvalb","wisp",129,0.0289516448974609,431.30482840538,26.2738811969757,1.79348587989807
0.307342410865478,0.106614428339526,"rate_effect","Slc17a7","wisp",129,0.0340394973754883,424.700837850571,28.7098228931427,1.66401886940002
0.0470642884646988,-0.0903694399166852,"rate_effect","Tac2","wisp",129,0.0275821685791016,425.654767751694,28.4632177352905,1.66555500030518
0.965892226049047,0.242514619836584,"rate_effect","Vip","wisp",129,0.0329325199127197,423.197243452072,33.9429748058319,1.6831533908844
0.414974207718284,0.4189924641978,"random_effect","replicate1","wisp",129,0.0311880111694336,434.951207876205,25.2036564350128,1.74011588096619
-0.432337971493492,-0.366148411529139,"random_effect","replicate2","wisp",129,0.0296409130096436,440.225367546082,27.4221527576447,1.70881175994873
-0.249878252069982,-0.244532027281821,"random_effect","replicate3","wisp",129,0.817978858947754,426.278552532196,33.1131513118744,1.70468354225159
0.232222718972688,0.000383191974833608,"random_effect","replicate4","wisp",129,0.0321147441864014,422.636915206909,29.2182486057281,1.70727491378784
0.00675,1,"FSE","Pvalb","wisp",129,0.0328273773193359,447.521906852722,29.8023293018341,1.68975639343262
0.2628,1,"FSE","Slc17a7","wisp",129,0.0354571342468262,452.610210418701,26.6774995326996,1.70772361755371
0.9085625,1,"FSE","Tac2","wisp",129,0.0321264266967773,433.965416669846,32.878084897995,1.7208776473999
0.22656,1,"FSE","Vip","wisp",129,0.0312814712524414,422.190920829773,24.4393150806427,1.70067930221558
0.849778353383431,1,"SVG","Pvalb","ELLA",129,0.0330197811126709,418.523633003235,25.5854187011719,1.69677972793579
0.786486441628026,1,"SVG","Slc17a7","ELLA",129,0.034435510635376,420.346521377563,26.4988250732422,1.68244385719299
2.20003298162519e-06,1,"SVG","Tac2","ELLA",129,0.0320837497711182,450.666950464249,31.1645810604095,1.67498111724854
1.10000764586005e-06,1,"SVG","Vip","ELLA",129,0.0363020896911621,457.17814874649,21.4324703216553,1.71121692657471
-0.0175808116188279,0.119648959022015,"rate_effect","Slc17a7","DESeq2",129,0.029810905456543,428.343622922897,28.0981600284576,1.70960855484009
0.0155085552897886,0.106614428339526,"rate_effect","Pvalb","DESeq2",129,0.0300595760345459,430.763073682785,25.8358247280121,1.69846940040588
-1.17461795952299,-0.0903694399166852,"rate_effect","Tac2","DESeq2",129,0.0283267498016357,397.332173585892,18.7034997940063,1.69594931602478
0.587291162240647,0.242514619836584,"rate_effect","Vip","DESeq2",129,0.0276176929473877,442.712224245071,28.8775310516357,1.6610062122345
0.000270462135915251,1,"FSE","Slc17a7","DESeq2",129,0.0308253765106201,427.544069766998,28.7976498603821,1.63383769989014
0.117897024766392,1,"FSE","Pvalb","DESeq2",129,0.809355020523071,410.579885721207,29.0670175552368,1.86269569396973
0,1,"FSE","Tac2","DESeq2",129,0.0337629318237305,423.401099443436,29.6546030044556,1.68249821662903
3.3974370160123e-251,1,"FSE","Vip","DESeq2",129,0.0272953510284424,422.697418212891,28.5365047454834,1.725830078125
0.999217762265069,0.410640625748783,"rate_effect","Pvalb","wisp",130,0.029818058013916,439.7497215271,28.5780348777771,1.66135263442993
1.13022516084114,0.471530987415463,"rate_effect","Slc17a7","wisp",130,0.0316903591156006,433.967046022415,28.9943070411682,1.69037532806396
-0.932521983275544,-0.276810718001798,"rate_effect","Tac2","wisp",130,0.0298211574554443,431.580412626266,25.7868802547455,1.6839165687561
0.113727487637353,0,"rate_effect","Vip","wisp",130,0.030144214630127,421.375997781754,24.3016586303711,1.71349835395813
0.396002204072372,0.476089366478845,"random_effect","replicate1","wisp",130,0.807829141616821,465.29434800148,29.0233175754547,1.72194504737854
-0.159420293497147,-0.208937809336931,"random_effect","replicate2","wisp",130,0.0383744239807129,429.53732085228,28.4468386173248,1.68207979202271
-0.52696058248639,-0.43859956972301,"random_effect","replicate3","wisp",130,0.0290732383728027,429.263690233231,27.6097779273987,1.72484445571899
0.364268234329151,0.286921272287145,"random_effect","replicate4","wisp",130,0.0312666893005371,437.413307189941,27.8502190113068,1.60901474952698
0.087171875,1,"FSE","Pvalb","wisp",130,0.805010795593262,426.455203294754,26.4656774997711,1.70355725288391
0.04725,1,"FSE","Slc17a7","wisp",130,0.0289487838745117,436.127036333084,28.2870264053345,1.67139077186584
0.00102040816326531,1,"FSE","Tac2","wisp",130,0.03226637840271,420.098921537399,31.8938703536987,1.69554042816162
0.43834693877551,0,"FSE","Vip","wisp",130,0.032975435256958,438.165823221207,30.2825698852539,1.69946098327637
0.818030051988503,1,"SVG","Pvalb","ELLA",130,0.0294399261474609,422.019849300385,30.9425678253174,1.66973900794983
0.827872677048707,1,"SVG","Slc17a7","ELLA",130,0.0314321517944336,431.475331306458,22.7149419784546,1.67200517654419
5.50001095445118e-07,1,"SVG","Tac2","ELLA",130,0.0310087203979492,456.257085084915,32.455356836319,1.71188235282898
4.40000853252354e-07,1,"SVG","Vip","ELLA",130,0.0314266681671143,415.877539396286,24.0265824794769,1.67043447494507
1.06162259293931,0.410640625748783,"rate_effect","Slc17a7","DESeq2",130,0.0294971466064453,416.692481517792,28.3475487232208,1.67638111114502
0.87838565092347,0.471530987415463,"rate_effect","Pvalb","DESeq2",130,0.0342004299163818,336.719402313232,26.6872763633728,1.68443870544434
-3.17828774654221,-0.276810718001798,"rate_effect","Tac2","DESeq2",130,0.0316140651702881,440.845675230026,27.6376297473907,1.67763209342957
-0.875462782569601,0,"rate_effect","Vip","DESeq2",130,0.0327372550964355,439.942652225494,29.3641135692596,1.70473194122314
0,1,"FSE","Slc17a7","DESeq2",130,0.0318393707275391,427.237243175507,26.6134941577911,1.71749186515808
0,1,"FSE","Pvalb","DESeq2",130,0.0313699245452881,439.644544839859,28.5925753116608,1.69865012168884
0,1,"FSE","Tac2","DESeq2",130,0.0302164554595947,430.495224475861,30.2653694152832,1.85662579536438
0,0,"FSE","Vip","DESeq2",130,0.0278749465942383,433.838924407959,19.8628737926483,1.78214120864868
0.0141169462767544,0,"rate_effect","Pvalb","wisp",131,0.0278384685516357,430.360751152039,22.3971903324127,1.76852321624756
0.00922615561663683,0.356517162173986,"rate_effect","Slc17a7","wisp",131,0.0297048091888428,444.295955896378,24.0693807601929,1.65312027931213
-0.0296124449446334,0,"rate_effect","Tac2","wisp",131,0.0325343608856201,439.585692644119,22.7576236724854,1.69080781936646
-0.0111551298998819,0,"rate_effect","Vip","wisp",131,0.0392982959747314,440.06645655632,24.0361716747284,1.71503973007202
-0.479570927430285,-0.353722179774195,"random_effect","replicate1","wisp",131,0.029843807220459,437.265570402145,32.5572719573975,1.693115234375
-0.0141646759315658,-0.0585359886754304,"random_effect","replicate2","wisp",131,0.0291032791137695,439.432435512543,28.7472431659698,1.66761207580566
0.275237615827811,0.153400705428794,"random_effect","replicate3","wisp",131,0.0333409309387207,453.339238643646,31.4272742271423,1.68288779258728
0.355546609660767,0.272312238113955,"random_effect","replicate4","wisp",131,0.0347957611083984,417.253128051758,31.6567099094391,1.64820694923401
1.1397378132072,0,"FSE","Pvalb","wisp",131,0.0314128398895264,437.256318807602,26.5088288784027,1.63021802902222
1.6565034965035,1,"FSE","Slc17a7","wisp",131,0.0340812206268311,430.002932310104,29.5874364376068,1.69731545448303
1.08427572427572,0,"FSE","Tac2","wisp",131,0.0293447971343994,435.143224954605,28.5866005420685,1.70678520202637
1.17592611470162,0,"FSE","Vip","wisp",131,0.0311143398284912,445.551970005035,28.4414129257202,1.71600365638733
0.770360014031885,0,"SVG","Pvalb","ELLA",131,0.0289325714111328,403.162273168564,26.9035997390747,1.71544790267944
0.875671371367587,0,"SVG","Slc17a7","ELLA",131,0.0286831855773926,430.203703165054,26.6837778091431,1.66840791702271
0.964536180883809,1,"SVG","Tac2","ELLA",131,1.57948327064514,437.185100317001,27.2536680698395,1.667564868927
0.865716104801344,0,"SVG","Vip","ELLA",131,0.034404993057251,445.910422801971,27.2072422504425,1.68012309074402
-0.00459364924228841,0,"rate_effect","Slc17a7","DESeq2",131,0.0283098220825195,453.391103506088,26.5794351100922,1.68018746376038
-0.000642660944643534,0.356517162173986,"rate_effect","Pvalb","DESeq2",131,0.801506280899048,419.876414775848,24.7873849868774,1.75839638710022
0.0305958898781791,0,"rate_effect","Tac2","DESeq2",131,0.0307512283325195,428.397931814194,25.2241079807281,1.7059383392334
-0.00762352070855456,0,"rate_effect","Vip","DESeq2",131,0.0340209007263184,436.847017526627,28.057745218277,1.85157752037048
0.499077250893668,0,"FSE","Slc17a7","DESeq2",131,0.0325219631195068,418.58698797226,21.6276752948761,1.68365335464478
0.602313307654373,1,"FSE","Pvalb","DESeq2",131,0.029606819152832,451.323617219925,28.6904950141907,1.68021440505981
0.0299863050156674,0,"FSE","Tac2","DESeq2",131,0.0282809734344482,451.912832021713,22.7493710517883,1.72066164016724
0.439715753719626,0,"FSE","Vip","DESeq2",131,0.801509857177734,422.313986063004,26.464081287384,1.70801472663879
0.101193281096266,0.0650221502874047,"rate_effect","Pvalb","wisp",132,0.035719633102417,420.760576486588,28.6639797687531,1.73553800582886
0.29089645347435,0,"rate_effect","Slc17a7","wisp",132,0.0332770347595215,423.522397279739,32.0795929431915,1.68319892883301
-0.00692611094586101,0,"rate_effect","Tac2","wisp",132,0.0316963195800781,452.135765552521,27.33478307724,1.69501924514771
0.0628384650328072,0.331824889173731,"rate_effect","Vip","wisp",132,0.0274889469146729,429.882750511169,29.0840692520142,2.21656131744385
0.380226819455517,0.464366915635765,"random_effect","replicate1","wisp",132,0.0337462425231934,456.47945690155,29.6877138614655,1.71448874473572
-0.378922934200753,-0.301907875109464,"random_effect","replicate2","wisp",132,0.0293803215026855,422.508548974991,28.0290486812592,1.72083115577698
0.162011348004893,0.0899365143850446,"random_effect","replicate3","wisp",132,0.0302333831787109,425.557153701782,25.630185842514,1.71045875549316
-0.28740635076346,-0.215740037849173,"random_effect","replicate4","wisp",132,0.0314383506774902,456.831465482712,28.0305428504944,1.73749208450317
0.244833333333333,1,"FSE","Pvalb","wisp",132,0.0300333499908447,420.228207826614,25.318615436554,1.76744961738586
0.1285625,0,"FSE","Slc17a7","wisp",132,0.029646635055542,425.508758306503,32.9703578948975,1.67997980117798
0.730638888888889,0,"FSE","Tac2","wisp",132,0.795555591583252,424.274295568466,28.6420726776123,1.70204496383667
0.09425,1,"FSE","Vip","wisp",132,0.0330798625946045,427.26707816124,18.6909942626953,1.63834738731384
0.978412170257141,1,"SVG","Pvalb","ELLA",132,0.0290913581848145,427.728501081467,29.9143071174622,1.79513120651245
0.920010985044034,1,"SVG","Slc17a7","ELLA",132,0.0293011665344238,426.269878864288,28.6204409599304,1.68565964698792
0.935855469798938,0,"SVG","Tac2","ELLA",132,0.0388209819793701,418.660535097122,32.9334063529968,1.7362232208252
0.913770037244596,1,"SVG","Vip","ELLA",132,0.0292532444000244,425.60621213913,21.9722917079926,1.68773722648621
-0.176678438598961,0.0650221502874047,"rate_effect","Slc17a7","DESeq2",132,0.0324656963348389,443.387887001038,24.3710117340088,1.69161748886108
0.162807885606161,0,"rate_effect","Pvalb","DESeq2",132,0.0302588939666748,439.416900157928,23.9184587001801,1.70590662956238
-0.187956337382327,0,"rate_effect","Tac2","DESeq2",132,0.0327942371368408,438.957689762115,27.6632163524628,1.71968770027161
1.29700637149845,0.331824889173731,"rate_effect","Vip","DESeq2",132,0.0285742282867432,421.09440946579,29.6664223670959,1.71637344360352
6.82371213740579e-133,1,"FSE","Slc17a7","DESeq2",132,0.0321705341339111,433.779055833817,24.2364208698273,1.66416764259338
2.11476195791145e-52,0,"FSE","Pvalb","DESeq2",132,0.0324299335479736,441.995455741882,30.9328153133392,1.71126890182495
8.96721198972635e-31,0,"FSE","Tac2","DESeq2",132,0.029210090637207,439.464953899384,34.3297638893127,1.69986629486084
0,1,"FSE","Vip","DESeq2",132,0.0426244735717773,437.597018718719,24.8363919258118,1.68951106071472
-0.000894104437287493,0,"rate_effect","Pvalb","wisp",133,0.0324771404266357,425.207281112671,34.9626548290253,1.69158744812012
-0.0167743307361975,0,"rate_effect","Slc17a7","wisp",133,0.0298991203308105,418.647297859192,25.208455324173,1.70028805732727
-0.00781208364909797,0,"rate_effect","Tac2","wisp",133,0.0298573970794678,427.855692625046,21.8786227703094,1.69300127029419
0.200612288714066,0,"rate_effect","Vip","wisp",133,0.0312502384185791,432.517842054367,28.3129653930664,1.68675136566162
0.306867024387729,0.179596050875261,"random_effect","replicate1","wisp",133,0.0320358276367188,411.424299955368,27.6908824443817,1.68193197250366
0.381397581783259,0.38844381691888,"random_effect","replicate2","wisp",133,0.0310063362121582,427.761325597763,29.3594481945038,1.68344497680664
-0.426847135014045,-0.341133306734264,"random_effect","replicate3","wisp",133,0.0334844589233398,428.166197538376,26.1797046661377,1.7228901386261
-0.295052089946777,-0.240625155391172,"random_effect","replicate4","wisp",133,0.0315742492675781,434.415714979172,25.5722579956055,1.75341796875
1.08831168831169,0,"FSE","Pvalb","wisp",133,0.0306034088134766,423.648044109344,28.6630384922028,2.33507633209229
2.03951603951604,0,"FSE","Slc17a7","wisp",133,0.0319352149963379,457.630842685699,30.2729852199554,1.71965885162354
1.07792207792208,0,"FSE","Tac2","wisp",133,0.0309898853302002,427.793577194214,24.6332676410675,1.78945779800415
0.844842657342657,0,"FSE","Vip","wisp",133,0.0248186588287354,427.134085416794,20.8497416973114,1.70171666145325
0.827635508650783,0,"SVG","Pvalb","ELLA",133,0.0303020477294922,449.407165288925,26.851879119873,1.69535422325134
0.930817523381242,1,"SVG","Slc17a7","ELLA",133,0.0301089286804199,428.247339248657,29.8079919815063,1.66396045684814
0.841841778611483,0,"SVG","Tac2","ELLA",133,0.0322089195251465,408.884809732437,26.4115223884583,1.72398972511292
4.40001005130863e-07,1,"SVG","Vip","ELLA",133,0.0315802097320557,422.765319108963,25.9771552085876,1.73013639450073
-3.27821894590952e-06,0,"rate_effect","Slc17a7","DESeq2",133,0.0289065837860107,439.160111427307,22.1827802658081,1.76004147529602
0.000159199397721773,0,"rate_effect","Pvalb","DESeq2",133,0.0298852920532227,427.017245531082,28.7798230648041,1.70368719100952
-0.000132985998471339,0,"rate_effect","Tac2","DESeq2",133,0.0346510410308838,423.745444536209,30.480721950531,1.68005108833313
8.86722290486612e-05,0,"rate_effect","Vip","DESeq2",133,0.0336208343505859,457.350196123123,29.9804899692535,1.70068073272705
0.940246910804596,0,"FSE","Slc17a7","DESeq2",133,0.0338809490203857,436.45938372612,22.8680624961853,1.66281175613403
0.298782446079071,0,"FSE","Pvalb","DESeq2",133,0.034174919128418,440.511873960495,28.8962671756744,1.64716815948486
0.482898874637946,0,"FSE","Tac2","DESeq2",133,0.0303421020507812,427.628512382507,22.2104892730713,1.71368527412415
0.298782446079071,0,"FSE","Vip","DESeq2",133,0.0332088470458984,344.416242599487,30.4543399810791,1.69739413261414
0.00482649245970825,0,"rate_effect","Pvalb","wisp",134,0.0305843353271484,431.98536658287,24.406289100647,1.68058586120605
0.0124264315225716,0,"rate_effect","Slc17a7","wisp",134,0.0328588485717773,449.26571059227,33.3354132175446,1.73019027709961
0.0138239780514382,0,"rate_effect","Tac2","wisp",134,0.0297694206237793,439.159985542297,26.3205349445343,1.71449494361877
0.179663510748661,0,"rate_effect","Vip","wisp",134,0.0305607318878174,428.652082204819,30.6755955219269,1.88950419425964
0.388269796778801,0.498481173301116,"random_effect","replicate1","wisp",134,0.0316033363342285,445.094449043274,42.2195236682892,1.67439436912537
-0.445595968488476,-0.327819974161685,"random_effect","replicate2","wisp",134,0.0265688896179199,435.233200311661,26.1416709423065,1.71018147468567
-0.0592508707623639,-0.0696936664171517,"random_effect","replicate3","wisp",134,0.0327644348144531,439.456162452698,26.0999274253845,1.78638219833374
0.117215563238972,-0.00422484474256635,"random_effect","replicate4","wisp",134,0.0307676792144775,437.681057214737,27.9302146434784,1.65710139274597
1.47741666666667,0,"FSE","Pvalb","wisp",134,0.0290651321411133,427.405111312866,22.3053696155548,1.72048687934875
0.96621875,0,"FSE","Slc17a7","wisp",134,0.0320477485656738,433.640318632126,29.350049495697,1.72802352905273
1.08612,0,"FSE","Tac2","wisp",134,0.0298590660095215,448.810079097748,25.333607673645,1.71256875991821
0.695111111111111,0,"FSE","Vip","wisp",134,0.0316283702850342,455.552742004395,29.5427038669586,1.7094087600708
0.870979042118381,0,"SVG","Pvalb","ELLA",134,0.0333898067474365,440.108868360519,23.9051141738892,1.67539310455322
0.963957464898227,0,"SVG","Slc17a7","ELLA",134,0.0299966335296631,419.217404127121,32.1976454257965,1.70710897445679
0.919361358584875,0,"SVG","Tac2","ELLA",134,0.0458025932312012,433.931190729141,28.3724331855774,1.67933249473572
2.20007723283899e-06,1,"SVG","Vip","ELLA",134,0.0300023555755615,429.552792310715,29.0982015132904,1.65337753295898
-0.00603727260351958,0,"rate_effect","Slc17a7","DESeq2",134,0.0322961807250977,435.765223503113,31.6087048053741,1.71501207351685
0.000326523195376983,0,"rate_effect","Pvalb","DESeq2",134,0.0341274738311768,417.889683008194,28.9951059818268,1.70399403572083
0.0115477693806208,0,"rate_effect","Tac2","DESeq2",134,0.0294394493103027,453.733312368393,25.2916481494904,1.77246928215027
0.025845910191372,0,"rate_effect","Vip","DESeq2",134,0.0308578014373779,468.61527967453,25.4667437076569,1.71070170402527
0.155771704655057,0,"FSE","Slc17a7","DESeq2",134,0.820080041885376,436.097178220749,26.8479788303375,1.66347169876099
0.862063640358886,0,"FSE","Pvalb","DESeq2",134,0.0320253372192383,431.81830573082,30.8184201717377,1.66999959945679
0.862063640358886,0,"FSE","Tac2","DESeq2",134,0.0323450565338135,407.469310998917,23.6902546882629,1.6712794303894
0.0405927101179707,0,"FSE","Vip","DESeq2",134,0.0303232669830322,458.878425359726,29.6515972614288,1.6605019569397
0.000552704945340135,0,"rate_effect","Pvalb","wisp",135,0.0322065353393555,419.259837388992,28.8181869983673,1.6933798789978
0.00657923105030794,0,"rate_effect","Slc17a7","wisp",135,0.0321733951568604,430.462215185165,29.7094798088074,1.70585680007935
0.0145743771565598,0,"rate_effect","Tac2","wisp",135,0.0398569107055664,434.449024200439,32.2220323085785,1.69411945343018
0.157747770172797,0,"rate_effect","Vip","wisp",135,0.0285923480987549,429.197801351547,26.8881816864014,1.82680439949036
0.387496924159162,0.498481173301116,"random_effect","replicate1","wisp",135,0.0303695201873779,462.501043796539,27.2750470638275,1.7259795665741
-0.444414391558197,-0.327819974161685,"random_effect","replicate2","wisp",135,0.0310995578765869,422.670966625214,21.7350451946259,1.75525784492493
-0.0644342156517146,-0.0696936664171517,"random_effect","replicate3","wisp",135,0.0324530601501465,428.048925638199,30.4400534629822,1.65608763694763
0.120469571107475,-0.00422484474256635,"random_effect","replicate4","wisp",135,0.80547022819519,440.463515520096,28.439962387085,1.65983462333679
1.40306915306915,0,"FSE","Pvalb","wisp",135,0.0333585739135742,445.77917599678,26.5162720680237,1.65799617767334
1.22145042457542,0,"FSE","Slc17a7","wisp",135,0.834730386734009,404.486200332642,22.7781071662903,1.70609188079834
0.958841158841159,0,"FSE","Tac2","wisp",135,0.0285840034484863,414.615249633789,23.4158487319946,1.73908114433289
0.752580752580753,0,"FSE","Vip","wisp",135,0.0306859016418457,433.938928842545,33.8327622413635,1.7237377166748
0.821062777919683,0,"SVG","Pvalb","ELLA",135,0.0308890342712402,422.670696020126,25.4336326122284,1.66652059555054
0.947066048591749,0,"SVG","Slc17a7","ELLA",135,0.0306036472320557,419.418052911758,25.2467229366302,1.70362830162048
0.858571814871589,0,"SVG","Tac2","ELLA",135,0.0317995548248291,461.469823598862,32.3803489208221,1.67511296272278
2.20004030870857e-06,1,"SVG","Vip","ELLA",135,0.0344686508178711,434.89457821846,27.1384015083313,1.70538330078125
-0.00603727260351958,0,"rate_effect","Slc17a7","DESeq2",135,0.0282166004180908,443.423809051514,32.3087086677551,1.67403841018677
0.000326523195376983,0,"rate_effect","Pvalb","DESeq2",135,0.0308902263641357,431.944690704346,30.5837070941925,1.7223334312439
0.0115477693806208,0,"rate_effect","Tac2","DESeq2",135,0.0291938781738281,425.225584983826,23.5495102405548,1.67557716369629
0.025845910191372,0,"rate_effect","Vip","DESeq2",135,0.0274803638458252,449.36609172821,29.871399641037,1.7144455909729
0.155771704655057,0,"FSE","Slc17a7","DESeq2",135,0.0323798656463623,397.502710580826,26.9996373653412,1.68184280395508
0.862063640358886,0,"FSE","Pvalb","DESeq2",135,0.0408256053924561,431.450164318085,30.4177463054657,1.70918226242065
0.862063640358886,0,"FSE","Tac2","DESeq2",135,0.0313534736633301,438.536264657974,29.9569611549377,1.84068560600281
0.0405927101179707,0,"FSE","Vip","DESeq2",135,0.0400087833404541,433.042570114136,30.6304001808167,1.66168165206909
-0.185498711034614,0,"rate_effect","Pvalb","wisp",136,0.817047119140625,430.118763923645,24.3502914905548,1.6999716758728
-0.240783023890333,0,"rate_effect","Slc17a7","wisp",136,0.0297436714172363,437.071761846542,23.595419883728,1.64554500579834
0.00179904326101456,0,"rate_effect","Tac2","wisp",136,0.032271146774292,436.101019144058,24.8949110507965,1.70548939704895
-0.000784082682248483,0.0375940471421927,"rate_effect","Vip","wisp",136,0.0315263271331787,432.288017749786,30.956157207489,1.69679665565491
0.258684586077369,0.0556765994988382,"random_effect","replicate1","wisp",136,0.0336310863494873,437.491618871689,23.7585678100586,1.71569228172302
0.17308637288079,-0.0617374067660421,"random_effect","replicate2","wisp",136,1.60711026191711,421.640034914017,25.7011733055115,1.6941704750061
-0.523338960897725,-0.418585060862824,"random_effect","replicate3","wisp",136,0.0332968235015869,424.412275791168,31.337925195694,1.72009944915771
0.373359607421403,0.352256146492437,"random_effect","replicate4","wisp",136,0.0317978858947754,432.436423778534,26.7529740333557,1.69773530960083
0.63524,0,"FSE","Pvalb","wisp",136,0.0310676097869873,423.374612569809,30.5652163028717,1.68888401985168
0.6880625,0,"FSE","Slc17a7","wisp",136,0.0288574695587158,432.843449831009,27.3957550525665,1.6828761100769
1.18588,0,"FSE","Tac2","wisp",136,0.0459022521972656,226.993104219437,24.1935837268829,1.51726198196411
0.705638888888889,1,"FSE","Vip","wisp",136,0.0322229862213135,331.06693983078,30.7433168888092,1.6044819355011
0.851776328771387,1,"SVG","Pvalb","ELLA",136,0.0333068370819092,374.853465080261,21.7227132320404,1.55030393600464
0.840019701646111,1,"SVG","Slc17a7","ELLA",136,0.0307085514068604,384.058814287186,22.0142612457275,1.6028254032135
5.50002321519916e-07,1,"SVG","Tac2","ELLA",136,0.0302438735961914,391.767779111862,25.2758643627167,1.53045392036438
2.20004017287279e-06,1,"SVG","Vip","ELLA",136,0.0305290222167969,388.461657047272,23.9431219100952,1.55912685394287
-0.0239972635390806,0,"rate_effect","Slc17a7","DESeq2",136,0.0326883792877197,384.937769889832,29.8561155796051,1.56570911407471
0.00184550507638256,0,"rate_effect","Pvalb","DESeq2",136,0.026921272277832,389.509970188141,21.9643669128418,1.66833257675171
-0.00748636792224341,0,"rate_effect","Tac2","DESeq2",136,0.0267267227172852,388.007637023926,30.0672695636749,1.57240080833435
0.182630902497954,0.0375940471421927,"rate_effect","Vip","DESeq2",136,0.0300586223602295,418.203063964844,30.2898714542389,1.61718273162842
0.00153722970891194,0,"FSE","Slc17a7","DESeq2",136,0.0290942192077637,406.942582845688,31.5599641799927,1.58856463432312
0.861630599124079,0,"FSE","Pvalb","DESeq2",136,0.0287714004516602,429.646015167236,26.2195875644684,1.60668730735779
0.861375945079427,0,"FSE","Tac2","DESeq2",136,0.0317835807800293,341.669018268585,26.9653091430664,1.54579663276672
3.68460903428036e-25,1,"FSE","Vip","DESeq2",136,0.0308656692504883,410.980796337128,26.0913398265839,1.58828997612
-0.0458502198109813,0,"rate_effect","Pvalb","wisp",137,0.0299198627471924,381.337107896805,27.0866591930389,1.55881309509277
-0.0135467496797433,0,"rate_effect","Slc17a7","wisp",137,0.0317187309265137,406.580022573471,25.456356048584,2.13756680488586
-0.779215417880305,-0.225871416041628,"rate_effect","Tac2","wisp",137,0.0320427417755127,381.373903751373,26.0200519561768,1.62136936187744
0.183264249465197,0.0987625541165471,"rate_effect","Vip","wisp",137,0.0314962863922119,398.525640964508,30.7137763500214,1.63695192337036
0.385053543244363,0.222293533617631,"random_effect","replicate1","wisp",137,0.0254049301147461,391.480886697769,26.8268549442291,1.66666102409363
-0.580126564977679,-0.443989488529041,"random_effect","replicate2","wisp",137,0.0256845951080322,386.229352712631,22.1226570606232,2.23532843589783
0.28112785029129,0.0134948219638318,"random_effect","replicate3","wisp",137,0.0274255275726318,393.043655633926,26.3135740756989,1.62186360359192
0.264393695952986,-0.0524422717280686,"random_effect","replicate4","wisp",137,0.0314497947692871,399.737291574478,27.4356372356415,1.54793643951416
1.46601398601399,0,"FSE","Pvalb","wisp",137,0.0278842449188232,407.994123220444,30.0831542015076,1.70397877693176
0.816933066933067,0,"FSE","Slc17a7","wisp",137,0.0312459468841553,454.349458694458,27.4588553905487,1.65162825584412
0.00910200910200905,1,"FSE","Tac2","wisp",137,0.0302815437316895,416.451984167099,27.4706983566284,1.66848421096802
0.453831882403311,1,"FSE","Vip","wisp",137,0.030287504196167,445.160679101944,26.9797604084015,1.6416482925415
0.991000645652426,0,"SVG","Pvalb","ELLA",137,0.0270621776580811,418.129014253616,28.2524511814117,1.66839957237244
0.896439330366621,0,"SVG","Slc17a7","ELLA",137,0.025137186050415,427.151807546616,30.0656287670135,1.72059488296509
0.949191712076217,1,"SVG","Tac2","ELLA",137,0.0248410701751709,419.83846116066,32.9552249908447,1.71002101898193
5.5003422677613e-07,1,"SVG","Vip","ELLA",137,0.031097412109375,420.148341417313,25.3059678077698,1.70672941207886
0.00311230320438328,0,"rate_effect","Slc17a7","DESeq2",137,0.0304763317108154,422.099095344543,27.7931344509125,1.73184728622437
-0.00154281613775174,0,"rate_effect","Pvalb","DESeq2",137,0.0281741619110107,436.614368438721,25.8525140285492,1.87365055084229
-1.73450495514297,-0.225871416041628,"rate_effect","Tac2","DESeq2",137,0.031022310256958,431.403715372086,31.1884779930115,1.73899722099304
0.501380756373089,0.0987625541165471,"rate_effect","Vip","DESeq2",137,0.0317983627319336,446.260487318039,21.985191822052,1.75307321548462
0.515223217575334,0,"FSE","Slc17a7","DESeq2",137,0.0358791351318359,425.043972253799,28.740198135376,1.71167206764221
0.873094560684563,0,"FSE","Pvalb","DESeq2",137,0.0326249599456787,432.28660774231,34.3577883243561,1.82336187362671
0,1,"FSE","Tac2","DESeq2",137,0.025691032409668,413.085528612137,26.3216788768768,1.68938827514648
3.16578094688333e-118,1,"FSE","Vip","DESeq2",137,0.0321977138519287,431.868797302246,31.4128401279449,1.72128224372864
0.0135165488386308,0,"rate_effect","Pvalb","wisp",138,0.0303294658660889,427.370543956757,21.0685846805573,1.7031238079071
0.082627313560518,0,"rate_effect","Slc17a7","wisp",138,0.031196117401123,438.467203855515,26.1320161819458,1.84325361251831
-1.07586515043381,-0.330138547578827,"rate_effect","Tac2","wisp",138,0.0318443775177002,416.291744470596,28.2499594688416,1.83968019485474
-0.0255203845182235,0,"rate_effect","Vip","wisp",138,0.0282285213470459,444.577963352203,21.2990975379944,2.37900733947754
-0.195398284162949,-0.244205164723098,"random_effect","replicate1","wisp",138,0.029576301574707,425.557831048965,32.9004528522491,2.33510065078735
-0.530664442833167,-0.422397798625752,"random_effect","replicate2","wisp",138,0.0261030197143555,454.543220043182,25.3657302856445,1.65312337875366
0.447761043941719,0.330332530662417,"random_effect","replicate3","wisp",138,0.030604362487793,448.491393089294,27.0592975616455,1.72818160057068
0.341985760756618,0.0535786231048405,"random_effect","replicate4","wisp",138,0.0423741340637207,418.818164825439,24.772531747818,1.71317410469055
1.12279387279387,0,"FSE","Pvalb","wisp",138,0.0336840152740479,421.485532522202,26.0124709606171,1.66458964347839
0.424263236763237,0,"FSE","Slc17a7","wisp",138,0.0301039218902588,419.07643198967,23.9351878166199,1.70808434486389
0,1,"FSE","Tac2","wisp",138,0.029496431350708,443.56943154335,25.7597060203552,1.6528697013855
0.972083472083472,0,"FSE","Vip","wisp",138,0.0322501659393311,423.658175468445,25.207447052002,1.70782256126404
0.902348894755343,0,"SVG","Pvalb","ELLA",138,0.0313875675201416,427.1850502491,25.8664109706879,2.41867923736572
0.922997917513442,1,"SVG","Slc17a7","ELLA",138,0.0261313915252686,428.541162490845,22.9495022296906,1.70014810562134
2.20005044054838e-06,1,"SVG","Tac2","ELLA",138,0.816929817199707,433.676968336105,31.5241286754608,2.48922324180603
0.937860624314166,0,"SVG","Vip","ELLA",138,0.0293712615966797,430.996541023254,24.3395192623138,1.70786213874817
0.0140372179030491,0,"rate_effect","Slc17a7","DESeq2",138,0.0294525623321533,435.360939741135,24.5862038135529,1.74760770797729
0.0177343170961436,0,"rate_effect","Pvalb","DESeq2",138,0.0314376354217529,431.56404876709,26.8166272640228,1.69978642463684
-3.02015313042398,-0.330138547578827,"rate_effect","Tac2","DESeq2",138,0.0298619270324707,443.675142288208,30.911069393158,1.68198251724243
0.0112900443782937,0,"rate_effect","Vip","DESeq2",138,0.0369207859039307,443.817051887512,31.6257169246674,1.67301535606384
0.210223799398107,0,"FSE","Slc17a7","DESeq2",138,0.0287370681762695,425.840946435928,20.6871118545532,1.69628477096558
0.244983734085746,0,"FSE","Pvalb","DESeq2",138,0.816901922225952,418.899758338928,25.4150378704071,1.71676182746887
0,1,"FSE","Tac2","DESeq2",138,0.0307743549346924,427.506590843201,28.1352660655975,1.71242094039917
0.495602236352256,0,"FSE","Vip","DESeq2",138,0.0329976081848145,430.744173049927,26.0876758098602,1.68078994750977
0.427485939679742,0.148619709070772,"rate_effect","Pvalb","wisp",139,0.0331697463989258,343.210713863373,25.4671909809113,1.68777298927307
1.31280648569119,0.480561536736786,"rate_effect","Slc17a7","wisp",139,0.0300967693328857,440.774281978607,23.2325868606567,2.37251234054565
-0.0369331259354157,0,"rate_effect","Tac2","wisp",139,0.812228679656982,421.734682798386,24.0035390853882,1.67496418952942
-0.0140189790252291,0,"rate_effect","Vip","wisp",139,0.0344059467315674,414.342206716537,31.1541674137115,1.68140697479248
-0.319320495000572,-0.378198680002242,"random_effect","replicate1","wisp",139,0.0330021381378174,437.451224327087,29.745246887207,1.75335311889648
0.533547488066705,0.359467645874247,"random_effect","replicate2","wisp",139,0.0306010246276855,442.808385372162,28.5078384876251,1.74131655693054
-0.550376247543493,-0.451846925774589,"random_effect","replicate3","wisp",139,0.0322425365447998,418.705527305603,32.1499083042145,1.71031928062439
0.214140766345994,-0.203188701998442,"random_effect","replicate4","wisp",139,0.02848219871521,418.45457649231,31.55730676651,1.6748194694519
0,1,"FSE","Pvalb","wisp",139,0.0327200889587402,418.613175630569,21.0245373249054,2.49808239936829
0,1,"FSE","Slc17a7","wisp",139,0.0323636531829834,451.664989948273,26.4137582778931,1.71981382369995
1.62132,0,"FSE","Tac2","wisp",139,0.0289516448974609,431.30482840538,26.2738811969757,1.79348587989807
0.77953125,0,"FSE","Vip","wisp",139,0.0340394973754883,424.700837850571,28.7098228931427,1.66401886940002
0.98447385320465,1,"SVG","Pvalb","ELLA",139,0.0275821685791016,425.654767751694,28.4632177352905,1.66555500030518
0.960654757830717,1,"SVG","Slc17a7","ELLA",139,0.0329325199127197,423.197243452072,33.9429748058319,1.6831533908844
0.860155893935128,0,"SVG","Tac2","ELLA",139,0.0311880111694336,434.951207876205,25.2036564350128,1.74011588096619
0.933372722875468,0,"SVG","Vip","ELLA",139,0.0296409130096436,440.225367546082,27.4221527576447,1.70881175994873
1.54925748496789,0.148619709070772,"rate_effect","Slc17a7","DESeq2",139,0.817978858947754,426.278552532196,33.1131513118744,1.70468354225159
0.352584255781826,0.480561536736786,"rate_effect","Pvalb","DESeq2",139,0.0321147441864014,422.636915206909,29.2182486057281,1.70727491378784
-0.379664445342741,0,"rate_effect","Tac2","DESeq2",139,0.0328273773193359,447.521906852722,29.8023293018341,1.68975639343262
-0.384043230636552,0,"rate_effect","Vip","DESeq2",139,0.0354571342468262,452.610210418701,26.6774995326996,1.70772361755371
0,1,"FSE","Slc17a7","DESeq2",139,0.0321264266967773,433.965416669846,32.878084897995,1.7208776473999
3.25681963946321e-113,1,"FSE","Pvalb","DESeq2",139,0.0312814712524414,422.190920829773,24.4393150806427,1.70067930221558
6.8817020193169e-63,0,"FSE","Tac2","DESeq2",139,0.0330197811126709,418.523633003235,25.5854187011719,1.69677972793579
1.63798948658502e-76,0,"FSE","Vip","DESeq2",139,0.034435510635376,420.346521377563,26.4988250732422,1.68244385719299
1.17547485136988,0.407521744025871,"rate_effect","Pvalb","wisp",140,0.0320837497711182,450.666950464249,31.1645810604095,1.67498111724854
0.612073985649514,0.208684898214415,"rate_effect","Slc17a7","wisp",140,0.0363020896911621,457.17814874649,21.4324703216553,1.71121692657471
0.62399295790997,0.233649423578754,"rate_effect","Tac2","wisp",140,0.029810905456543,428.343622922897,28.0981600284576,1.70960855484009
0.859023794311854,0.28755051875487,"rate_effect","Vip","wisp",140,0.0300595760345459,430.763073682785,25.8358247280121,1.69846940040588
-0.493369899185809,-0.443991706706583,"random_effect","replicate1","wisp",140,0.0283267498016357,397.332173585892,18.7034997940063,1.69594931602478
0.426785064038568,0.281359188491479,"random_effect","replicate2","wisp",140,0.0276176929473877,442.712224245071,28.8775310516357,1.6610062122345
-0.359036299168175,-0.390527144307271,"random_effect","replicate3","wisp",140,0.0308253765106201,427.544069766998,28.7976498603821,1.63383769989014
0.371195627992742,0.293138217879459,"random_effect","replicate4","wisp",140,0.809355020523071,410.579885721207,29.0670175552368,1.86269569396973
0,1,"FSE","Pvalb","wisp",140,0.0337629318237305,423.401099443436,29.6546030044556,1.68249821662903
0.0093656343656344,1,"FSE","Slc17a7","wisp",140,0.0272953510284424,422.697418212891,28.5365047454834,1.725830078125
0.0320616883116883,1,"FSE","Tac2","wisp",140,0.029818058013916,439.7497215271,28.5780348777771,1.66135263442993
0.000777000777000751,1,"FSE","Vip","wisp",140,0.0316903591156006,433.967046022415,28.9943070411682,1.69037532806396
0.899767476940425,1,"SVG","Pvalb","ELLA",140,0.0298211574554443,431.580412626266,25.7868802547455,1.6839165687561
0.914000280151025,1,"SVG","Slc17a7","ELLA",140,0.030144214630127,421.375997781754,24.3016586303711,1.71349835395813
2.20000128947628e-07,1,"SVG","Tac2","ELLA",140,0.807829141616821,465.29434800148,29.0233175754547,1.72194504737854
0.927257872581717,1,"SVG","Vip","ELLA",140,0.0383744239807129,429.53732085228,28.4468386173248,1.68207979202271
-0.209805062322724,0.407521744025871,"rate_effect","Slc17a7","DESeq2",140,0.0290732383728027,429.263690233231,27.6097779273987,1.72484445571899
0.489435980935328,0.208684898214415,"rate_effect","Pvalb","DESeq2",140,0.0312666893005371,437.413307189941,27.8502190113068,1.60901474952698
-0.135648002457319,0.233649423578754,"rate_effect","Tac2","DESeq2",140,0.805010795593262,426.455203294754,26.4656774997711,1.70355725288391
0.133038915413738,0.28755051875487,"rate_effect","Vip","DESeq2",140,0.0289487838745117,436.127036333084,28.2870264053345,1.67139077186584
1.06755008890394e-39,1,"FSE","Slc17a7","DESeq2",140,0.03226637840271,420.098921537399,31.8938703536987,1.69554042816162
1.81973445250439e-141,1,"FSE","Pvalb","DESeq2",140,0.032975435256958,438.165823221207,30.2825698852539,1.69946098327637
7.32066199724844e-10,1,"FSE","Tac2","DESeq2",140,0.0294399261474609,422.019849300385,30.9425678253174,1.66973900794983
7.40584113329818e-11,1,"FSE","Vip","DESeq2",140,0.0314321517944336,431.475331306458,22.7149419784546,1.67200517654419
0.313967948620889,0.0821337692905217,"rate_effect","Pvalb","wisp",141,0.0310087203979492,456.257085084915,32.455356836319,1.71188235282898
-0.108037926972574,0,"rate_effect","Slc17a7","wisp",141,0.0314266681671143,415.877539396286,24.0265824794769,1.67043447494507
-0.471079848452403,-0.101698540849611,"rate_effect","Tac2","wisp",141,0.0294971466064453,416.692481517792,28.3475487232208,1.67638111114502
-0.136043116599124,0,"rate_effect","Vip","wisp",141,0.0342004299163818,336.719402313232,26.6872763633728,1.68443870544434
0.093681204397351,-0.218415895476937,"random_effect","replicate1","wisp",141,0.0316140651702881,440.845675230026,27.6376297473907,1.67763209342957
0.170180592440558,-0.193283355096355,"random_effect","replicate2","wisp",141,0.0327372550964355,439.942652225494,29.3641135692596,1.70473194122314
-0.546037853338455,-0.444165853550658,"random_effect","replicate3","wisp",141,0.0318393707275391,427.237243175507,26.6134941577911,1.71749186515808
0.458859270174809,0.178055742988363,"random_effect","replicate4","wisp",141,0.0313699245452881,439.644544839859,28.5925753116608,1.69865012168884
0.296515984015984,1,"FSE","Pvalb","wisp",141,0.0302164554595947,430.495224475861,30.2653694152832,1.85662579536438
0.696303696303696,0,"FSE","Slc17a7","wisp",141,0.0278749465942383,433.838924407959,19.8628737926483,1.78214120864868
0.052027972027972,1,"FSE","Tac2","wisp",141,0.0278384685516357,430.360751152039,22.3971903324127,1.76852321624756
0.207779874446541,0,"FSE","Vip","wisp",141,0.0297048091888428,444.295955896378,24.0693807601929,1.65312027931213
0.9772316510656,1,"SVG","Pvalb","ELLA",141,0.0325343608856201,439.585692644119,22.7576236724854,1.69080781936646
0.828621699036107,1,"SVG","Slc17a7","ELLA",141,0.0392982959747314,440.06645655632,24.0361716747284,1.71503973007202
0.894476979490983,1,"SVG","Tac2","ELLA",141,0.029843807220459,437.265570402145,32.5572719573975,1.693115234375
0.958354337523732,1,"SVG","Vip","ELLA",141,0.0291032791137695,439.432435512543,28.7472431659698,1.66761207580566
0.0385456790436481,0.0821337692905217,"rate_effect","Slc17a7","DESeq2",141,0.0333409309387207,453.339238643646,31.4272742271423,1.68288779258728
0.473705933853842,0,"rate_effect","Pvalb","DESeq2",141,0.0347957611083984,417.253128051758,31.6567099094391,1.64820694923401
-0.671671690744275,-0.101698540849611,"rate_effect","Tac2","DESeq2",141,0.0314128398895264,437.256318807602,26.5088288784027,1.63021802902222
-0.0419904707177317,0,"rate_effect","Vip","DESeq2",141,0.0340812206268311,430.002932310104,29.5874364376068,1.69731545448303
0.00915609435740817,1,"FSE","Slc17a7","DESeq2",141,0.0293447971343994,435.143224954605,28.5866005420685,1.70678520202637
6.07354739152148e-132,0,"FSE","Pvalb","DESeq2",141,0.0311143398284912,445.551970005035,28.4414129257202,1.71600365638733
2.78716255021881e-93,1,"FSE","Tac2","DESeq2",141,0.0289325714111328,403.162273168564,26.9035997390747,1.71544790267944
0.0606296790341424,0,"FSE","Vip","DESeq2",141,0.0286831855773926,430.203703165054,26.6837778091431,1.66840791702271
-0.103692337624366,0,"rate_effect","Pvalb","wisp",142,1.57948327064514,437.185100317001,27.2536680698395,1.667564868927
-0.000263459144636788,0,"rate_effect","Slc17a7","wisp",142,0.034404993057251,445.910422801971,27.2072422504425,1.68012309074402
0.0468716281323201,0,"rate_effect","Tac2","wisp",142,0.0283098220825195,453.391103506088,26.5794351100922,1.68018746376038
0.181236877762603,0.045184624614194,"rate_effect","Vip","wisp",142,0.801506280899048,419.876414775848,24.7873849868774,1.75839638710022
0.341527393631997,0.0965666032861918,"random_effect","replicate1","wisp",142,0.0307512283325195,428.397931814194,25.2241079807281,1.7059383392334
0.403945105500435,0.267996917013079,"random_effect","replicate2","wisp",142,0.0340209007263184,436.847017526627,28.057745218277,1.85157752037048
-0.686471518781288,-0.462788141332567,"random_effect","replicate3","wisp",142,0.0325219631195068,418.58698797226,21.6276752948761,1.68365335464478
0.367816401039688,0.176938251126558,"random_effect","replicate4","wisp",142,0.029606819152832,451.323617219925,28.6904950141907,1.68021440505981
0.8054375,0,"FSE","Pvalb","wisp",142,0.0282809734344482,451.912832021713,22.7493710517883,1.72066164016724
0.83704,0,"FSE","Slc17a7","wisp",142,0.801509857177734,422.313986063004,26.464081287384,1.70801472663879
1.40264,0,"FSE","Tac2","wisp",142,0.035719633102417,420.760576486588,28.6639797687531,1.73553800582886
0.6664375,1,"FSE","Vip","wisp",142,0.0332770347595215,423.522397279739,32.0795929431915,1.68319892883301
0.959132724308851,1,"SVG","Pvalb","ELLA",142,0.0316963195800781,452.135765552521,27.33478307724,1.69501924514771
0.836005180723769,0,"SVG","Slc17a7","ELLA",142,0.0274889469146729,429.882750511169,29.0840692520142,2.21656131744385
0.916903351604517,0,"SVG","Tac2","ELLA",142,0.0337462425231934,456.47945690155,29.6877138614655,1.71448874473572
1.10002041431301e-06,1,"SVG","Vip","ELLA",142,0.0293803215026855,422.508548974991,28.0290486812592,1.72083115577698
-0.0300888969405781,0,"rate_effect","Slc17a7","DESeq2",142,0.0302333831787109,425.557153701782,25.630185842514,1.71045875549316
-0.0198843599026093,0,"rate_effect","Pvalb","DESeq2",142,0.0314383506774902,456.831465482712,28.0305428504944,1.73749208450317
-0.00818432721005957,0,"rate_effect","Tac2","DESeq2",142,0.0300333499908447,420.228207826614,25.318615436554,1.76744961738586
0.269781392182464,0.045184624614194,"rate_effect","Vip","DESeq2",142,0.029646635055542,425.508758306503,32.9703578948975,1.67997980117798
0.0956518905294548,0,"FSE","Slc17a7","DESeq2",142,0.795555591583252,424.274295568466,28.6420726776123,1.70204496383667
0.349488322178013,0,"FSE","Pvalb","DESeq2",142,0.0330798625946045,427.26707816124,18.6909942626953,1.63834738731384
0.708098632646271,0,"FSE","Tac2","DESeq2",142,0.0290913581848145,427.728501081467,29.9143071174622,1.79513120651245
2.52934127454875e-33,1,"FSE","Vip","DESeq2",142,0.0293011665344238,426.269878864288,28.6204409599304,1.68565964698792
-0.199225910366068,-0.0126602827595518,"rate_effect","Pvalb","wisp",143,0.0388209819793701,418.660535097122,32.9334063529968,1.7362232208252
0.00808845625891341,0,"rate_effect","Slc17a7","wisp",143,0.0292532444000244,425.60621213913,21.9722917079926,1.68773722648621
-0.0182192609744371,0,"rate_effect","Tac2","wisp",143,0.0324656963348389,443.387887001038,24.3710117340088,1.69161748886108
-0.0248646761677175,0,"rate_effect","Vip","wisp",143,0.0302588939666748,439.416900157928,23.9184587001801,1.70590662956238
-0.397425196750074,-0.389148707734421,"random_effect","replicate1","wisp",143,0.0327942371368408,438.957689762115,27.6632163524628,1.71968770027161
0.460851726266722,0.131936375284567,"random_effect","replicate2","wisp",143,0.0285742282867432,421.09440946579,29.6664223670959,1.71637344360352
0.414479809660976,0.0565480627119541,"random_effect","replicate3","wisp",143,0.0321705341339111,433.779055833817,24.2364208698273,1.66416764259338
-0.545598376070518,-0.437890233006328,"random_effect","replicate4","wisp",143,0.0324299335479736,441.995455741882,30.9328153133392,1.71126890182495
0.678654678654679,1,"FSE","Pvalb","wisp",143,0.029210090637207,439.464953899384,34.3297638893127,1.69986629486084
1.21975983200473,0,"FSE","Slc17a7","wisp",143,0.0426244735717773,437.597018718719,24.8363919258118,1.68951106071472
1.05627705627706,0,"FSE","Tac2","wisp",143,0.0324771404266357,425.207281112671,34.9626548290253,1.69158744812012
1.36260961260961,0,"FSE","Vip","wisp",143,0.0298991203308105,418.647297859192,25.208455324173,1.70028805732727
0.929830690118121,1,"SVG","Pvalb","ELLA",143,0.0298573970794678,427.855692625046,21.8786227703094,1.69300127029419
0.933484727853577,0,"SVG","Slc17a7","ELLA",143,0.0312502384185791,432.517842054367,28.3129653930664,1.68675136566162
0.845941603819417,0,"SVG","Tac2","ELLA",143,0.0320358276367188,411.424299955368,27.6908824443817,1.68193197250366
0.828740624169776,0,"SVG","Vip","ELLA",143,0.0310063362121582,427.761325597763,29.3594481945038,1.68344497680664
0.0147350563132737,-0.0126602827595518,"rate_effect","Slc17a7","DESeq2",143,0.0334844589233398,428.166197538376,26.1797046661377,1.7228901386261
-0.0584204175598013,0,"rate_effect","Pvalb","DESeq2",143,0.0315742492675781,434.415714979172,25.5722579956055,1.75341796875
0.0133275927396108,0,"rate_effect","Tac2","DESeq2",143,0.0306034088134766,423.648044109344,28.6630384922028,2.33507633209229
0.0100262507062233,0,"rate_effect","Vip","DESeq2",143,0.0319352149963379,457.630842685699,30.2729852199554,1.71965885162354
0.250666243828531,1,"FSE","Slc17a7","DESeq2",143,0.0309898853302002,427.793577194214,24.6332676410675,1.78945779800415
0.00062723706042634,0,"FSE","Pvalb","DESeq2",143,0.0248186588287354,427.134085416794,20.8497416973114,1.70171666145325
0.371561317188691,0,"FSE","Tac2","DESeq2",143,0.0303020477294922,449.407165288925,26.851879119873,1.69535422325134
0.693103034907979,0,"FSE","Vip","DESeq2",143,0.0301089286804199,428.247339248657,29.8079919815063,1.66396045684814
0.235150770550443,0.093655644915998,"rate_effect","Pvalb","wisp",144,0.0322089195251465,408.884809732437,26.4115223884583,1.72398972511292
0.43256915051742,0.183992838254198,"rate_effect","Slc17a7","wisp",144,0.0315802097320557,422.765319108963,25.9771552085876,1.73013639450073
0.894119218405956,0.439332587178797,"rate_effect","Tac2","wisp",144,0.0289065837860107,439.160111427307,22.1827802658081,1.76004147529602
0.571500409173809,0.0804769154638052,"rate_effect","Vip","wisp",144,0.0298852920532227,427.017245531082,28.7798230648041,1.70368719100952
-0.348482289463579,-0.327650947961956,"random_effect","replicate1","wisp",144,0.0346510410308838,423.745444536209,30.480721950531,1.68005108833313
-0.292893425791386,-0.281274973414838,"random_effect","replicate2","wisp",144,0.0336208343505859,457.350196123123,29.9804899692535,1.70068073272705
0.27038096385182,0.138068734668195,"random_effect","replicate3","wisp",144,0.0338809490203857,436.45938372612,22.8680624961853,1.66281175613403
0.321927013441586,0.171601684298366,"random_effect","replicate4","wisp",144,0.034174919128418,440.511873960495,28.8962671756744,1.64716815948486
0.0329045954045955,1,"FSE","Pvalb","wisp",144,0.0303421020507812,427.628512382507,22.2104892730713,1.71368527412415
0.275613275613276,1,"FSE","Slc17a7","wisp",144,0.0332088470458984,344.416242599487,30.4543399810791,1.69739413261414
0.0953046953046953,1,"FSE","Tac2","wisp",144,0.0305843353271484,431.98536658287,24.406289100647,1.68058586120605
0.251810689310689,1,"FSE","Vip","wisp",144,0.0328588485717773,449.26571059227,33.3354132175446,1.73019027709961
0.837682720483749,1,"SVG","Pvalb","ELLA",144,0.0297694206237793,439.159985542297,26.3205349445343,1.71449494361877
0.88211241332358,1,"SVG","Slc17a7","ELLA",144,0.0305607318878174,428.652082204819,30.6755955219269,1.88950419425964
7.33337672864653e-07,1,"SVG","Tac2","ELLA",144,0.0316033363342285,445.094449043274,42.2195236682892,1.67439436912537
2.75000106908507e-07,1,"SVG","Vip","ELLA",144,0.0265688896179199,435.233200311661,26.1416709423065,1.71018147468567
0.198217071671564,0.093655644915998,"rate_effect","Slc17a7","DESeq2",144,0.0327644348144531,439.456162452698,26.0999274253845,1.78638219833374
-0.198774402906919,0.183992838254198,"rate_effect","Pvalb","DESeq2",144,0.0307676792144775,437.681057214737,27.9302146434784,1.65710139274597
1.09415459397623,0.439332587178797,"rate_effect","Tac2","DESeq2",144,0.0290651321411133,427.405111312866,22.3053696155548,1.72048687934875
-0.274741622800911,0.0804769154638052,"rate_effect","Vip","DESeq2",144,0.0320477485656738,433.640318632126,29.350049495697,1.72802352905273
4.84026231917752e-319,1,"FSE","Slc17a7","DESeq2",144,0.0298590660095215,448.810079097748,25.333607673645,1.71256875991821
4.22645937760959e-87,1,"FSE","Pvalb","DESeq2",144,0.0316283702850342,455.552742004395,29.5427038669586,1.7094087600708
0,1,"FSE","Tac2","DESeq2",144,0.0333898067474365,440.108868360519,23.9051141738892,1.67539310455322
2.15717332706121e-87,1,"FSE","Vip","DESeq2",144,0.0299966335296631,419.217404127121,32.1976454257965,1.70710897445679
-0.0179710608578374,0,"rate_effect","Pvalb","wisp",145,0.0458025932312012,433.931190729141,28.3724331855774,1.67933249473572
0.0045508985013269,0,"rate_effect","Slc17a7","wisp",145,0.0300023555755615,429.552792310715,29.0982015132904,1.65337753295898
-0.494121527075151,-0.129468013066798,"rate_effect","Tac2","wisp",145,0.0322961807250977,435.765223503113,31.6087048053741,1.71501207351685
0.0187141978891484,0,"rate_effect","Vip","wisp",145,0.0341274738311768,417.889683008194,28.9951059818268,1.70399403572083
-0.0867542477229069,0.0231512689497322,"random_effect","replicate1","wisp",145,0.0294394493103027,453.733312368393,25.2916481494904,1.77246928215027
-0.355649342999189,-0.225788887823001,"random_effect","replicate2","wisp",145,0.0308578014373779,468.61527967453,25.4667437076569,1.71070170402527
0.0487632531964302,0.03813356324099,"random_effect","replicate3","wisp",145,0.820080041885376,436.097178220749,26.8479788303375,1.66347169876099
0.321460089061953,0.396890145959333,"random_effect","replicate4","wisp",145,0.0320253372192383,431.81830573082,30.8184201717377,1.66999959945679
1.04095904095904,0,"FSE","Pvalb","wisp",145,0.0323450565338135,407.469310998917,23.6902546882629,1.6712794303894
1.53882117882118,0,"FSE","Slc17a7","wisp",145,0.0303232669830322,458.878425359726,29.6515972614288,1.6605019569397
0.354589854589855,1,"FSE","Tac2","wisp",145,0.0322065353393555,419.259837388992,28.8181869983673,1.6933798789978
1.9045954045954,0,"FSE","Vip","wisp",145,0.0321733951568604,430.462215185165,29.7094798088074,1.70585680007935
0.815830060244553,0,"SVG","Pvalb","ELLA",145,0.0398569107055664,434.449024200439,32.2220323085785,1.69411945343018
0.840332763312338,0,"SVG","Slc17a7","ELLA",145,0.0285923480987549,429.197801351547,26.8881816864014,1.82680439949036
2.20005950257729e-06,1,"SVG","Tac2","ELLA",145,0.0303695201873779,462.501043796539,27.2750470638275,1.7259795665741
0.867336987632227,0,"SVG","Vip","ELLA",145,0.0310995578765869,422.670966625214,21.7350451946259,1.75525784492493
0.00872972576384147,0,"rate_effect","Slc17a7","DESeq2",145,0.0324530601501465,428.048925638199,30.4400534629822,1.65608763694763
0.00322291780302796,0,"rate_effect","Pvalb","DESeq2",145,0.80547022819519,440.463515520096,28.439962387085,1.65983462333679
-0.890411171454453,-0.129468013066798,"rate_effect","Tac2","DESeq2",145,0.0333585739135742,445.77917599678,26.5162720680237,1.65799617767334
0.0177158038083756,0,"rate_effect","Vip","DESeq2",145,0.834730386734009,404.486200332642,22.7781071662903,1.70609188079834
0.257773888335573,0,"FSE","Slc17a7","DESeq2",145,0.0285840034484863,414.615249633789,23.4158487319946,1.73908114433289
0.75262829706601,0,"FSE","Pvalb","DESeq2",145,0.0306859016418457,433.938928842545,33.8327622413635,1.7237377166748
0,1,"FSE","Tac2","DESeq2",145,0.0308890342712402,422.670696020126,25.4336326122284,1.66652059555054
0.257773888335573,0,"FSE","Vip","DESeq2",145,0.0306036472320557,419.418052911758,25.2467229366302,1.70362830162048
-0.0749678704427713,0,"rate_effect","Pvalb","wisp",146,0.0317995548248291,461.469823598862,32.3803489208221,1.67511296272278
0.0332662529536269,0,"rate_effect","Slc17a7","wisp",146,0.0344686508178711,434.89457821846,27.1384015083313,1.70538330078125
-0.00183730791348497,0,"rate_effect","Tac2","wisp",146,0.0282166004180908,443.423809051514,32.3087086677551,1.67403841018677
1.18795360765049,0.456374604720622,"rate_effect","Vip","wisp",146,0.0308902263641357,431.944690704346,30.5837070941925,1.7223334312439
0.119582060047211,0.212721430696547,"random_effect","replicate1","wisp",146,0.0291938781738281,425.225584983826,23.5495102405548,1.67557716369629
-0.253528375217518,-0.073193377815187,"random_effect","replicate2","wisp",146,0.0274803638458252,449.36609172821,29.871399641037,1.7144455909729
0.216623650944012,0.325903128134087,"random_effect","replicate3","wisp",146,0.0323798656463623,397.502710580826,26.9996373653412,1.68184280395508
-0.111327875368876,0.086004433920607,"random_effect","replicate4","wisp",146,0.0408256053924561,431.450164318085,30.4177463054657,1.70918226242065
0.424325674325674,0,"FSE","Pvalb","wisp",146,0.0313534736633301,438.536264657974,29.9569611549377,1.84068560600281
0.577811077811078,0,"FSE","Slc17a7","wisp",146,0.0400087833404541,433.042570114136,30.6304001808167,1.66168165206909
1.49250749250749,0,"FSE","Tac2","wisp",146,0.817047119140625,430.118763923645,24.3502914905548,1.6999716758728
0.00371057513914654,1,"FSE","Vip","wisp",146,0.0297436714172363,437.071761846542,23.595419883728,1.64554500579834
0.942753707294715,1,"SVG","Pvalb","ELLA",146,0.032271146774292,436.101019144058,24.8949110507965,1.70548939704895
0.865255288621945,1,"SVG","Slc17a7","ELLA",146,0.0315263271331787,432.288017749786,30.956157207489,1.69679665565491
0.932548794540833,0,"SVG","Tac2","ELLA",146,0.0336310863494873,437.491618871689,23.7585678100586,1.71569228172302
1.10000609326866e-06,1,"SVG","Vip","ELLA",146,1.60711026191711,421.640034914017,25.7011733055115,1.6941704750061
-0.0128683722357757,0,"rate_effect","Slc17a7","DESeq2",146,0.0332968235015869,424.412275791168,31.337925195694,1.72009944915771
-0.00130013476005191,0,"rate_effect","Pvalb","DESeq2",146,0.0317978858947754,432.436423778534,26.7529740333557,1.69773530960083
-0.0183107770106192,0,"rate_effect","Tac2","DESeq2",146,0.0310676097869873,423.374612569809,30.5652163028717,1.68888401985168
1.84825762765598,0.456374604720622,"rate_effect","Vip","DESeq2",146,0.0288574695587158,432.843449831009,27.3957550525665,1.6828761100769
1.07713821617746e-05,0,"FSE","Slc17a7","DESeq2",146,0.0459022521972656,226.993104219437,24.1935837268829,1.51726198196411
0.87219056942452,0,"FSE","Pvalb","DESeq2",146,0.0322229862213135,331.06693983078,30.7433168888092,1.6044819355011
0.21638554053369,0,"FSE","Tac2","DESeq2",146,0.0333068370819092,374.853465080261,21.7227132320404,1.55030393600464
0,1,"FSE","Vip","DESeq2",146,0.0307085514068604,384.058814287186,22.0142612457275,1.6028254032135
-0.00347598713492817,0,"rate_effect","Pvalb","wisp",147,0.0302438735961914,391.767779111862,25.2758643627167,1.53045392036438
-0.729627596060087,-0.127054941374809,"rate_effect","Slc17a7","wisp",147,0.0305290222167969,388.461657047272,23.9431219100952,1.55912685394287
-0.0219704055997352,0,"rate_effect","Tac2","wisp",147,0.0326883792877197,384.937769889832,29.8561155796051,1.56570911407471
-0.109728163411383,-0.0126602827595518,"rate_effect","Vip","wisp",147,0.026921272277832,389.509970188141,21.9643669128418,1.66833257675171
-0.42250170240837,-0.33433564985171,"random_effect","replicate1","wisp",147,0.0267267227172852,388.007637023926,30.0672695636749,1.57240080833435
0.37033677983156,0.24112391890958,"random_effect","replicate2","wisp",147,0.0300586223602295,418.203063964844,30.2898714542389,1.61718273162842
-0.404152821436287,-0.332209770567715,"random_effect","replicate3","wisp",147,0.0290942192077637,406.942582845688,31.5599641799927,1.58856463432312
0.39916026823336,0.355778879951686,"random_effect","replicate4","wisp",147,0.0287714004516602,429.646015167236,26.2195875644684,1.60668730735779
0.948627131394183,0,"FSE","Pvalb","wisp",147,0.0317835807800293,341.669018268585,26.9653091430664,1.54579663276672
0.100990471414243,1,"FSE","Slc17a7","wisp",147,0.0308656692504883,410.980796337128,26.0913398265839,1.58828997612
1.45235707121364,0,"FSE","Tac2","wisp",147,0.0299198627471924,381.337107896805,27.0866591930389,1.55881309509277
1.11420372227795,1,"FSE","Vip","wisp",147,0.0317187309265137,406.580022573471,25.456356048584,2.13756680488586
0.809684081764592,0,"SVG","Pvalb","ELLA",147,0.0320427417755127,381.373903751373,26.0200519561768,1.62136936187744
0.859951635337648,1,"SVG","Slc17a7","ELLA",147,0.0314962863922119,398.525640964508,30.7137763500214,1.63695192337036
2.20001867112796e-06,0,"SVG","Tac2","ELLA",147,0.0254049301147461,391.480886697769,26.8268549442291,1.66666102409363
0.987683114228475,1,"SVG","Vip","ELLA",147,0.0256845951080322,386.229352712631,22.1226570606232,2.23532843589783
-0.789226592748903,0,"rate_effect","Slc17a7","DESeq2",147,0.0274255275726318,393.043655633926,26.3135740756989,1.62186360359192
0.0470791107058833,-0.127054941374809,"rate_effect","Pvalb","DESeq2",147,0.0314497947692871,399.737291574478,27.4356372356415,1.54793643951416
0.0633791583062051,0,"rate_effect","Tac2","DESeq2",147,0.0278842449188232,407.994123220444,30.0831542015076,1.70397877693176
-0.034479540854901,-0.0126602827595518,"rate_effect","Vip","DESeq2",147,0.0312459468841553,454.349458694458,27.4588553905487,1.65162825584412
0,0,"FSE","Slc17a7","DESeq2",147,0.0302815437316895,416.451984167099,27.4706983566284,1.66848421096802
3.04915051117033e-06,1,"FSE","Pvalb","DESeq2",147,0.030287504196167,445.160679101944,26.9797604084015,1.6416482925415
5.24708861356408e-05,0,"FSE","Tac2","DESeq2",147,0.0270621776580811,418.129014253616,28.2524511814117,1.66839957237244
0.0112795683303069,1,"FSE","Vip","DESeq2",147,0.025137186050415,427.151807546616,30.0656287670135,1.72059488296509
-0.00556600618648996,0,"rate_effect","Pvalb","wisp",148,0.0248410701751709,419.83846116066,32.9552249908447,1.71002101898193
-0.01311539581161,0,"rate_effect","Slc17a7","wisp",148,0.031097412109375,420.148341417313,25.3059678077698,1.70672941207886
0.050803721674907,0,"rate_effect","Tac2","wisp",148,0.0304763317108154,422.099095344543,27.7931344509125,1.73184728622437
0.0159767592055412,0,"rate_effect","Vip","wisp",148,0.0281741619110107,436.614368438721,25.8525140285492,1.87365055084229
0.298757635942946,0.37371574761346,"random_effect","replicate1","wisp",148,0.031022310256958,431.403715372086,31.1884779930115,1.73899722099304
0.0523994660756798,0.0424538692459464,"random_effect","replicate2","wisp",148,0.0317983627319336,446.260487318039,21.985191822052,1.75307321548462
-0.247636203829946,-0.119414810091257,"random_effect","replicate3","wisp",148,0.0358791351318359,425.043972253799,28.740198135376,1.71167206764221
-0.230972183611498,-0.122822124278173,"random_effect","replicate4","wisp",148,0.0326249599456787,432.28660774231,34.3577883243561,1.82336187362671
1.20082695082695,0,"FSE","Pvalb","wisp",148,0.025691032409668,413.085528612137,26.3216788768768,1.68938827514648
2.01310689310689,0,"FSE","Slc17a7","wisp",148,0.0321977138519287,431.868797302246,31.4128401279449,1.72128224372864
1.08638583638584,0,"FSE","Tac2","wisp",148,0.0303294658660889,427.370543956757,21.0685846805573,1.7031238079071
1.91712287712288,0,"FSE","Vip","wisp",148,0.031196117401123,438.467203855515,26.1320161819458,1.84325361251831
0.88061580828094,0,"SVG","Pvalb","ELLA",148,0.0318443775177002,416.291744470596,28.2499594688416,1.83968019485474
0.789334230199097,0,"SVG","Slc17a7","ELLA",148,0.0282285213470459,444.577963352203,21.2990975379944,2.37900733947754
2.4444477525476e-07,1,"SVG","Tac2","ELLA",148,0.029576301574707,425.557831048965,32.9004528522491,2.33510065078735
0.910064636706321,0,"SVG","Vip","ELLA",148,0.0261030197143555,454.543220043182,25.3657302856445,1.65312337875366
-1.51645067110375e-05,0,"rate_effect","Slc17a7","DESeq2",148,0.030604362487793,448.491393089294,27.0592975616455,1.72818160057068
-0.000140431065380669,0,"rate_effect","Pvalb","DESeq2",148,0.0423741340637207,418.818164825439,24.772531747818,1.71317410469055
-5.91205470614282e-06,0,"rate_effect","Tac2","DESeq2",148,0.0336840152740479,421.485532522202,26.0124709606171,1.66458964347839
-1.48672400647435e-05,0,"rate_effect","Vip","DESeq2",148,0.0301039218902588,419.07643198967,23.9351878166199,1.70808434486389
0.930959110866081,0,"FSE","Slc17a7","DESeq2",148,0.029496431350708,443.56943154335,25.7597060203552,1.6528697013855
0.930959110866081,0,"FSE","Pvalb","DESeq2",148,0.0322501659393311,423.658175468445,25.207447052002,1.70782256126404
0.930959110866081,0,"FSE","Tac2","DESeq2",148,0.0313875675201416,427.1850502491,25.8664109706879,2.41867923736572
0.930959110866081,0,"FSE","Vip","DESeq2",148,0.0261313915252686,428.541162490845,22.9495022296906,1.70014810562134
-0.0562009768999915,0,"rate_effect","Pvalb","wisp",149,0.816929817199707,433.676968336105,31.5241286754608,2.48922324180603
-0.114314351725626,0,"rate_effect","Slc17a7","wisp",149,0.0293712615966797,430.996541023254,24.3395192623138,1.70786213874817
-0.0805335435397411,0,"rate_effect","Tac2","wisp",149,0.0294525623321533,435.360939741135,24.5862038135529,1.74760770797729
0.413462845356288,0.119756753789261,"rate_effect","Vip","wisp",149,0.0314376354217529,431.56404876709,26.8166272640228,1.69978642463684
0.135790438368258,0.235799235058948,"random_effect","replicate1","wisp",149,0.0298619270324707,443.675142288208,30.911069393158,1.68198251724243
-0.443144988894305,-0.306143353227526,"random_effect","replicate2","wisp",149,0.0369207859039307,443.817051887512,31.6257169246674,1.67301535606384
0.156544941296579,0.220997126307338,"random_effect","replicate3","wisp",149,0.0287370681762695,425.840946435928,20.6871118545532,1.69628477096558
0.252017306301846,0.432392559712753,"random_effect","replicate4","wisp",149,0.816901922225952,418.899758338928,25.4150378704071,1.71676182746887
1.13177710843373,0,"FSE","Pvalb","wisp",149,0.0307743549346924,427.506590843201,28.1352660655975,1.71242094039917
0.618473895582329,0,"FSE","Slc17a7","wisp",149,0.0329976081848145,430.744173049927,26.0876758098602,1.68078994750977
0.429698385378248,0,"FSE","Tac2","wisp",149,0.0331697463989258,343.210713863373,25.4671909809113,1.68777298927307
0.176157756024096,1,"FSE","Vip","wisp",149,0.0300967693328857,440.774281978607,23.2325868606567,2.37251234054565
0.906315482278189,1,"SVG","Pvalb","ELLA",149,0.812228679656982,421.734682798386,24.0035390853882,1.67496418952942
0.863057015947261,1,"SVG","Slc17a7","ELLA",149,0.0344059467315674,414.342206716537,31.1541674137115,1.68140697479248
3.65287243453416e-07,1,"SVG","Tac2","ELLA",149,0.0330021381378174,437.451224327087,29.745246887207,1.75335311889648
1.10000618641637e-06,1,"SVG","Vip","ELLA",149,0.0306010246276855,442.808385372162,28.5078384876251,1.74131655693054
-0.00202672568640737,0,"rate_effect","Slc17a7","DESeq2",149,0.0322425365447998,418.705527305603,32.1499083042145,1.71031928062439
-0.000140667580657449,0,"rate_effect","Pvalb","DESeq2",149,0.02848219871521,418.45457649231,31.55730676651,1.6748194694519
-0.0921027878181726,0,"rate_effect","Tac2","DESeq2",149,0.0327200889587402,418.613175630569,21.0245373249054,2.49808239936829
0.627284360109757,0.119756753789261,"rate_effect","Vip","DESeq2",149,0.0323636531829834,451.664989948273,26.4137582778931,1.71981382369995
0.946498824087555,0,"FSE","Slc17a7","DESeq2",149,0.0289516448974609,431.30482840538,26.2738811969757,1.79348587989807
0.979077595416208,0,"FSE","Pvalb","DESeq2",149,0.0340394973754883,424.700837850571,28.7098228931427,1.66401886940002
8.16217856989902e-10,0,"FSE","Tac2","DESeq2",149,0.0275821685791016,425.654767751694,28.4632177352905,1.66555500030518
0,1,"FSE","Vip","DESeq2",149,0.0329325199127197,423.197243452072,33.9429748058319,1.6831533908844
0.0576156447534664,0,"rate_effect","Pvalb","wisp",150,0.0311880111694336,434.951207876205,25.2036564350128,1.74011588096619
-0.842234708803483,-0.198847589315847,"rate_effect","Slc17a7","wisp",150,0.0296409130096436,440.225367546082,27.4221527576447,1.70881175994873
-0.00505618400979365,0,"rate_effect","Tac2","wisp",150,0.817978858947754,426.278552532196,33.1131513118744,1.70468354225159
-0.0137612339158451,0,"rate_effect","Vip","wisp",150,0.0321147441864014,422.636915206909,29.2182486057281,1.70727491378784
-0.197325008730943,0.413370807189494,"random_effect","replicate1","wisp",150,0.0328273773193359,447.521906852722,29.8023293018341,1.68975639343262
-0.118903165056933,0.139888525009155,"random_effect","replicate2","wisp",150,0.0354571342468262,452.610210418701,26.6774995326996,1.70772361755371
0.15189588531606,0.2792211859487,"random_effect","replicate3","wisp",150,0.0321264266967773,433.965416669846,32.878084897995,1.7208776473999
0.10762745881161,0.249404213856906,"random_effect","replicate4","wisp",150,0.0312814712524414,422.190920829773,24.4393150806427,1.70067930221558
0.923482767232767,0,"FSE","Pvalb","wisp",150,0.0330197811126709,418.523633003235,25.5854187011719,1.69677972793579
0.626560939060939,1,"FSE","Slc17a7","wisp",150,0.034435510635376,420.346521377563,26.4988250732422,1.68244385719299
1.36313686313686,0,"FSE","Tac2","wisp",150,0.0320837497711182,450.666950464249,31.1645810604095,1.67498111724854
0.759537337662338,0,"FSE","Vip","wisp",150,0.0363020896911621,457.17814874649,21.4324703216553,1.71121692657471
0.912528345861178,0,"SVG","Pvalb","ELLA",150,0.029810905456543,428.343622922897,28.0981600284576,1.70960855484009
0.884615843898452,1,"SVG","Slc17a7","ELLA",150,0.0300595760345459,430.763073682785,25.8358247280121,1.69846940040588
0.880952595902587,0,"SVG","Tac2","ELLA",150,0.0283267498016357,397.332173585892,18.7034997940063,1.69594931602478
0.835605964492379,0,"SVG","Vip","ELLA",150,0.0276176929473877,442.712224245071,28.8775310516357,1.6610062122345
-1.45525844713867,0,"rate_effect","Slc17a7","DESeq2",150,0.0308253765106201,427.544069766998,28.7976498603821,1.63383769989014
0.0175612707212031,-0.198847589315847,"rate_effect","Pvalb","DESeq2",150,0.809355020523071,410.579885721207,29.0670175552368,1.86269569396973
0.00493131043038448,0,"rate_effect","Tac2","DESeq2",150,0.0337629318237305,423.401099443436,29.6546030044556,1.68249821662903
0.0177849558733546,0,"rate_effect","Vip","DESeq2",150,0.0272953510284424,422.697418212891,28.5365047454834,1.725830078125
0,0,"FSE","Slc17a7","DESeq2",150,0.029818058013916,439.7497215271,28.5780348777771,1.66135263442993
0.0922187721307808,1,"FSE","Pvalb","DESeq2",150,0.0316903591156006,433.967046022415,28.9943070411682,1.69037532806396
0.700830912480339,0,"FSE","Tac2","DESeq2",150,0.0298211574554443,431.580412626266,25.7868802547455,1.6839165687561
0.157951181516173,0,"FSE","Vip","DESeq2",150,0.030144214630127,421.375997781754,24.3016586303711,1.71349835395813
-0.0570176358045479,0,"rate_effect","Pvalb","wisp",151,0.807829141616821,465.29434800148,29.0233175754547,1.72194504737854
-0.00423574916046433,0,"rate_effect","Slc17a7","wisp",151,0.0383744239807129,429.53732085228,28.4468386173248,1.68207979202271
-0.0513247681104689,0,"rate_effect","Tac2","wisp",151,0.0290732383728027,429.263690233231,27.6097779273987,1.72484445571899
-0.0982756530053488,0,"rate_effect","Vip","wisp",151,0.0312666893005371,437.413307189941,27.8502190113068,1.60901474952698
-0.188073489538898,-0.327787716174498,"random_effect","replicate1","wisp",151,0.805010795593262,426.455203294754,26.4656774997711,1.70355725288391
0.499270258228245,0.293539997888729,"random_effect","replicate2","wisp",151,0.0289487838745117,436.127036333084,28.2870264053345,1.67139077186584
0.364015402689995,-0.050097452942282,"random_effect","replicate3","wisp",151,0.03226637840271,420.098921537399,31.8938703536987,1.69554042816162
-0.616275890466783,-0.473997829249129,"random_effect","replicate4","wisp",151,0.032975435256958,438.165823221207,30.2825698852539,1.69946098327637
1.51507507507507,0,"FSE","Pvalb","wisp",151,0.0294399261474609,422.019849300385,30.9425678253174,1.66973900794983
1.35647647647648,0,"FSE","Slc17a7","wisp",151,0.0314321517944336,431.475331306458,22.7149419784546,1.67200517654419
0.497177177177177,0,"FSE","Tac2","wisp",151,0.0310087203979492,456.257085084915,32.455356836319,1.71188235282898
0.499562062062062,0,"FSE","Vip","wisp",151,0.0314266681671143,415.877539396286,24.0265824794769,1.67043447494507
0.948535442169777,1,"SVG","Pvalb","ELLA",151,0.0294971466064453,416.692481517792,28.3475487232208,1.67638111114502
0.872348251494642,0,"SVG","Slc17a7","ELLA",151,0.0342004299163818,336.719402313232,26.6872763633728,1.68443870544434
5.38290729767965e-07,1,"SVG","Tac2","ELLA",151,0.0316140651702881,440.845675230026,27.6376297473907,1.67763209342957
2.20002898859706e-06,1,"SVG","Vip","ELLA",151,0.0327372550964355,439.942652225494,29.3641135692596,1.70473194122314
0.0115754379021689,0,"rate_effect","Slc17a7","DESeq2",151,0.0318393707275391,427.237243175507,26.6134941577911,1.71749186515808
-0.000104503681100779,0,"rate_effect","Pvalb","DESeq2",151,0.0313699245452881,439.644544839859,28.5925753116608,1.69865012168884
0.0229917518534222,0,"rate_effect","Tac2","DESeq2",151,0.0302164554595947,430.495224475861,30.2653694152832,1.85662579536438
-0.0750609892289383,0,"rate_effect","Vip","DESeq2",151,0.0278749465942383,433.838924407959,19.8628737926483,1.78214120864868
0.384135816747332,0,"FSE","Slc17a7","DESeq2",151,0.0278384685516357,430.360751152039,22.3971903324127,1.76852321624756
0.992859933994956,0,"FSE","Pvalb","DESeq2",151,0.0297048091888428,444.295955896378,24.0693807601929,1.65312027931213
0.247388450040945,0,"FSE","Tac2","DESeq2",151,0.0325343608856201,439.585692644119,22.7576236724854,1.69080781936646
0.00112613622186094,0,"FSE","Vip","DESeq2",151,0.0392982959747314,440.06645655632,24.0361716747284,1.71503973007202
-1.95916448724176,-0.388467541430146,"rate_effect","Pvalb","wisp",152,0.029843807220459,437.265570402145,32.5572719573975,1.693115234375
0.040073425310829,0,"rate_effect","Slc17a7","wisp",152,0.0291032791137695,439.432435512543,28.7472431659698,1.66761207580566
0.718654170789724,0.271319922758266,"rate_effect","Tac2","wisp",152,0.0333409309387207,453.339238643646,31.4272742271423,1.68288779258728
0.15542094833975,0.0253103221766651,"rate_effect","Vip","wisp",152,0.0347957611083984,417.253128051758,31.6567099094391,1.64820694923401
-0.757014169957047,-0.486325407633558,"random_effect","replicate1","wisp",152,0.0314128398895264,437.256318807602,26.5088288784027,1.63021802902222
0.403605296992511,0.258657401660457,"random_effect","replicate2","wisp",152,0.0340812206268311,430.002932310104,29.5874364376068,1.69731545448303
0.375712509953955,0.166714353254065,"random_effect","replicate3","wisp",152,0.0293447971343994,435.143224954605,28.5866005420685,1.70678520202637
0.394117602804959,0.220275132218376,"random_effect","replicate4","wisp",152,0.0311143398284912,445.551970005035,28.4414129257202,1.71600365638733
0,1,"FSE","Pvalb","wisp",152,0.0289325714111328,403.162273168564,26.9035997390747,1.71544790267944
0.586128157556729,0,"FSE","Slc17a7","wisp",152,0.0286831855773926,430.203703165054,26.6837778091431,1.66840791702271
0.0125874125874125,1,"FSE","Tac2","wisp",152,1.57948327064514,437.185100317001,27.2536680698395,1.667564868927
0.233627483627484,1,"FSE","Vip","wisp",152,0.034404993057251,445.910422801971,27.2072422504425,1.68012309074402
0.86684367351146,1,"SVG","Pvalb","ELLA",152,0.0283098220825195,453.391103506088,26.5794351100922,1.68018746376038
0.981045471779216,0,"SVG","Slc17a7","ELLA",152,0.801506280899048,419.876414775848,24.7873849868774,1.75839638710022
5.50002110799586e-07,1,"SVG","Tac2","ELLA",152,0.0307512283325195,428.397931814194,25.2241079807281,1.7059383392334
1.1000046274412e-06,1,"SVG","Vip","ELLA",152,0.0340209007263184,436.847017526627,28.057745218277,1.85157752037048
-0.102413879290519,-0.388467541430146,"rate_effect","Slc17a7","DESeq2",152,0.0325219631195068,418.58698797226,21.6276752948761,1.68365335464478
-4.39768154075735,0,"rate_effect","Pvalb","DESeq2",152,0.029606819152832,451.323617219925,28.6904950141907,1.68021440505981
1.17717330868315,0.271319922758266,"rate_effect","Tac2","DESeq2",152,0.0282809734344482,451.912832021713,22.7493710517883,1.72066164016724
0.0868064691896287,0.0253103221766651,"rate_effect","Vip","DESeq2",152,0.801509857177734,422.313986063004,26.464081287384,1.70801472663879
4.45170727979842e-08,1,"FSE","Slc17a7","DESeq2",152,0.035719633102417,420.760576486588,28.6639797687531,1.73553800582886
0,0,"FSE","Pvalb","DESeq2",152,0.0332770347595215,423.522397279739,32.0795929431915,1.68319892883301
0,1,"FSE","Tac2","DESeq2",152,0.0316963195800781,452.135765552521,27.33478307724,1.69501924514771
1.45168903722078e-05,1,"FSE","Vip","DESeq2",152,0.0274889469146729,429.882750511169,29.0840692520142,2.21656131744385
-0.0256553232991979,-0.0146860061213374,"rate_effect","Pvalb","wisp",153,0.0337462425231934,456.47945690155,29.6877138614655,1.71448874473572
-0.0123034386926896,0,"rate_effect","Slc17a7","wisp",153,0.0293803215026855,422.508548974991,28.0290486812592,1.72083115577698
0.0329537974616201,0,"rate_effect","Tac2","wisp",153,0.0302333831787109,425.557153701782,25.630185842514,1.71045875549316
0.701490689326965,0.235417413525283,"rate_effect","Vip","wisp",153,0.0314383506774902,456.831465482712,28.0305428504944,1.73749208450317
0.429139653773588,0.320373754715547,"random_effect","replicate1","wisp",153,0.0300333499908447,420.228207826614,25.318615436554,1.76744961738586
-0.290584656140911,-0.291666823206469,"random_effect","replicate2","wisp",153,0.029646635055542,425.508758306503,32.9703578948975,1.67997980117798
-0.420071298129796,-0.366726058535278,"random_effect","replicate3","wisp",153,0.795555591583252,424.274295568466,28.6420726776123,1.70204496383667
0.228667481079044,-0.0926981610246003,"random_effect","replicate4","wisp",153,0.0330798625946045,427.26707816124,18.6909942626953,1.63834738731384
0.594833333333333,1,"FSE","Pvalb","wisp",153,0.0290913581848145,427.728501081467,29.9143071174622,1.79513120651245
1.0078125,0,"FSE","Slc17a7","wisp",153,0.0293011665344238,426.269878864288,28.6204409599304,1.68565964698792
0.93130612244898,0,"FSE","Tac2","wisp",153,0.0388209819793701,418.660535097122,32.9334063529968,1.7362232208252
0.137555555555556,1,"FSE","Vip","wisp",153,0.0292532444000244,425.60621213913,21.9722917079926,1.68773722648621
0.933511320101639,1,"SVG","Pvalb","ELLA",153,0.0324656963348389,443.387887001038,24.3710117340088,1.69161748886108
0.900453749122741,0,"SVG","Slc17a7","ELLA",153,0.0302588939666748,439.416900157928,23.9184587001801,1.70590662956238
0.00247576715457276,0,"SVG","Tac2","ELLA",153,0.0327942371368408,438.957689762115,27.6632163524628,1.71968770027161
2.20004571416244e-06,1,"SVG","Vip","ELLA",153,0.0285742282867432,421.09440946579,29.6664223670959,1.71637344360352
-0.000516636055007755,-0.0146860061213374,"rate_effect","Slc17a7","DESeq2",153,0.0321705341339111,433.779055833817,24.2364208698273,1.66416764259338
-0.129191261992233,0,"rate_effect","Pvalb","DESeq2",153,0.0324299335479736,441.995455741882,30.9328153133392,1.71126890182495
0.00420392159217174,0,"rate_effect","Tac2","DESeq2",153,0.029210090637207,439.464953899384,34.3297638893127,1.69986629486084
1.08852871786292,0.235417413525283,"rate_effect","Vip","DESeq2",153,0.0426244735717773,437.597018718719,24.8363919258118,1.68951106071472
0.936415745870926,1,"FSE","Slc17a7","DESeq2",153,0.0324771404266357,425.207281112671,34.9626548290253,1.69158744812012
5.39065355284536e-24,0,"FSE","Pvalb","DESeq2",153,0.0298991203308105,418.647297859192,25.208455324173,1.70028805732727
0.936415745870926,0,"FSE","Tac2","DESeq2",153,0.0298573970794678,427.855692625046,21.8786227703094,1.69300127029419
0,1,"FSE","Vip","DESeq2",153,0.0312502384185791,432.517842054367,28.3129653930664,1.68675136566162
0.81314518105967,0.271825750591233,"rate_effect","Pvalb","wisp",154,0.0320358276367188,411.424299955368,27.6908824443817,1.68193197250366
-0.00162436346270166,0,"rate_effect","Slc17a7","wisp",154,0.0310063362121582,427.761325597763,29.3594481945038,1.68344497680664
0.0030710821239796,0,"rate_effect","Tac2","wisp",154,0.0334844589233398,428.166197538376,26.1797046661377,1.7228901386261
-0.220818238172048,-0.0527929051313549,"rate_effect","Vip","wisp",154,0.0315742492675781,434.415714979172,25.5722579956055,1.75341796875
0.142018674024228,0.41457495931536,"random_effect","replicate1","wisp",154,0.0306034088134766,423.648044109344,28.6630384922028,2.33507633209229
-0.11043951666708,0.23833620082587,"random_effect","replicate2","wisp",154,0.0319352149963379,457.630842685699,30.2729852199554,1.71965885162354
-0.148311583110513,0.180404047714546,"random_effect","replicate3","wisp",154,0.0309898853302002,427.793577194214,24.6332676410675,1.78945779800415
-0.0003578467198662,0.412696631392464,"random_effect","replicate4","wisp",154,0.0248186588287354,427.134085416794,20.8497416973114,1.70171666145325
0,1,"FSE","Pvalb","wisp",154,0.0303020477294922,449.407165288925,26.851879119873,1.69535422325134
1.21604925686558,0,"FSE","Slc17a7","wisp",154,0.0301089286804199,428.247339248657,29.8079919815063,1.66396045684814
1.52480172888336,0,"FSE","Tac2","wisp",154,0.0322089195251465,408.884809732437,26.4115223884583,1.72398972511292
0.236201298701299,1,"FSE","Vip","wisp",154,0.0315802097320557,422.765319108963,25.9771552085876,1.73013639450073
0.874618431380605,1,"SVG","Pvalb","ELLA",154,0.0289065837860107,439.160111427307,22.1827802658081,1.76004147529602
0.882914869936719,0,"SVG","Slc17a7","ELLA",154,0.0298852920532227,427.017245531082,28.7798230648041,1.70368719100952
0.970230476945964,0,"SVG","Tac2","ELLA",154,0.0346510410308838,423.745444536209,30.480721950531,1.68005108833313
0.90310146028044,1,"SVG","Vip","ELLA",154,0.0336208343505859,457.350196123123,29.9804899692535,1.70068073272705
0.000871089867230643,0.271825750591233,"rate_effect","Slc17a7","DESeq2",154,0.0338809490203857,436.45938372612,22.8680624961853,1.66281175613403
1.27737292927176,0,"rate_effect","Pvalb","DESeq2",154,0.034174919128418,440.511873960495,28.8962671756744,1.64716815948486
-0.000842306102581411,0,"rate_effect","Tac2","DESeq2",154,0.0303421020507812,427.628512382507,22.2104892730713,1.71368527412415
-0.326398696345037,-0.0527929051313549,"rate_effect","Vip","DESeq2",154,0.0332088470458984,344.416242599487,30.4543399810791,1.69739413261414
0.927752569968137,1,"FSE","Slc17a7","DESeq2",154,0.0305843353271484,431.98536658287,24.406289100647,1.68058586120605
0,0,"FSE","Pvalb","DESeq2",154,0.0328588485717773,449.26571059227,33.3354132175446,1.73019027709961
0.927752569968137,0,"FSE","Tac2","DESeq2",154,0.0297694206237793,439.159985542297,26.3205349445343,1.71449494361877
1.51135328986623e-166,1,"FSE","Vip","DESeq2",154,0.0305607318878174,428.652082204819,30.6755955219269,1.88950419425964
1.59827057010437,0.426568279275671,"rate_effect","Pvalb","wisp",155,0.0316033363342285,445.094449043274,42.2195236682892,1.67439436912537
1.0152760840855,0.351324219955131,"rate_effect","Slc17a7","wisp",155,0.0265688896179199,435.233200311661,26.1416709423065,1.71018147468567
0.0515032383619451,0,"rate_effect","Tac2","wisp",155,0.0327644348144531,439.456162452698,26.0999274253845,1.78638219833374
0.0358472700443716,0,"rate_effect","Vip","wisp",155,0.0307676792144775,437.681057214737,27.9302146434784,1.65710139274597
0.107248670397615,0.0624186142813414,"random_effect","replicate1","wisp",155,0.0290651321411133,427.405111312866,22.3053696155548,1.72048687934875
0.0879188758993631,0.0544167985208333,"random_effect","replicate2","wisp",155,0.0320477485656738,433.640318632126,29.350049495697,1.72802352905273
-0.361721892102658,-0.261878479504958,"random_effect","replicate3","wisp",155,0.0298590660095215,448.810079097748,25.333607673645,1.71256875991821
0.300094604980381,0.386993151390925,"random_effect","replicate4","wisp",155,0.0316283702850342,455.552742004395,29.5427038669586,1.7094087600708
0,1,"FSE","Pvalb","wisp",155,0.0333898067474365,440.108868360519,23.9051141738892,1.67539310455322
0.106213786213786,1,"FSE","Slc17a7","wisp",155,0.0299966335296631,419.217404127121,32.1976454257965,1.70710897445679
0.335224775224775,0,"FSE","Tac2","wisp",155,0.0458025932312012,433.931190729141,28.3724331855774,1.67933249473572
0.597964535464535,0,"FSE","Vip","wisp",155,0.0300023555755615,429.552792310715,29.0982015132904,1.65337753295898
0.859794521731875,1,"SVG","Pvalb","ELLA",155,0.0322961807250977,435.765223503113,31.6087048053741,1.71501207351685
0.826450268485842,1,"SVG","Slc17a7","ELLA",155,0.0341274738311768,417.889683008194,28.9951059818268,1.70399403572083
1.10000982411762e-06,1,"SVG","Tac2","ELLA",155,0.0294394493103027,453.733312368393,25.2916481494904,1.77246928215027
3.1428624991392e-07,1,"SVG","Vip","ELLA",155,0.0308578014373779,468.61527967453,25.4667437076569,1.71070170402527
0.746098980164968,0.426568279275671,"rate_effect","Slc17a7","DESeq2",155,0.820080041885376,436.097178220749,26.8479788303375,1.66347169876099
0.986273566918531,0.351324219955131,"rate_effect","Pvalb","DESeq2",155,0.0320253372192383,431.81830573082,30.8184201717377,1.66999959945679
-0.746234931814724,0,"rate_effect","Tac2","DESeq2",155,0.0323450565338135,407.469310998917,23.6902546882629,1.6712794303894
-0.789161146995945,0,"rate_effect","Vip","DESeq2",155,0.0303232669830322,458.878425359726,29.6515972614288,1.6605019569397
0,1,"FSE","Slc17a7","DESeq2",155,0.0322065353393555,419.259837388992,28.8181869983673,1.6933798789978
0,1,"FSE","Pvalb","DESeq2",155,0.0321733951568604,430.462215185165,29.7094798088074,1.70585680007935
0,0,"FSE","Tac2","DESeq2",155,0.0398569107055664,434.449024200439,32.2220323085785,1.69411945343018
0,0,"FSE","Vip","DESeq2",155,0.0285923480987549,429.197801351547,26.8881816864014,1.82680439949036
-0.0544446819096585,0,"rate_effect","Pvalb","wisp",156,0.0303695201873779,462.501043796539,27.2750470638275,1.7259795665741
-0.00659150218926201,0,"rate_effect","Slc17a7","wisp",156,0.0310995578765869,422.670966625214,21.7350451946259,1.75525784492493
0.00840247252862672,0,"rate_effect","Tac2","wisp",156,0.0324530601501465,428.048925638199,30.4400534629822,1.65608763694763
-0.17285596242596,0,"rate_effect","Vip","wisp",156,0.80547022819519,440.463515520096,28.439962387085,1.65983462333679
0.546638976802758,0.0290863707195967,"random_effect","replicate1","wisp",156,0.0333585739135742,445.77917599678,26.5162720680237,1.65799617767334
-0.267588971297889,-0.390162099385634,"random_effect","replicate2","wisp",156,0.834730386734009,404.486200332642,22.7781071662903,1.70609188079834
-0.671448649159898,-0.484609833918512,"random_effect","replicate3","wisp",156,0.0285840034484863,414.615249633789,23.4158487319946,1.73908114433289
0.384437873762327,-0.222653408301994,"random_effect","replicate4","wisp",156,0.0306859016418457,433.938928842545,33.8327622413635,1.7237377166748
0.613906093906094,0,"FSE","Pvalb","wisp",156,0.0308890342712402,422.670696020126,25.4336326122284,1.66652059555054
0.933004495504496,0,"FSE","Slc17a7","wisp",156,0.0306036472320557,419.418052911758,25.2467229366302,1.70362830162048
0.828891108891109,0,"FSE","Tac2","wisp",156,0.0317995548248291,461.469823598862,32.3803489208221,1.67511296272278
0.452991452991453,0,"FSE","Vip","wisp",156,0.0344686508178711,434.89457821846,27.1384015083313,1.70538330078125
0.797861317444269,1,"SVG","Pvalb","ELLA",156,0.0282166004180908,443.423809051514,32.3087086677551,1.67403841018677
0.796391176337253,1,"SVG","Slc17a7","ELLA",156,0.0308902263641357,431.944690704346,30.5837070941925,1.7223334312439
0.907043265834837,0,"SVG","Tac2","ELLA",156,0.0291938781738281,425.225584983826,23.5495102405548,1.67557716369629
0.884606347684966,0,"SVG","Vip","ELLA",156,0.0274803638458252,449.36609172821,29.871399641037,1.7144455909729
1.90737035997177e-05,0,"rate_effect","Slc17a7","DESeq2",156,0.0323798656463623,397.502710580826,26.9996373653412,1.68184280395508
2.37381797355747e-05,0,"rate_effect","Pvalb","DESeq2",156,0.0408256053924561,431.450164318085,30.4177463054657,1.70918226242065
3.09465549237107e-05,0,"rate_effect","Tac2","DESeq2",156,0.0313534736633301,438.536264657974,29.9569611549377,1.84068560600281
-7.34920827090949e-05,0,"rate_effect","Vip","DESeq2",156,0.0400087833404541,433.042570114136,30.6304001808167,1.66168165206909
0.653306236140941,0,"FSE","Slc17a7","DESeq2",156,0.817047119140625,430.118763923645,24.3502914905548,1.6999716758728
0.786263427519551,0,"FSE","Pvalb","DESeq2",156,0.0297436714172363,437.071761846542,23.595419883728,1.64554500579834
0.653306236140941,0,"FSE","Tac2","DESeq2",156,0.032271146774292,436.101019144058,24.8949110507965,1.70548939704895
0.653306236140941,0,"FSE","Vip","DESeq2",156,0.0315263271331787,432.288017749786,30.956157207489,1.69679665565491
-0.00948215642445512,0,"rate_effect","Pvalb","wisp",157,0.0336310863494873,437.491618871689,23.7585678100586,1.71569228172302
0.102190893608403,0,"rate_effect","Slc17a7","wisp",157,1.60711026191711,421.640034914017,25.7011733055115,1.6941704750061
0.0361566753545469,0,"rate_effect","Tac2","wisp",157,0.0332968235015869,424.412275791168,31.337925195694,1.72009944915771
-0.00798044051331081,0,"rate_effect","Vip","wisp",157,0.0317978858947754,432.436423778534,26.7529740333557,1.69773530960083
0.418137278051485,0.230107495095581,"random_effect","replicate1","wisp",157,0.0310676097869873,423.374612569809,30.5652163028717,1.68888401985168
0.282307521023448,-0.0315422515850514,"random_effect","replicate2","wisp",157,0.0288574695587158,432.843449831009,27.3957550525665,1.6828761100769
0.398661875062416,0.18075975170359,"random_effect","replicate3","wisp",157,0.0459022521972656,226.993104219437,24.1935837268829,1.51726198196411
-0.724484855941088,-0.463433177443221,"random_effect","replicate4","wisp",157,0.0322229862213135,331.06693983078,30.7433168888092,1.6044819355011
1.52979020979021,0,"FSE","Pvalb","wisp",157,0.0333068370819092,374.853465080261,21.7227132320404,1.55030393600464
0.402332042957043,0,"FSE","Slc17a7","wisp",157,0.0307085514068604,384.058814287186,22.0142612457275,1.6028254032135
1.23328671328671,0,"FSE","Tac2","wisp",157,0.0302438735961914,391.767779111862,25.2758643627167,1.53045392036438
1.33036408036408,0,"FSE","Vip","wisp",157,0.0305290222167969,388.461657047272,23.9431219100952,1.55912685394287
0.933645126100884,0,"SVG","Pvalb","ELLA",157,0.0326883792877197,384.937769889832,29.8561155796051,1.56570911407471
0.790197256559995,1,"SVG","Slc17a7","ELLA",157,0.026921272277832,389.509970188141,21.9643669128418,1.66833257675171
0.891858082704186,0,"SVG","Tac2","ELLA",157,0.0267267227172852,388.007637023926,30.0672695636749,1.57240080833435
0.902408055573627,0,"SVG","Vip","ELLA",157,0.0300586223602295,418.203063964844,30.2898714542389,1.61718273162842
0.00046404259037513,0,"rate_effect","Slc17a7","DESeq2",157,0.0290942192077637,406.942582845688,31.5599641799927,1.58856463432312
3.08206534192737e-06,0,"rate_effect","Pvalb","DESeq2",157,0.0287714004516602,429.646015167236,26.2195875644684,1.60668730735779
0.000102481877136744,0,"rate_effect","Tac2","DESeq2",157,0.0317835807800293,341.669018268585,26.9653091430664,1.54579663276672
1.49479162598134e-05,0,"rate_effect","Vip","DESeq2",157,0.0308656692504883,410.980796337128,26.0913398265839,1.58828997612
0.972726088440263,0,"FSE","Slc17a7","DESeq2",157,0.0299198627471924,381.337107896805,27.0866591930389,1.55881309509277
0.972726088440263,0,"FSE","Pvalb","DESeq2",157,0.0317187309265137,406.580022573471,25.456356048584,2.13756680488586
0.972726088440263,0,"FSE","Tac2","DESeq2",157,0.0320427417755127,381.373903751373,26.0200519561768,1.62136936187744
0.972726088440263,0,"FSE","Vip","DESeq2",157,0.0314962863922119,398.525640964508,30.7137763500214,1.63695192337036
0.00272688009691787,0,"rate_effect","Pvalb","wisp",158,0.0254049301147461,391.480886697769,26.8268549442291,1.66666102409363
-0.0986271499354062,0,"rate_effect","Slc17a7","wisp",158,0.0256845951080322,386.229352712631,22.1226570606232,2.23532843589783
0.0163049234739884,0,"rate_effect","Tac2","wisp",158,0.0274255275726318,393.043655633926,26.3135740756989,1.62186360359192
-0.0129934119279728,0,"rate_effect","Vip","wisp",158,0.0314497947692871,399.737291574478,27.4356372356415,1.54793643951416
-0.348923028394733,-0.153169370954856,"random_effect","replicate1","wisp",158,0.0278842449188232,407.994123220444,30.0831542015076,1.70397877693176
0.256101676784023,0.373110204935074,"random_effect","replicate2","wisp",158,0.0312459468841553,454.349458694458,27.4588553905487,1.65162825584412
0.249186174920374,0.398153035435826,"random_effect","replicate3","wisp",158,0.0302815437316895,416.451984167099,27.4706983566284,1.66848421096802
-0.145475742620542,0.0812567144166678,"random_effect","replicate4","wisp",158,0.030287504196167,445.160679101944,26.9797604084015,1.6416482925415
2.63124875124875,0,"FSE","Pvalb","wisp",158,0.0270621776580811,418.129014253616,28.2524511814117,1.66839957237244
1.57922077922078,0,"FSE","Slc17a7","wisp",158,0.025137186050415,427.151807546616,30.0656287670135,1.72059488296509
1.26489836693918,0,"FSE","Tac2","wisp",158,0.0248410701751709,419.83846116066,32.9552249908447,1.71002101898193
1.50673326673327,0,"FSE","Vip","wisp",158,0.031097412109375,420.148341417313,25.3059678077698,1.70672941207886
0.91284163069689,0,"SVG","Pvalb","ELLA",158,0.0304763317108154,422.099095344543,27.7931344509125,1.73184728622437
0.916910570768467,1,"SVG","Slc17a7","ELLA",158,0.0281741619110107,436.614368438721,25.8525140285492,1.87365055084229
0.90691892589221,0,"SVG","Tac2","ELLA",158,0.031022310256958,431.403715372086,31.1884779930115,1.73899722099304
0.961654273639012,0,"SVG","Vip","ELLA",158,0.0317983627319336,446.260487318039,21.985191822052,1.75307321548462
-0.000859948286854074,0,"rate_effect","Slc17a7","DESeq2",158,0.0358791351318359,425.043972253799,28.740198135376,1.71167206764221
-0.000191965500310442,0,"rate_effect","Pvalb","DESeq2",158,0.0326249599456787,432.28660774231,34.3577883243561,1.82336187362671
-5.61709071499301e-05,0,"rate_effect","Tac2","DESeq2",158,0.025691032409668,413.085528612137,26.3216788768768,1.68938827514648
0.000120624044291598,0,"rate_effect","Vip","DESeq2",158,0.0321977138519287,431.868797302246,31.4128401279449,1.72128224372864
0.347031154925869,0,"FSE","Slc17a7","DESeq2",158,0.0303294658660889,427.370543956757,21.0685846805573,1.7031238079071
0.866478996931005,0,"FSE","Pvalb","DESeq2",158,0.031196117401123,438.467203855515,26.1320161819458,1.84325361251831
0.866478996931005,0,"FSE","Tac2","DESeq2",158,0.0318443775177002,416.291744470596,28.2499594688416,1.83968019485474
0.866478996931005,0,"FSE","Vip","DESeq2",158,0.0282285213470459,444.577963352203,21.2990975379944,2.37900733947754
-0.0150445108428546,0,"rate_effect","Pvalb","wisp",159,0.029576301574707,425.557831048965,32.9004528522491,2.33510065078735
-0.504696141849948,-0.149622354889289,"rate_effect","Slc17a7","wisp",159,0.0261030197143555,454.543220043182,25.3657302856445,1.65312337875366
-0.117734701850887,0.01234753829798,"rate_effect","Tac2","wisp",159,0.030604362487793,448.491393089294,27.0592975616455,1.72818160057068
0.0161627251930159,0,"rate_effect","Vip","wisp",159,0.0423741340637207,418.818164825439,24.772531747818,1.71317410469055
0.19848926329706,0.193700611125678,"random_effect","replicate1","wisp",159,0.0336840152740479,421.485532522202,26.0124709606171,1.66458964347839
-0.37109313853643,-0.210953384172171,"random_effect","replicate2","wisp",159,0.0301039218902588,419.07643198967,23.9351878166199,1.70808434486389
0.308711209371602,0.466414191294461,"random_effect","replicate3","wisp",159,0.029496431350708,443.56943154335,25.7597060203552,1.6528697013855
-0.0860135478556286,0.0298457271419466,"random_effect","replicate4","wisp",159,0.0322501659393311,423.658175468445,25.207447052002,1.70782256126404
1.03045933658179,0,"FSE","Pvalb","wisp",159,0.0313875675201416,427.1850502491,25.8664109706879,2.41867923736572
0.557692307692308,1,"FSE","Slc17a7","wisp",159,0.0261313915252686,428.541162490845,22.9495022296906,1.70014810562134
1.01882117882118,1,"FSE","Tac2","wisp",159,0.816929817199707,433.676968336105,31.5241286754608,2.48922324180603
1.07896103896104,0,"FSE","Vip","wisp",159,0.0293712615966797,430.996541023254,24.3395192623138,1.70786213874817
0.911054889748143,0,"SVG","Pvalb","ELLA",159,0.0294525623321533,435.360939741135,24.5862038135529,1.74760770797729
0.794458364444702,1,"SVG","Slc17a7","ELLA",159,0.0314376354217529,431.56404876709,26.8166272640228,1.69978642463684
5.5000519894044e-07,1,"SVG","Tac2","ELLA",159,0.0298619270324707,443.675142288208,30.911069393158,1.68198251724243
0.912077474546483,0,"SVG","Vip","ELLA",159,0.0369207859039307,443.817051887512,31.6257169246674,1.67301535606384
-1.02105209399884,0,"rate_effect","Slc17a7","DESeq2",159,0.0287370681762695,425.840946435928,20.6871118545532,1.69628477096558
0.00319117583506442,-0.149622354889289,"rate_effect","Pvalb","DESeq2",159,0.816901922225952,418.899758338928,25.4150378704071,1.71676182746887
0.0435635651620547,0.01234753829798,"rate_effect","Tac2","DESeq2",159,0.0307743549346924,427.506590843201,28.1352660655975,1.71242094039917
-0.000215626866754845,0,"rate_effect","Vip","DESeq2",159,0.0329976081848145,430.744173049927,26.0876758098602,1.68078994750977
0,0,"FSE","Slc17a7","DESeq2",159,0.0331697463989258,343.210713863373,25.4671909809113,1.68777298927307
0.93971693047814,1,"FSE","Pvalb","DESeq2",159,0.0300967693328857,440.774281978607,23.2325868606567,2.37251234054565
0.00170601177538092,1,"FSE","Tac2","DESeq2",159,0.812228679656982,421.734682798386,24.0035390853882,1.67496418952942
0.983917631549691,0,"FSE","Vip","DESeq2",159,0.0344059467315674,414.342206716537,31.1541674137115,1.68140697479248
0.00467467041188255,0,"rate_effect","Pvalb","wisp",160,0.0330021381378174,437.451224327087,29.745246887207,1.75335311889648
-0.0164867613718332,0,"rate_effect","Slc17a7","wisp",160,0.0306010246276855,442.808385372162,28.5078384876251,1.74131655693054
0.0819302934849031,0,"rate_effect","Tac2","wisp",160,0.0322425365447998,418.705527305603,32.1499083042145,1.71031928062439
-0.0111258503978424,0,"rate_effect","Vip","wisp",160,0.02848219871521,418.45457649231,31.55730676651,1.6748194694519
-0.17636490553901,-0.31459023617208,"random_effect","replicate1","wisp",160,0.0327200889587402,418.613175630569,21.0245373249054,2.49808239936829
0.382173328466216,-0.115380090428516,"random_effect","replicate2","wisp",160,0.0323636531829834,451.664989948273,26.4137582778931,1.71981382369995
0.159727436482742,-0.269490822451189,"random_effect","replicate3","wisp",160,0.0289516448974609,431.30482840538,26.2738811969757,1.79348587989807
-0.421296737596424,-0.39479848719202,"random_effect","replicate4","wisp",160,0.0340394973754883,424.700837850571,28.7098228931427,1.66401886940002
0.890546953046953,0,"FSE","Pvalb","wisp",160,0.0275821685791016,425.654767751694,28.4632177352905,1.66555500030518
0.724275724275724,0,"FSE","Slc17a7","wisp",160,0.0329325199127197,423.197243452072,33.9429748058319,1.6831533908844
0.768951048951049,0,"FSE","Tac2","wisp",160,0.0311880111694336,434.951207876205,25.2036564350128,1.74011588096619
1.33362637362637,0,"FSE","Vip","wisp",160,0.0296409130096436,440.225367546082,27.4221527576447,1.70881175994873
0.802885015754398,0,"SVG","Pvalb","ELLA",160,0.817978858947754,426.278552532196,33.1131513118744,1.70468354225159
0.984348978551534,1,"SVG","Slc17a7","ELLA",160,0.0321147441864014,422.636915206909,29.2182486057281,1.70727491378784
0.97763281586802,0,"SVG","Tac2","ELLA",160,0.0328273773193359,447.521906852722,29.8023293018341,1.68975639343262
0.89207674638956,0,"SVG","Vip","ELLA",160,0.0354571342468262,452.610210418701,26.6774995326996,1.70772361755371
-0.000113044308836604,0,"rate_effect","Slc17a7","DESeq2",160,0.0321264266967773,433.965416669846,32.878084897995,1.7208776473999
-7.52502033279581e-05,0,"rate_effect","Pvalb","DESeq2",160,0.0312814712524414,422.190920829773,24.4393150806427,1.70067930221558
-5.40302866589449e-05,0,"rate_effect","Tac2","DESeq2",160,0.0330197811126709,418.523633003235,25.5854187011719,1.69677972793579
-0.000123450319792875,0,"rate_effect","Vip","DESeq2",160,0.034435510635376,420.346521377563,26.4988250732422,1.68244385719299
0.762712485407801,0,"FSE","Slc17a7","DESeq2",160,0.0320837497711182,450.666950464249,31.1645810604095,1.67498111724854
0.762712485407801,0,"FSE","Pvalb","DESeq2",160,0.0363020896911621,457.17814874649,21.4324703216553,1.71121692657471
0.762712485407801,0,"FSE","Tac2","DESeq2",160,0.029810905456543,428.343622922897,28.0981600284576,1.70960855484009
0.762712485407801,0,"FSE","Vip","DESeq2",160,0.0300595760345459,430.763073682785,25.8358247280121,1.69846940040588
0.202450153452663,0,"rate_effect","Pvalb","wisp",161,0.0283267498016357,397.332173585892,18.7034997940063,1.69594931602478
-0.00933491091651709,0,"rate_effect","Slc17a7","wisp",161,0.0276176929473877,442.712224245071,28.8775310516357,1.6610062122345
0.0883881005320536,0,"rate_effect","Tac2","wisp",161,0.0308253765106201,427.544069766998,28.7976498603821,1.63383769989014
0.128499014847252,0,"rate_effect","Vip","wisp",161,0.809355020523071,410.579885721207,29.0670175552368,1.86269569396973
0.193967486818572,-0.204206319525838,"random_effect","replicate1","wisp",161,0.0337629318237305,423.401099443436,29.6546030044556,1.68249821662903
-0.469903280919812,-0.418164907721803,"random_effect","replicate2","wisp",161,0.0272953510284424,422.697418212891,28.5365047454834,1.725830078125
0.138973361751378,-0.224484590580687,"random_effect","replicate3","wisp",161,0.029818058013916,439.7497215271,28.5780348777771,1.66135263442993
0.365225800447283,0.00860163918696344,"random_effect","replicate4","wisp",161,0.0316903591156006,433.967046022415,28.9943070411682,1.69037532806396
0.37289241370874,0,"FSE","Pvalb","wisp",161,0.0298211574554443,431.580412626266,25.7868802547455,1.6839165687561
0.880679320679321,0,"FSE","Slc17a7","wisp",161,0.030144214630127,421.375997781754,24.3016586303711,1.71349835395813
0.457875457875458,0,"FSE","Tac2","wisp",161,0.807829141616821,465.29434800148,29.0233175754547,1.72194504737854
0.526501276501276,0,"FSE","Vip","wisp",161,0.0383744239807129,429.53732085228,28.4468386173248,1.68207979202271
0.871482288389037,1,"SVG","Pvalb","ELLA",161,0.0290732383728027,429.263690233231,27.6097779273987,1.72484445571899
0.855525061925772,1,"SVG","Slc17a7","ELLA",161,0.0312666893005371,437.413307189941,27.8502190113068,1.60901474952698
2.19530239614629e-06,1,"SVG","Tac2","ELLA",161,0.805010795593262,426.455203294754,26.4656774997711,1.70355725288391
7.33340676961625e-07,1,"SVG","Vip","ELLA",161,0.0289487838745117,436.127036333084,28.2870264053345,1.67139077186584
0.00397546807288336,0,"rate_effect","Slc17a7","DESeq2",161,0.03226637840271,420.098921537399,31.8938703536987,1.69554042816162
0.0280386649469436,0,"rate_effect","Pvalb","DESeq2",161,0.032975435256958,438.165823221207,30.2825698852539,1.69946098327637
-0.00794466281253253,0,"rate_effect","Tac2","DESeq2",161,0.0294399261474609,422.019849300385,30.9425678253174,1.66973900794983
-0.0355559688979294,0,"rate_effect","Vip","DESeq2",161,0.0314321517944336,431.475331306458,22.7149419784546,1.67200517654419
0.48265934716726,0,"FSE","Slc17a7","DESeq2",161,0.0310087203979492,456.257085084915,32.455356836319,1.71188235282898
0.0227508649687872,0,"FSE","Pvalb","DESeq2",161,0.0314266681671143,415.877539396286,24.0265824794769,1.67043447494507
0.48265934716726,0,"FSE","Tac2","DESeq2",161,0.0294971466064453,416.692481517792,28.3475487232208,1.67638111114502
0.0227508649687872,0,"FSE","Vip","DESeq2",161,0.0342004299163818,336.719402313232,26.6872763633728,1.68443870544434
0.082221045298105,0,"rate_effect","Pvalb","wisp",162,0.0316140651702881,440.845675230026,27.6376297473907,1.67763209342957
0.00234986338461278,0,"rate_effect","Slc17a7","wisp",162,0.0327372550964355,439.942652225494,29.3641135692596,1.70473194122314
0.0935163944760184,0,"rate_effect","Tac2","wisp",162,0.0318393707275391,427.237243175507,26.6134941577911,1.71749186515808
1.10287600669381,0.419277829583734,"rate_effect","Vip","wisp",162,0.0313699245452881,439.644544839859,28.5925753116608,1.69865012168884
0.304969793231932,-0.114715134259313,"random_effect","replicate1","wisp",162,0.0302164554595947,430.495224475861,30.2653694152832,1.85662579536438
0.363076123438571,-0.0152308561373502,"random_effect","replicate2","wisp",162,0.0278749465942383,433.838924407959,19.8628737926483,1.78214120864868
0.25807514570081,-0.147397705120966,"random_effect","replicate3","wisp",162,0.0278384685516357,430.360751152039,22.3971903324127,1.76852321624756
-0.598677542296603,-0.460383204976097,"random_effect","replicate4","wisp",162,0.0297048091888428,444.295955896378,24.0693807601929,1.65312027931213
1.07217782217782,0,"FSE","Pvalb","wisp",162,0.0325343608856201,439.585692644119,22.7576236724854,1.69080781936646
0.993534243534243,0,"FSE","Slc17a7","wisp",162,0.0392982959747314,440.06645655632,24.0361716747284,1.71503973007202
0.582362082362082,0,"FSE","Tac2","wisp",162,0.029843807220459,437.265570402145,32.5572719573975,1.693115234375
0,1,"FSE","Vip","wisp",162,0.0291032791137695,439.432435512543,28.7472431659698,1.66761207580566
0.902266287766565,1,"SVG","Pvalb","ELLA",162,0.0333409309387207,453.339238643646,31.4272742271423,1.68288779258728
0.918420685232152,0,"SVG","Slc17a7","ELLA",162,0.0347957611083984,417.253128051758,31.6567099094391,1.64820694923401
4.40002464741074e-07,1,"SVG","Tac2","ELLA",162,0.0314128398895264,437.256318807602,26.5088288784027,1.63021802902222
2.20004890649772e-06,1,"SVG","Vip","ELLA",162,0.0340812206268311,430.002932310104,29.5874364376068,1.69731545448303
-0.0247989403022076,0,"rate_effect","Slc17a7","DESeq2",162,0.0293447971343994,435.143224954605,28.5866005420685,1.70678520202637
-0.0141818623668981,0,"rate_effect","Pvalb","DESeq2",162,0.0311143398284912,445.551970005035,28.4414129257202,1.71600365638733
0.00226425815758667,0,"rate_effect","Tac2","DESeq2",162,0.0289325714111328,403.162273168564,26.9035997390747,1.71544790267944
1.74308098044311,0.419277829583734,"rate_effect","Vip","DESeq2",162,0.0286831855773926,430.203703165054,26.6837778091431,1.66840791702271
0.133132321738572,0,"FSE","Slc17a7","DESeq2",162,1.57948327064514,437.185100317001,27.2536680698395,1.667564868927
0.562046032022461,0,"FSE","Pvalb","DESeq2",162,0.034404993057251,445.910422801971,27.2072422504425,1.68012309074402
0.920578621585447,0,"FSE","Tac2","DESeq2",162,0.0283098220825195,453.391103506088,26.5794351100922,1.68018746376038
0,1,"FSE","Vip","DESeq2",162,0.801506280899048,419.876414775848,24.7873849868774,1.75839638710022
-0.000224145209157716,0,"rate_effect","Pvalb","wisp",163,0.0307512283325195,428.397931814194,25.2241079807281,1.7059383392334
-1.8757769606062,-0.291284336708486,"rate_effect","Slc17a7","wisp",163,0.0340209007263184,436.847017526627,28.057745218277,1.85157752037048
-0.0141860869800251,0,"rate_effect","Tac2","wisp",163,0.0325219631195068,418.58698797226,21.6276752948761,1.68365335464478
0.249890909058158,0.220372244250029,"rate_effect","Vip","wisp",163,0.029606819152832,451.323617219925,28.6904950141907,1.68021440505981
-0.350845597648152,-0.181741420645267,"random_effect","replicate1","wisp",163,0.0282809734344482,451.912832021713,22.7493710517883,1.72066164016724
0.141522990283382,0.160784265724942,"random_effect","replicate2","wisp",163,0.801509857177734,422.313986063004,26.464081287384,1.70801472663879
0.194046974386311,0.216905061388388,"random_effect","replicate3","wisp",163,0.035719633102417,420.760576486588,28.6639797687531,1.73553800582886
0.216762545471472,0.259494812926278,"random_effect","replicate4","wisp",163,0.0332770347595215,423.522397279739,32.0795929431915,1.68319892883301
0.41931505994006,0,"FSE","Pvalb","wisp",163,0.0316963195800781,452.135765552521,27.33478307724,1.69501924514771
0,1,"FSE","Slc17a7","wisp",163,0.0274889469146729,429.882750511169,29.0840692520142,2.21656131744385
0.432910839160839,0,"FSE","Tac2","wisp",163,0.0337462425231934,456.47945690155,29.6877138614655,1.71448874473572
0.0198201798201798,1,"FSE","Vip","wisp",163,0.0293803215026855,422.508548974991,28.0290486812592,1.72083115577698
0.916385711094872,0,"SVG","Pvalb","ELLA",163,0.0302333831787109,425.557153701782,25.630185842514,1.71045875549316
0.866453652775918,1,"SVG","Slc17a7","ELLA",163,0.0314383506774902,456.831465482712,28.0305428504944,1.73749208450317
0.893527904649866,0,"SVG","Tac2","ELLA",163,0.0300333499908447,420.228207826614,25.318615436554,1.76744961738586
0.869635368720897,1,"SVG","Vip","ELLA",163,0.029646635055542,425.508758306503,32.9703578948975,1.67997980117798
-2.53109510381061,0,"rate_effect","Slc17a7","DESeq2",163,0.795555591583252,424.274295568466,28.6420726776123,1.70204496383667
0.00279971431810618,-0.291284336708486,"rate_effect","Pvalb","DESeq2",163,0.0330798625946045,427.26707816124,18.6909942626953,1.63834738731384
-0.00295833591686288,0,"rate_effect","Tac2","DESeq2",163,0.0290913581848145,427.728501081467,29.9143071174622,1.79513120651245
1.00709823936991,0.220372244250029,"rate_effect","Vip","DESeq2",163,0.0293011665344238,426.269878864288,28.6204409599304,1.68565964698792
0,0,"FSE","Slc17a7","DESeq2",163,0.0388209819793701,418.660535097122,32.9334063529968,1.7362232208252
0.845748504502419,1,"FSE","Pvalb","DESeq2",163,0.0292532444000244,425.60621213913,21.9722917079926,1.68773722648621
0.845748504502419,0,"FSE","Tac2","DESeq2",163,0.0324656963348389,443.387887001038,24.3710117340088,1.69161748886108
0,1,"FSE","Vip","DESeq2",163,0.0302588939666748,439.416900157928,23.9184587001801,1.70590662956238
-0.00203405484022658,0,"rate_effect","Pvalb","wisp",164,0.0327942371368408,438.957689762115,27.6632163524628,1.71968770027161
-0.0148952947187271,0,"rate_effect","Slc17a7","wisp",164,0.0285742282867432,421.09440946579,29.6664223670959,1.71637344360352
-0.0472237089680461,0,"rate_effect","Tac2","wisp",164,0.0321705341339111,433.779055833817,24.2364208698273,1.66416764259338
-0.00079528938964771,0,"rate_effect","Vip","wisp",164,0.0324299335479736,441.995455741882,30.9328153133392,1.71126890182495
0.22479225722136,0.345352767268196,"random_effect","replicate1","wisp",164,0.029210090637207,439.464953899384,34.3297638893127,1.69986629486084
-0.365171231740397,-0.186820070724934,"random_effect","replicate2","wisp",164,0.0426244735717773,437.597018718719,24.8363919258118,1.68951106071472
0.175103893659338,0.23301535914652,"random_effect","replicate3","wisp",164,0.0324771404266357,425.207281112671,34.9626548290253,1.69158744812012
0.164166529336609,0.213220802368596,"random_effect","replicate4","wisp",164,0.0298991203308105,418.647297859192,25.208455324173,1.70028805732727
1.01233460417134,0,"FSE","Pvalb","wisp",164,0.0298573970794678,427.855692625046,21.8786227703094,1.69300127029419
1.17014985014985,0,"FSE","Slc17a7","wisp",164,0.0312502384185791,432.517842054367,28.3129653930664,1.68675136566162
1.93808968808969,0,"FSE","Tac2","wisp",164,0.0320358276367188,411.424299955368,27.6908824443817,1.68193197250366
0.98026973026973,0,"FSE","Vip","wisp",164,0.0310063362121582,427.761325597763,29.3594481945038,1.68344497680664
0.903258192475464,0,"SVG","Pvalb","ELLA",164,0.0334844589233398,428.166197538376,26.1797046661377,1.7228901386261
0.828812456577096,0,"SVG","Slc17a7","ELLA",164,0.0315742492675781,434.415714979172,25.5722579956055,1.75341796875
0.98633002528029,0,"SVG","Tac2","ELLA",164,0.0306034088134766,423.648044109344,28.6630384922028,2.33507633209229
4.3999337723255e-07,1,"SVG","Vip","ELLA",164,0.0319352149963379,457.630842685699,30.2729852199554,1.71965885162354
-2.89307906873746e-05,0,"rate_effect","Slc17a7","DESeq2",164,0.0309898853302002,427.793577194214,24.6332676410675,1.78945779800415
4.27664197858021e-05,0,"rate_effect","Pvalb","DESeq2",164,0.0248186588287354,427.134085416794,20.8497416973114,1.70171666145325
-0.000135127375758363,0,"rate_effect","Tac2","DESeq2",164,0.0303020477294922,449.407165288925,26.851879119873,1.69535422325134
0.000127296811627845,0,"rate_effect","Vip","DESeq2",164,0.0301089286804199,428.247339248657,29.8079919815063,1.66396045684814
0.775201001238668,0,"FSE","Slc17a7","DESeq2",164,0.0322089195251465,408.884809732437,26.4115223884583,1.72398972511292
0.775201001238668,0,"FSE","Pvalb","DESeq2",164,0.0315802097320557,422.765319108963,25.9771552085876,1.73013639450073
0.333235209995528,0,"FSE","Tac2","DESeq2",164,0.0289065837860107,439.160111427307,22.1827802658081,1.76004147529602
0.333235209995528,0,"FSE","Vip","DESeq2",164,0.0298852920532227,427.017245531082,28.7798230648041,1.70368719100952
-1.0242180439875,-0.251197970705107,"rate_effect","Pvalb","wisp",165,0.0346510410308838,423.745444536209,30.480721950531,1.68005108833313
0.0944688247907545,0,"rate_effect","Slc17a7","wisp",165,0.0336208343505859,457.350196123123,29.9804899692535,1.70068073272705
-1.10353282096871,-0.34510648669675,"rate_effect","Tac2","wisp",165,0.0338809490203857,436.45938372612,22.8680624961853,1.66281175613403
-0.465015342520676,-0.0803836900740862,"rate_effect","Vip","wisp",165,0.034174919128418,440.511873960495,28.8962671756744,1.64716815948486
0.367503667216347,0.291764435125515,"random_effect","replicate1","wisp",165,0.0303421020507812,427.628512382507,22.2104892730713,1.71368527412415
-0.0789804985915398,-0.106760155176744,"random_effect","replicate2","wisp",165,0.0332088470458984,344.416242599487,30.4543399810791,1.69739413261414
-0.44591016620544,-0.388793531805277,"random_effect","replicate3","wisp",165,0.0305843353271484,431.98536658287,24.406289100647,1.68058586120605
0.303833606666532,0.137548509053886,"random_effect","replicate4","wisp",165,0.0328588485717773,449.26571059227,33.3354132175446,1.73019027709961
0.0366300366300366,1,"FSE","Pvalb","wisp",165,0.0297694206237793,439.159985542297,26.3205349445343,1.71449494361877
0.781418581418581,0,"FSE","Slc17a7","wisp",165,0.0305607318878174,428.652082204819,30.6755955219269,1.88950419425964
0.013986013986014,1,"FSE","Tac2","wisp",165,0.0316033363342285,445.094449043274,42.2195236682892,1.67439436912537
0.142137862137862,1,"FSE","Vip","wisp",165,0.0265688896179199,435.233200311661,26.1416709423065,1.71018147468567
0.910671737312595,1,"SVG","Pvalb","ELLA",165,0.0327644348144531,439.456162452698,26.0999274253845,1.78638219833374
0.972130713757711,1,"SVG","Slc17a7","ELLA",165,0.0307676792144775,437.681057214737,27.9302146434784,1.65710139274597
1.10002143244303e-06,1,"SVG","Tac2","ELLA",165,0.0290651321411133,427.405111312866,22.3053696155548,1.72048687934875
0.902601284560777,1,"SVG","Vip","ELLA",165,0.0320477485656738,433.640318632126,29.350049495697,1.72802352905273
1.25163447787691,-0.251197970705107,"rate_effect","Slc17a7","DESeq2",165,0.0298590660095215,448.810079097748,25.333607673645,1.71256875991821
-0.711477568672064,0,"rate_effect","Pvalb","DESeq2",165,0.0316283702850342,455.552742004395,29.5427038669586,1.7094087600708
-2.10183583960598,-0.34510648669675,"rate_effect","Tac2","DESeq2",165,0.0333898067474365,440.108868360519,23.9051141738892,1.67539310455322
0.714362495114632,-0.0803836900740862,"rate_effect","Vip","DESeq2",165,0.0299966335296631,419.217404127121,32.1976454257965,1.70710897445679
0,1,"FSE","Slc17a7","DESeq2",165,0.0458025932312012,433.931190729141,28.3724331855774,1.67933249473572
5.41422085804309e-169,0,"FSE","Pvalb","DESeq2",165,0.0300023555755615,429.552792310715,29.0982015132904,1.65337753295898
0,1,"FSE","Tac2","DESeq2",165,0.0322961807250977,435.765223503113,31.6087048053741,1.71501207351685
5.41422085804309e-169,1,"FSE","Vip","DESeq2",165,0.0341274738311768,417.889683008194,28.9951059818268,1.70399403572083
-0.008271133364087,0,"rate_effect","Pvalb","wisp",166,0.0294394493103027,453.733312368393,25.2916481494904,1.77246928215027
0.613571264354836,0.214206523960456,"rate_effect","Slc17a7","wisp",166,0.0308578014373779,468.61527967453,25.4667437076569,1.71070170402527
0.000243352309276524,0,"rate_effect","Tac2","wisp",166,0.820080041885376,436.097178220749,26.8479788303375,1.66347169876099
-0.0703894063004524,0,"rate_effect","Vip","wisp",166,0.0320253372192383,431.81830573082,30.8184201717377,1.66999959945679
-0.100929693205182,0.0569100435823202,"random_effect","replicate1","wisp",166,0.0323450565338135,407.469310998917,23.6902546882629,1.6712794303894
-0.148245748113605,0.011990821454674,"random_effect","replicate2","wisp",166,0.0303232669830322,458.878425359726,29.6515972614288,1.6605019569397
-0.162493981923787,0.0119062995072454,"random_effect","replicate3","wisp",166,0.0322065353393555,419.259837388992,28.8181869983673,1.6933798789978
0.242434665896953,0.303647371008992,"random_effect","replicate4","wisp",166,0.0321733951568604,430.462215185165,29.7094798088074,1.70585680007935
1.40857645875252,0,"FSE","Pvalb","wisp",166,0.0398569107055664,434.449024200439,32.2220323085785,1.69411945343018
0.0967806841046277,1,"FSE","Slc17a7","wisp",166,0.0285923480987549,429.197801351547,26.8881816864014,1.82680439949036
0.946779442084606,0,"FSE","Tac2","wisp",166,0.0303695201873779,462.501043796539,27.2750470638275,1.7259795665741
0.877487145092779,0,"FSE","Vip","wisp",166,0.0310995578765869,422.670966625214,21.7350451946259,1.75525784492493
0.737158377264299,1,"SVG","Pvalb","ELLA",166,0.0324530601501465,428.048925638199,30.4400534629822,1.65608763694763
0.95475845270836,1,"SVG","Slc17a7","ELLA",166,0.80547022819519,440.463515520096,28.439962387085,1.65983462333679
0.888824204650849,0,"SVG","Tac2","ELLA",166,0.0333585739135742,445.77917599678,26.5162720680237,1.65799617767334
1.10002353453931e-06,1,"SVG","Vip","ELLA",166,0.834730386734009,404.486200332642,22.7781071662903,1.70609188079834
1.01945198579885,0,"rate_effect","Slc17a7","DESeq2",166,0.0285840034484863,414.615249633789,23.4158487319946,1.73908114433289
-0.0160664361824847,0.214206523960456,"rate_effect","Pvalb","DESeq2",166,0.0306859016418457,433.938928842545,33.8327622413635,1.7237377166748
-0.00859814651949086,0,"rate_effect","Tac2","DESeq2",166,0.0308890342712402,422.670696020126,25.4336326122284,1.66652059555054
-0.00923373301328927,0,"rate_effect","Vip","DESeq2",166,0.0306036472320557,419.418052911758,25.2467229366302,1.70362830162048
0,0,"FSE","Slc17a7","DESeq2",166,0.0317995548248291,461.469823598862,32.3803489208221,1.67511296272278
0.174780410659892,1,"FSE","Pvalb","DESeq2",166,0.0344686508178711,434.89457821846,27.1384015083313,1.70538330078125
0.536455689819239,0,"FSE","Tac2","DESeq2",166,0.0282166004180908,443.423809051514,32.3087086677551,1.67403841018677
0.536455689819239,0,"FSE","Vip","DESeq2",166,0.0308902263641357,431.944690704346,30.5837070941925,1.7223334312439
-0.00381460502102616,0,"rate_effect","Pvalb","wisp",167,0.0291938781738281,425.225584983826,23.5495102405548,1.67557716369629
-0.00208779743584449,0,"rate_effect","Slc17a7","wisp",167,0.0274803638458252,449.36609172821,29.871399641037,1.7144455909729
0.0246531535685237,0,"rate_effect","Tac2","wisp",167,0.0323798656463623,397.502710580826,26.9996373653412,1.68184280395508
-0.139184473778323,0,"rate_effect","Vip","wisp",167,0.0408256053924561,431.450164318085,30.4177463054657,1.70918226242065
0.420615481602122,0.49149052775465,"random_effect","replicate1","wisp",167,0.0313534736633301,438.536264657974,29.9569611549377,1.84068560600281
-0.735825357627712,-0.46621329896152,"random_effect","replicate2","wisp",167,0.0400087833404541,433.042570114136,30.6304001808167,1.66168165206909
0.299814345467489,0.122820393880829,"random_effect","replicate3","wisp",167,0.817047119140625,430.118763923645,24.3502914905548,1.6999716758728
0.38443360033895,0.377380528254434,"random_effect","replicate4","wisp",167,0.0297436714172363,437.071761846542,23.595419883728,1.64554500579834
1.30324363136863,0,"FSE","Pvalb","wisp",167,0.032271146774292,436.101019144058,24.8949110507965,1.70548939704895
0.773818773818774,0,"FSE","Slc17a7","wisp",167,0.0315263271331787,432.288017749786,30.956157207489,1.69679665565491
1.72527472527473,0,"FSE","Tac2","wisp",167,0.0336310863494873,437.491618871689,23.7585678100586,1.71569228172302
0.251776001776002,0,"FSE","Vip","wisp",167,1.60711026191711,421.640034914017,25.7011733055115,1.6941704750061
0.834569456803125,0,"SVG","Pvalb","ELLA",167,0.0332968235015869,424.412275791168,31.337925195694,1.72009944915771
0.803373733523972,0,"SVG","Slc17a7","ELLA",167,0.0317978858947754,432.436423778534,26.7529740333557,1.69773530960083
0.86166921012512,0,"SVG","Tac2","ELLA",167,0.0310676097869873,423.374612569809,30.5652163028717,1.68888401985168
0.918077891448912,1,"SVG","Vip","ELLA",167,0.0288574695587158,432.843449831009,27.3957550525665,1.6828761100769
-0.0029978172273821,0,"rate_effect","Slc17a7","DESeq2",167,0.0459022521972656,226.993104219437,24.1935837268829,1.51726198196411
-0.00053718659132819,0,"rate_effect","Pvalb","DESeq2",167,0.0322229862213135,331.06693983078,30.7433168888092,1.6044819355011
0.010755871427277,0,"rate_effect","Tac2","DESeq2",167,0.0333068370819092,374.853465080261,21.7227132320404,1.55030393600464
-0.0272426098671359,0,"rate_effect","Vip","DESeq2",167,0.0307085514068604,384.058814287186,22.0142612457275,1.6028254032135
0.683682287054648,0,"FSE","Slc17a7","DESeq2",167,0.0302438735961914,391.767779111862,25.2758643627167,1.53045392036438
0.883440124389582,0,"FSE","Pvalb","DESeq2",167,0.0305290222167969,388.461657047272,23.9431219100952,1.55912685394287
0.318065788167888,0,"FSE","Tac2","DESeq2",167,0.0326883792877197,384.937769889832,29.8561155796051,1.56570911407471
0.0268975029877342,0,"FSE","Vip","DESeq2",167,0.026921272277832,389.509970188141,21.9643669128418,1.66833257675171
-0.0048022308216818,0,"rate_effect","Pvalb","wisp",168,0.0267267227172852,388.007637023926,30.0672695636749,1.57240080833435
-0.0310484235286303,0,"rate_effect","Slc17a7","wisp",168,0.0300586223602295,418.203063964844,30.2898714542389,1.61718273162842
0.226183879529067,0,"rate_effect","Tac2","wisp",168,0.0290942192077637,406.942582845688,31.5599641799927,1.58856463432312
-0.92971298253465,-0.181242673425004,"rate_effect","Vip","wisp",168,0.0287714004516602,429.646015167236,26.2195875644684,1.60668730735779
-0.477927712230857,-0.40113075892441,"random_effect","replicate1","wisp",168,0.0317835807800293,341.669018268585,26.9653091430664,1.54579663276672
0.407872100983307,0.375052215065807,"random_effect","replicate2","wisp",168,0.0308656692504883,410.980796337128,26.0913398265839,1.58828997612
-0.189970344955107,-0.230990040348843,"random_effect","replicate3","wisp",168,0.0299198627471924,381.337107896805,27.0866591930389,1.55881309509277
0.279936325000676,0.0531505194958299,"random_effect","replicate4","wisp",168,0.0317187309265137,406.580022573471,25.456356048584,2.13756680488586
0.314796314796315,0,"FSE","Pvalb","wisp",168,0.0320427417755127,381.373903751373,26.0200519561768,1.62136936187744
0.562187812187812,0,"FSE","Slc17a7","wisp",168,0.0314962863922119,398.525640964508,30.7137763500214,1.63695192337036
1.43145743145743,0,"FSE","Tac2","wisp",168,0.0254049301147461,391.480886697769,26.8268549442291,1.66666102409363
0.257742257742258,1,"FSE","Vip","wisp",168,0.0256845951080322,386.229352712631,22.1226570606232,2.23532843589783
0.984500683776906,1,"SVG","Pvalb","ELLA",168,0.0274255275726318,393.043655633926,26.3135740756989,1.62186360359192
0.95895065578658,0,"SVG","Slc17a7","ELLA",168,0.0314497947692871,399.737291574478,27.4356372356415,1.54793643951416
7.33336047831212e-07,1,"SVG","Tac2","ELLA",168,0.0278842449188232,407.994123220444,30.0831542015076,1.70397877693176
4.40000902657278e-07,1,"SVG","Vip","ELLA",168,0.0312459468841553,454.349458694458,27.4588553905487,1.65162825584412
0.0183050466166447,0,"rate_effect","Slc17a7","DESeq2",168,0.0302815437316895,416.451984167099,27.4706983566284,1.66848421096802
0.0138384446085482,0,"rate_effect","Pvalb","DESeq2",168,0.030287504196167,445.160679101944,26.9797604084015,1.6416482925415
0.00781925006393175,0,"rate_effect","Tac2","DESeq2",168,0.0270621776580811,418.129014253616,28.2524511814117,1.66839957237244
-1.28086310298912,-0.181242673425004,"rate_effect","Vip","DESeq2",168,0.025137186050415,427.151807546616,30.0656287670135,1.72059488296509
0.300606567663144,0,"FSE","Slc17a7","DESeq2",168,0.0248410701751709,419.83846116066,32.9552249908447,1.71002101898193
0.569348173441652,0,"FSE","Pvalb","DESeq2",168,0.031097412109375,420.148341417313,25.3059678077698,1.70672941207886
0.674304426343205,0,"FSE","Tac2","DESeq2",168,0.0304763317108154,422.099095344543,27.7931344509125,1.73184728622437
0,1,"FSE","Vip","DESeq2",168,0.0281741619110107,436.614368438721,25.8525140285492,1.87365055084229
-0.282057186909177,-0.0857254785951227,"rate_effect","Pvalb","wisp",169,0.031022310256958,431.403715372086,31.1884779930115,1.73899722099304
0.99767822835282,0.367176248691976,"rate_effect","Slc17a7","wisp",169,0.0317983627319336,446.260487318039,21.985191822052,1.75307321548462
-0.0365202667658934,0,"rate_effect","Tac2","wisp",169,0.0358791351318359,425.043972253799,28.740198135376,1.71167206764221
0.574321112292937,0.172556403791532,"rate_effect","Vip","wisp",169,0.0326249599456787,432.28660774231,34.3577883243561,1.82336187362671
-0.425777251530938,-0.30164402956143,"random_effect","replicate1","wisp",169,0.025691032409668,413.085528612137,26.3216788768768,1.68938827514648
0.291346858908426,0.363902667304501,"random_effect","replicate2","wisp",169,0.0321977138519287,431.868797302246,31.4128401279449,1.72128224372864
0.202242096703945,0.180794092360884,"random_effect","replicate3","wisp",169,0.0303294658660889,427.370543956757,21.0685846805573,1.7031238079071
0.0877293844266519,0.040105622028932,"random_effect","replicate4","wisp",169,0.031196117401123,438.467203855515,26.1320161819458,1.84325361251831
0.527472527472527,1,"FSE","Pvalb","wisp",169,0.0318443775177002,416.291744470596,28.2499594688416,1.83968019485474
0.294705294705295,1,"FSE","Slc17a7","wisp",169,0.0282285213470459,444.577963352203,21.2990975379944,2.37900733947754
0.647305819180819,0,"FSE","Tac2","wisp",169,0.029576301574707,425.557831048965,32.9004528522491,2.33510065078735
0.141796978531672,1,"FSE","Vip","wisp",169,0.0261030197143555,454.543220043182,25.3657302856445,1.65312337875366
0.950297107988149,1,"SVG","Pvalb","ELLA",169,0.030604362487793,448.491393089294,27.0592975616455,1.72818160057068
0.808648624643908,1,"SVG","Slc17a7","ELLA",169,0.0423741340637207,418.818164825439,24.772531747818,1.71317410469055
0.901800037678414,0,"SVG","Tac2","ELLA",169,0.0336840152740479,421.485532522202,26.0124709606171,1.66458964347839
0.882635143109526,1,"SVG","Vip","ELLA",169,0.0301039218902588,419.07643198967,23.9351878166199,1.70808434486389
1.14871510355346,-0.0857254785951227,"rate_effect","Slc17a7","DESeq2",169,0.029496431350708,443.56943154335,25.7597060203552,1.6528697013855
-1.01471954685217,0.367176248691976,"rate_effect","Pvalb","DESeq2",169,0.0322501659393311,423.658175468445,25.207447052002,1.70782256126404
-0.454325784596677,0,"rate_effect","Tac2","DESeq2",169,0.0313875675201416,427.1850502491,25.8664109706879,2.41867923736572
0.453578837351469,0.172556403791532,"rate_effect","Vip","DESeq2",169,0.0261313915252686,428.541162490845,22.9495022296906,1.70014810562134
0,1,"FSE","Slc17a7","DESeq2",169,0.816929817199707,433.676968336105,31.5241286754608,2.48922324180603
0,1,"FSE","Pvalb","DESeq2",169,0.0293712615966797,430.996541023254,24.3395192623138,1.70786213874817
5.58271965310016e-152,0,"FSE","Tac2","DESeq2",169,0.0294525623321533,435.360939741135,24.5862038135529,1.74760770797729
4.5289416030173e-200,1,"FSE","Vip","DESeq2",169,0.0314376354217529,431.56404876709,26.8166272640228,1.69978642463684
0.00239030322062742,0,"rate_effect","Pvalb","wisp",170,0.0298619270324707,443.675142288208,30.911069393158,1.68198251724243
0.0113817242679362,-0.0989834263455123,"rate_effect","Slc17a7","wisp",170,0.0369207859039307,443.817051887512,31.6257169246674,1.67301535606384
-0.160413361335545,0,"rate_effect","Tac2","wisp",170,0.0287370681762695,425.840946435928,20.6871118545532,1.69628477096558
-0.0332503310691221,0,"rate_effect","Vip","wisp",170,0.816901922225952,418.899758338928,25.4150378704071,1.71676182746887
0.280812113245615,0.205077196937054,"random_effect","replicate1","wisp",170,0.0307743549346924,427.506590843201,28.1352660655975,1.71242094039917
-0.315460984258292,-0.217180523555726,"random_effect","replicate2","wisp",170,0.0329976081848145,430.744173049927,26.0876758098602,1.68078994750977
-0.184648586318155,-0.120536004891619,"random_effect","replicate3","wisp",170,0.0331697463989258,343.210713863373,25.4671909809113,1.68777298927307
0.185087512682113,0.0356148425489664,"random_effect","replicate4","wisp",170,0.0300967693328857,440.774281978607,23.2325868606567,2.37251234054565
1.3046953046953,0,"FSE","Pvalb","wisp",170,0.812228679656982,421.734682798386,24.0035390853882,1.67496418952942
1.52106227106227,1,"FSE","Slc17a7","wisp",170,0.0344059467315674,414.342206716537,31.1541674137115,1.68140697479248
2.54556554556555,0,"FSE","Tac2","wisp",170,0.0330021381378174,437.451224327087,29.745246887207,1.75335311889648
1.30625624375624,0,"FSE","Vip","wisp",170,0.0306010246276855,442.808385372162,28.5078384876251,1.74131655693054
0.849477795040711,0,"SVG","Pvalb","ELLA",170,0.0322425365447998,418.705527305603,32.1499083042145,1.71031928062439
0.783552704642547,0,"SVG","Slc17a7","ELLA",170,0.02848219871521,418.45457649231,31.55730676651,1.6748194694519
2.20005948103896e-06,1,"SVG","Tac2","ELLA",170,0.0327200889587402,418.613175630569,21.0245373249054,2.49808239936829
0.873144698345604,0,"SVG","Vip","ELLA",170,0.0323636531829834,451.664989948273,26.4137582778931,1.71981382369995
3.37130142512619e-05,0,"rate_effect","Slc17a7","DESeq2",170,0.0289516448974609,431.30482840538,26.2738811969757,1.79348587989807
0.000487568966705611,-0.0989834263455123,"rate_effect","Pvalb","DESeq2",170,0.0340394973754883,424.700837850571,28.7098228931427,1.66401886940002
-0.000108515484716458,0,"rate_effect","Tac2","DESeq2",170,0.0275821685791016,425.654767751694,28.4632177352905,1.66555500030518
-8.51183192262616e-06,0,"rate_effect","Vip","DESeq2",170,0.0329325199127197,423.197243452072,33.9429748058319,1.6831533908844
0.848548398683259,0,"FSE","Slc17a7","DESeq2",170,0.0311880111694336,434.951207876205,25.2036564350128,1.74011588096619
0.848548398683259,1,"FSE","Pvalb","DESeq2",170,0.0296409130096436,440.225367546082,27.4221527576447,1.70881175994873
0.297578105187689,0,"FSE","Tac2","DESeq2",170,0.817978858947754,426.278552532196,33.1131513118744,1.70468354225159
0.848548398683259,0,"FSE","Vip","DESeq2",170,0.0321147441864014,422.636915206909,29.2182486057281,1.70727491378784
-0.0423676496062347,0,"rate_effect","Pvalb","wisp",171,0.0328273773193359,447.521906852722,29.8023293018341,1.68975639343262
-3.76634072730676e-05,0,"rate_effect","Slc17a7","wisp",171,0.0354571342468262,452.610210418701,26.6774995326996,1.70772361755371
-0.00609203384050153,0,"rate_effect","Tac2","wisp",171,0.0321264266967773,433.965416669846,32.878084897995,1.7208776473999
-0.126708638587752,0,"rate_effect","Vip","wisp",171,0.0312814712524414,422.190920829773,24.4393150806427,1.70067930221558
-0.470528347001049,-0.44782028067857,"random_effect","replicate1","wisp",171,0.0330197811126709,418.523633003235,25.5854187011719,1.69677972793579
0.532809615757094,0.0587855100166053,"random_effect","replicate2","wisp",171,0.034435510635376,420.346521377563,26.4988250732422,1.68244385719299
0.162105733738523,-0.32774065900594,"random_effect","replicate3","wisp",171,0.0320837497711182,450.666950464249,31.1645810604095,1.67498111724854
-0.324484372310749,-0.40066914120689,"random_effect","replicate4","wisp",171,0.0363020896911621,457.17814874649,21.4324703216553,1.71121692657471
1.65190809190809,0,"FSE","Pvalb","wisp",171,0.029810905456543,428.343622922897,28.0981600284576,1.70960855484009
1.00218149197741,0,"FSE","Slc17a7","wisp",171,0.0300595760345459,430.763073682785,25.8358247280121,1.69846940040588
1.62241758241758,0,"FSE","Tac2","wisp",171,0.0283267498016357,397.332173585892,18.7034997940063,1.69594931602478
1.53265484515485,0,"FSE","Vip","wisp",171,0.0276176929473877,442.712224245071,28.8775310516357,1.6610062122345
0.00766023442113606,1,"SVG","Pvalb","ELLA",171,0.0308253765106201,427.544069766998,28.7976498603821,1.63383769989014
0.752454753901214,0,"SVG","Slc17a7","ELLA",171,0.809355020523071,410.579885721207,29.0670175552368,1.86269569396973
0.949754386085244,0,"SVG","Tac2","ELLA",171,0.0337629318237305,423.401099443436,29.6546030044556,1.68249821662903
0.959077122666741,1,"SVG","Vip","ELLA",171,0.0272953510284424,422.697418212891,28.5365047454834,1.725830078125
6.60430053893585e-05,0,"rate_effect","Slc17a7","DESeq2",171,0.029818058013916,439.7497215271,28.5780348777771,1.66135263442993
8.40122678886162e-05,0,"rate_effect","Pvalb","DESeq2",171,0.0316903591156006,433.967046022415,28.9943070411682,1.69037532806396
2.62741989680307e-05,0,"rate_effect","Tac2","DESeq2",171,0.0298211574554443,431.580412626266,25.7868802547455,1.6839165687561
-6.77884000102776e-05,0,"rate_effect","Vip","DESeq2",171,0.030144214630127,421.375997781754,24.3016586303711,1.71349835395813
0.934587618680834,0,"FSE","Slc17a7","DESeq2",171,0.807829141616821,465.29434800148,29.0233175754547,1.72194504737854
0.289923055546487,0,"FSE","Pvalb","DESeq2",171,0.0383744239807129,429.53732085228,28.4468386173248,1.68207979202271
0.934587618680834,0,"FSE","Tac2","DESeq2",171,0.0290732383728027,429.263690233231,27.6097779273987,1.72484445571899
0.289923055546487,0,"FSE","Vip","DESeq2",171,0.0312666893005371,437.413307189941,27.8502190113068,1.60901474952698
-0.187153510206364,0,"rate_effect","Pvalb","wisp",172,0.805010795593262,426.455203294754,26.4656774997711,1.70355725288391
0.00220423429103947,0,"rate_effect","Slc17a7","wisp",172,0.0289487838745117,436.127036333084,28.2870264053345,1.67139077186584
-0.190350453926332,0,"rate_effect","Tac2","wisp",172,0.03226637840271,420.098921537399,31.8938703536987,1.69554042816162
-1.32161769790284,-0.340832156594843,"rate_effect","Vip","wisp",172,0.032975435256958,438.165823221207,30.2825698852539,1.69946098327637
0.303510206017138,0.405648935353383,"random_effect","replicate1","wisp",172,0.0294399261474609,422.019849300385,30.9425678253174,1.66973900794983
0.271094796331689,0.341679980745539,"random_effect","replicate2","wisp",172,0.0314321517944336,431.475331306458,22.7149419784546,1.67200517654419
-0.194761683147546,-0.113599806791171,"random_effect","replicate3","wisp",172,0.0310087203979492,456.257085084915,32.455356836319,1.71188235282898
-0.338830927434754,-0.235897118225694,"random_effect","replicate4","wisp",172,0.0314266681671143,415.877539396286,24.0265824794769,1.67043447494507
0.6675,0,"FSE","Pvalb","wisp",172,0.0294971466064453,416.692481517792,28.3475487232208,1.67638111114502
1.12363888888889,0,"FSE","Slc17a7","wisp",172,0.0342004299163818,336.719402313232,26.6872763633728,1.68443870544434
0.482833333333333,0,"FSE","Tac2","wisp",172,0.0316140651702881,440.845675230026,27.6376297473907,1.67763209342957
0,1,"FSE","Vip","wisp",172,0.0327372550964355,439.942652225494,29.3641135692596,1.70473194122314
0.87805667140077,1,"SVG","Pvalb","ELLA",172,0.0318393707275391,427.237243175507,26.6134941577911,1.71749186515808
0.87405607449796,0,"SVG","Slc17a7","ELLA",172,0.0313699245452881,439.644544839859,28.5925753116608,1.69865012168884
1.10000413466871e-06,1,"SVG","Tac2","ELLA",172,0.0302164554595947,430.495224475861,30.2653694152832,1.85662579536438
1.10000565950452e-06,1,"SVG","Vip","ELLA",172,0.0278749465942383,433.838924407959,19.8628737926483,1.78214120864868
0.00712531506318963,0,"rate_effect","Slc17a7","DESeq2",172,0.0278384685516357,430.360751152039,22.3971903324127,1.76852321624756
0.01828636159954,0,"rate_effect","Pvalb","DESeq2",172,0.0297048091888428,444.295955896378,24.0693807601929,1.65312027931213
0.0252568047953566,0,"rate_effect","Tac2","DESeq2",172,0.0325343608856201,439.585692644119,22.7576236724854,1.69080781936646
-3.26182614487323,-0.340832156594843,"rate_effect","Vip","DESeq2",172,0.0392982959747314,440.06645655632,24.0361716747284,1.71503973007202
0.151834255605397,0,"FSE","Slc17a7","DESeq2",172,0.029843807220459,437.265570402145,32.5572719573975,1.693115234375
0.151834255605397,0,"FSE","Pvalb","DESeq2",172,0.0291032791137695,439.432435512543,28.7472431659698,1.66761207580566
0.151834255605397,0,"FSE","Tac2","DESeq2",172,0.0333409309387207,453.339238643646,31.4272742271423,1.68288779258728
0,1,"FSE","Vip","DESeq2",172,0.0347957611083984,417.253128051758,31.6567099094391,1.64820694923401
0.0317148625447671,0,"rate_effect","Pvalb","wisp",173,0.0314128398895264,437.256318807602,26.5088288784027,1.63021802902222
0.00528901775256311,0,"rate_effect","Slc17a7","wisp",173,0.0340812206268311,430.002932310104,29.5874364376068,1.69731545448303
-0.126854787892355,0,"rate_effect","Tac2","wisp",173,0.0293447971343994,435.143224954605,28.5866005420685,1.70678520202637
0.859043789432372,0.339534499449655,"rate_effect","Vip","wisp",173,0.0311143398284912,445.551970005035,28.4414129257202,1.71600365638733
-0.438550847192628,-0.368655321188271,"random_effect","replicate1","wisp",173,0.0289325714111328,403.162273168564,26.9035997390747,1.71544790267944
0.409185692276235,0.31314572552219,"random_effect","replicate2","wisp",173,0.0286831855773926,430.203703165054,26.6837778091431,1.66840791702271
-0.283102802682567,-0.263625398278236,"random_effect","replicate3","wisp",173,1.57948327064514,437.185100317001,27.2536680698395,1.667564868927
0.282802107891048,0.0407658210024238,"random_effect","replicate4","wisp",173,0.034404993057251,445.910422801971,27.2072422504425,1.68012309074402
0.656200941915228,0,"FSE","Pvalb","wisp",173,0.0283098220825195,453.391103506088,26.5794351100922,1.68018746376038
0.712695467797509,0,"FSE","Slc17a7","wisp",173,0.801506280899048,419.876414775848,24.7873849868774,1.75839638710022
0.446303696303696,0,"FSE","Tac2","wisp",173,0.0307512283325195,428.397931814194,25.2241079807281,1.7059383392334
0.062937062937063,1,"FSE","Vip","wisp",173,0.0340209007263184,436.847017526627,28.057745218277,1.85157752037048
0.948534300342721,0,"SVG","Pvalb","ELLA",173,0.0325219631195068,418.58698797226,21.6276752948761,1.68365335464478
0.918494505644966,0,"SVG","Slc17a7","ELLA",173,0.029606819152832,451.323617219925,28.6904950141907,1.68021440505981
1.09999571545893e-06,1,"SVG","Tac2","ELLA",173,0.0282809734344482,451.912832021713,22.7493710517883,1.72066164016724
0.874083004109503,1,"SVG","Vip","ELLA",173,0.801509857177734,422.313986063004,26.464081287384,1.70801472663879
-0.0198073487117852,0,"rate_effect","Slc17a7","DESeq2",173,0.035719633102417,420.760576486588,28.6639797687531,1.73553800582886
-0.0205027120712053,0,"rate_effect","Pvalb","DESeq2",173,0.0332770347595215,423.522397279739,32.0795929431915,1.68319892883301
-0.00877168480237678,0,"rate_effect","Tac2","DESeq2",173,0.0316963195800781,452.135765552521,27.33478307724,1.69501924514771
1.45200795547159,0.339534499449655,"rate_effect","Vip","DESeq2",173,0.0274889469146729,429.882750511169,29.0840692520142,2.21656131744385
0.0464501300364168,0,"FSE","Slc17a7","DESeq2",173,0.0337462425231934,456.47945690155,29.6877138614655,1.71448874473572
0.233888721695809,0,"FSE","Pvalb","DESeq2",173,0.0293803215026855,422.508548974991,28.0290486812592,1.72083115577698
0.635073821737731,0,"FSE","Tac2","DESeq2",173,0.0302333831787109,425.557153701782,25.630185842514,1.71045875549316
0,1,"FSE","Vip","DESeq2",173,0.0314383506774902,456.831465482712,28.0305428504944,1.73749208450317
0.00613508471660714,0,"rate_effect","Pvalb","wisp",174,0.0300333499908447,420.228207826614,25.318615436554,1.76744961738586
-1.46380114336345,-0.255796917015687,"rate_effect","Slc17a7","wisp",174,0.029646635055542,425.508758306503,32.9703578948975,1.67997980117798
-0.00881666708077333,0,"rate_effect","Tac2","wisp",174,0.795555591583252,424.274295568466,28.6420726776123,1.70204496383667
0.0230599487573216,0,"rate_effect","Vip","wisp",174,0.0330798625946045,427.26707816124,18.6909942626953,1.63834738731384
0.339886077060964,0.473872557748109,"random_effect","replicate1","wisp",174,0.0290913581848145,427.728501081467,29.9143071174622,1.79513120651245
-0.567502066057757,-0.3836984555237,"random_effect","replicate2","wisp",174,0.0293011665344238,426.269878864288,28.6204409599304,1.68565964698792
0.320290804529394,0.389271581778303,"random_effect","replicate3","wisp",174,0.0388209819793701,418.660535097122,32.9334063529968,1.7362232208252
0.195137062530471,0.163341460516676,"random_effect","replicate4","wisp",174,0.0292532444000244,425.60621213913,21.9722917079926,1.68773722648621
1.19061494061494,0,"FSE","Pvalb","wisp",174,0.0324656963348389,443.387887001038,24.3710117340088,1.69161748886108
0,1,"FSE","Slc17a7","wisp",174,0.0302588939666748,439.416900157928,23.9184587001801,1.70590662956238
1.99776223776224,0,"FSE","Tac2","wisp",174,0.0327942371368408,438.957689762115,27.6632163524628,1.71968770027161
1.43927501070358,0,"FSE","Vip","wisp",174,0.0285742282867432,421.09440946579,29.6664223670959,1.71637344360352
0.920890745924615,0,"SVG","Pvalb","ELLA",174,0.0321705341339111,433.779055833817,24.2364208698273,1.66416764259338
0.916098710139742,1,"SVG","Slc17a7","ELLA",174,0.0324299335479736,441.995455741882,30.9328153133392,1.71126890182495
0.951282409540959,0,"SVG","Tac2","ELLA",174,0.029210090637207,439.464953899384,34.3297638893127,1.69986629486084
0.861061596074197,0,"SVG","Vip","ELLA",174,0.0426244735717773,437.597018718719,24.8363919258118,1.68951106071472
-2.0709623317009,0,"rate_effect","Slc17a7","DESeq2",174,0.0324771404266357,425.207281112671,34.9626548290253,1.69158744812012
0.00610200204905193,-0.255796917015687,"rate_effect","Pvalb","DESeq2",174,0.0298991203308105,418.647297859192,25.208455324173,1.70028805732727
0.00290042115105574,0,"rate_effect","Tac2","DESeq2",174,0.0298573970794678,427.855692625046,21.8786227703094,1.69300127029419
0.0303182888331502,0,"rate_effect","Vip","DESeq2",174,0.0312502384185791,432.517842054367,28.3129653930664,1.68675136566162
0,0,"FSE","Slc17a7","DESeq2",174,0.0320358276367188,411.424299955368,27.6908824443817,1.68193197250366
0.856606440659949,1,"FSE","Pvalb","DESeq2",174,0.0310063362121582,427.761325597763,29.3594481945038,1.68344497680664
0.867169560714495,0,"FSE","Tac2","DESeq2",174,0.0334844589233398,428.166197538376,26.1797046661377,1.7228901386261
0.148069099721821,0,"FSE","Vip","DESeq2",174,0.0315742492675781,434.415714979172,25.5722579956055,1.75341796875
-0.0803327110648661,0,"rate_effect","Pvalb","wisp",175,0.0306034088134766,423.648044109344,28.6630384922028,2.33507633209229
0.103401032795885,0,"rate_effect","Slc17a7","wisp",175,0.0319352149963379,457.630842685699,30.2729852199554,1.71965885162354
0.0796369557279429,0,"rate_effect","Tac2","wisp",175,0.0309898853302002,427.793577194214,24.6332676410675,1.78945779800415
-0.0672682639038715,0,"rate_effect","Vip","wisp",175,0.0248186588287354,427.134085416794,20.8497416973114,1.70171666145325
0.469838955577908,0.456486613722518,"random_effect","replicate1","wisp",175,0.0303020477294922,449.407165288925,26.851879119873,1.69535422325134
0.196491078640295,-0.113730292068794,"random_effect","replicate2","wisp",175,0.0301089286804199,428.247339248657,29.8079919815063,1.66396045684814
-0.424436951619454,-0.396712129469961,"random_effect","replicate3","wisp",175,0.0322089195251465,408.884809732437,26.4115223884583,1.72398972511292
-0.340716517469729,-0.356896281940863,"random_effect","replicate4","wisp",175,0.0315802097320557,422.765319108963,25.9771552085876,1.73013639450073
1.74566666666667,0,"FSE","Pvalb","wisp",175,0.0289065837860107,439.160111427307,22.1827802658081,1.76004147529602
1.79955555555556,0,"FSE","Slc17a7","wisp",175,0.0298852920532227,427.017245531082,28.7798230648041,1.70368719100952
0.84756,0,"FSE","Tac2","wisp",175,0.0346510410308838,423.745444536209,30.480721950531,1.68005108833313
0.421555555555556,0,"FSE","Vip","wisp",175,0.0336208343505859,457.350196123123,29.9804899692535,1.70068073272705
0.849801597160651,1,"SVG","Pvalb","ELLA",175,0.0338809490203857,436.45938372612,22.8680624961853,1.66281175613403
0.976552713210376,1,"SVG","Slc17a7","ELLA",175,0.034174919128418,440.511873960495,28.8962671756744,1.64716815948486
0.942333637344207,1,"SVG","Tac2","ELLA",175,0.0303421020507812,427.628512382507,22.2104892730713,1.71368527412415
2.2000168991565e-06,1,"SVG","Vip","ELLA",175,0.0332088470458984,344.416242599487,30.4543399810791,1.69739413261414
-3.92904010575685e-05,0,"rate_effect","Slc17a7","DESeq2",175,0.0305843353271484,431.98536658287,24.406289100647,1.68058586120605
-0.00016327949113957,0,"rate_effect","Pvalb","DESeq2",175,0.0328588485717773,449.26571059227,33.3354132175446,1.73019027709961
-9.08316293743199e-06,0,"rate_effect","Tac2","DESeq2",175,0.0297694206237793,439.159985542297,26.3205349445343,1.71449494361877
-1.83736331393159e-05,0,"rate_effect","Vip","DESeq2",175,0.0305607318878174,428.652082204819,30.6755955219269,1.88950419425964
0.711014874498702,0,"FSE","Slc17a7","DESeq2",175,0.0316033363342285,445.094449043274,42.2195236682892,1.67439436912537
0.742704482832739,0,"FSE","Pvalb","DESeq2",175,0.0265688896179199,435.233200311661,26.1416709423065,1.71018147468567
0.711014874498702,0,"FSE","Tac2","DESeq2",175,0.0327644348144531,439.456162452698,26.0999274253845,1.78638219833374
0.742704482832739,0,"FSE","Vip","DESeq2",175,0.0307676792144775,437.681057214737,27.9302146434784,1.65710139274597
-0.00854279429452168,0,"rate_effect","Pvalb","wisp",176,0.0290651321411133,427.405111312866,22.3053696155548,1.72048687934875
-0.00010770983841213,0,"rate_effect","Slc17a7","wisp",176,0.0320477485656738,433.640318632126,29.350049495697,1.72802352905273
0.929687244068387,0.417555858381093,"rate_effect","Tac2","wisp",176,0.0298590660095215,448.810079097748,25.333607673645,1.71256875991821
0.590185862711199,0.251432290999219,"rate_effect","Vip","wisp",176,0.0316283702850342,455.552742004395,29.5427038669586,1.7094087600708
-0.44764512369665,-0.386325123021379,"random_effect","replicate1","wisp",176,0.0333898067474365,440.108868360519,23.9051141738892,1.67539310455322
-0.11117396914116,-0.212634353898466,"random_effect","replicate2","wisp",176,0.0299966335296631,419.217404127121,32.1976454257965,1.70710897445679
-0.232765076849891,-0.268232982140034,"random_effect","replicate3","wisp",176,0.0458025932312012,433.931190729141,28.3724331855774,1.67933249473572
0.463463729841926,0.498165747849271,"random_effect","replicate4","wisp",176,0.0300023555755615,429.552792310715,29.0982015132904,1.65337753295898
1.32467906517446,0,"FSE","Pvalb","wisp",176,0.0322961807250977,435.765223503113,31.6087048053741,1.71501207351685
1.17002688172043,0,"FSE","Slc17a7","wisp",176,0.0341274738311768,417.889683008194,28.9951059818268,1.70399403572083
0,1,"FSE","Tac2","wisp",176,0.0294394493103027,453.733312368393,25.2916481494904,1.77246928215027
0.0500112007168459,1,"FSE","Vip","wisp",176,0.0308578014373779,468.61527967453,25.4667437076569,1.71070170402527
0.810218655400686,0,"SVG","Pvalb","ELLA",176,0.820080041885376,436.097178220749,26.8479788303375,1.66347169876099
0.908461999341546,0,"SVG","Slc17a7","ELLA",176,0.0320253372192383,431.81830573082,30.8184201717377,1.66999959945679
0.849214378360387,1,"SVG","Tac2","ELLA",176,0.0323450565338135,407.469310998917,23.6902546882629,1.6712794303894
1.10000773329011e-06,1,"SVG","Vip","ELLA",176,0.0303232669830322,458.878425359726,29.6515972614288,1.6605019569397
-0.567221343657205,0,"rate_effect","Slc17a7","DESeq2",176,0.0322065353393555,419.259837388992,28.8181869983673,1.6933798789978
-0.586694695165504,0,"rate_effect","Pvalb","DESeq2",176,0.0321733951568604,430.462215185165,29.7094798088074,1.70585680007935
1.16249832763637,0.417555858381093,"rate_effect","Tac2","DESeq2",176,0.0398569107055664,434.449024200439,32.2220323085785,1.69411945343018
0.569750856320634,0.251432290999219,"rate_effect","Vip","DESeq2",176,0.0285923480987549,429.197801351547,26.8881816864014,1.82680439949036
0,0,"FSE","Slc17a7","DESeq2",176,0.0303695201873779,462.501043796539,27.2750470638275,1.7259795665741
0,0,"FSE","Pvalb","DESeq2",176,0.0310995578765869,422.670966625214,21.7350451946259,1.75525784492493
0,1,"FSE","Tac2","DESeq2",176,0.0324530601501465,428.048925638199,30.4400534629822,1.65608763694763
0,1,"FSE","Vip","DESeq2",176,0.80547022819519,440.463515520096,28.439962387085,1.65983462333679
0.01268853962288,0,"rate_effect","Pvalb","wisp",177,0.0333585739135742,445.77917599678,26.5162720680237,1.65799617767334
-0.0110282339744537,0,"rate_effect","Slc17a7","wisp",177,0.834730386734009,404.486200332642,22.7781071662903,1.70609188079834
0.18799391240172,0,"rate_effect","Tac2","wisp",177,0.0285840034484863,414.615249633789,23.4158487319946,1.73908114433289
0.626819426220473,0.281766683794558,"rate_effect","Vip","wisp",177,0.0306859016418457,433.938928842545,33.8327622413635,1.7237377166748
0.345821592511274,0.335290431510657,"random_effect","replicate1","wisp",177,0.0308890342712402,422.670696020126,25.4336326122284,1.66652059555054
-0.435982912482048,-0.328575901454315,"random_effect","replicate2","wisp",177,0.0306036472320557,419.418052911758,25.2467229366302,1.70362830162048
-0.338713751874922,-0.26017087418586,"random_effect","replicate3","wisp",177,0.0317995548248291,461.469823598862,32.3803489208221,1.67511296272278
0.368120365296198,0.458312712609768,"random_effect","replicate4","wisp",177,0.0344686508178711,434.89457821846,27.1384015083313,1.70538330078125
1.15212565212565,0,"FSE","Pvalb","wisp",177,0.0282166004180908,443.423809051514,32.3087086677551,1.67403841018677
1.18643856143856,0,"FSE","Slc17a7","wisp",177,0.0308902263641357,431.944690704346,30.5837070941925,1.7223334312439
0.577089577089577,0,"FSE","Tac2","wisp",177,0.0291938781738281,425.225584983826,23.5495102405548,1.67557716369629
0.18646659462986,1,"FSE","Vip","wisp",177,0.0274803638458252,449.36609172821,29.871399641037,1.7144455909729
0.791327495014499,0,"SVG","Pvalb","ELLA",177,0.0323798656463623,397.502710580826,26.9996373653412,1.68184280395508
0.996537714617817,0,"SVG","Slc17a7","ELLA",177,0.0408256053924561,431.450164318085,30.4177463054657,1.70918226242065
0.860110893708595,1,"SVG","Tac2","ELLA",177,0.0313534736633301,438.536264657974,29.9569611549377,1.84068560600281
7.33337167102555e-07,1,"SVG","Vip","ELLA",177,0.0400087833404541,433.042570114136,30.6304001808167,1.66168165206909
-0.0158564222059659,0,"rate_effect","Slc17a7","DESeq2",177,0.817047119140625,430.118763923645,24.3502914905548,1.6999716758728
-0.00442205937509236,0,"rate_effect","Pvalb","DESeq2",177,0.0297436714172363,437.071761846542,23.595419883728,1.64554500579834
-0.0263086058945874,0,"rate_effect","Tac2","DESeq2",177,0.032271146774292,436.101019144058,24.8949110507965,1.70548939704895
1.31823547104095,0.281766683794558,"rate_effect","Vip","DESeq2",177,0.0315263271331787,432.288017749786,30.956157207489,1.69679665565491
0.184007518430418,0,"FSE","Slc17a7","DESeq2",177,0.0336310863494873,437.491618871689,23.7585678100586,1.71569228172302
0.672185546975642,0,"FSE","Pvalb","DESeq2",177,1.60711026191711,421.640034914017,25.7011733055115,1.6941704750061
0.184007518430418,0,"FSE","Tac2","DESeq2",177,0.0332968235015869,424.412275791168,31.337925195694,1.72009944915771
0,1,"FSE","Vip","DESeq2",177,0.0317978858947754,432.436423778534,26.7529740333557,1.69773530960083
1.15429522470638,0.439317799871787,"rate_effect","Pvalb","wisp",178,0.0310676097869873,423.374612569809,30.5652163028717,1.68888401985168
-1.68560701450082,-0.310818683123216,"rate_effect","Slc17a7","wisp",178,0.0288574695587158,432.843449831009,27.3957550525665,1.6828761100769
1.1421845546474,0.410009522689506,"rate_effect","Tac2","wisp",178,0.0459022521972656,226.993104219437,24.1935837268829,1.51726198196411
1.21006712508279,0.478510104585439,"rate_effect","Vip","wisp",178,0.0322229862213135,331.06693983078,30.7433168888092,1.6044819355011
-0.226951993239099,0.0129364093299955,"random_effect","replicate1","wisp",178,0.0333068370819092,374.853465080261,21.7227132320404,1.55030393600464
0.135689437103437,0.281639585038647,"random_effect","replicate2","wisp",178,0.0307085514068604,384.058814287186,22.0142612457275,1.6028254032135
0.111393573250086,0.272935717366636,"random_effect","replicate3","wisp",178,0.0302438735961914,391.767779111862,25.2758643627167,1.53045392036438
-0.026659617956203,0.223977892892435,"random_effect","replicate4","wisp",178,0.0305290222167969,388.461657047272,23.9431219100952,1.55912685394287
0,1,"FSE","Pvalb","wisp",178,0.0326883792877197,384.937769889832,29.8561155796051,1.56570911407471
0,1,"FSE","Slc17a7","wisp",178,0.026921272277832,389.509970188141,21.9643669128418,1.66833257675171
0.00662333899076871,1,"FSE","Tac2","wisp",178,0.0267267227172852,388.007637023926,30.0672695636749,1.57240080833435
0.0757796653144016,1,"FSE","Vip","wisp",178,0.0300586223602295,418.203063964844,30.2898714542389,1.61718273162842
0.825856021590653,1,"SVG","Pvalb","ELLA",178,0.0290942192077637,406.942582845688,31.5599641799927,1.58856463432312
0.90564005786627,1,"SVG","Slc17a7","ELLA",178,0.0287714004516602,429.646015167236,26.2195875644684,1.60668730735779
0.939911817945046,1,"SVG","Tac2","ELLA",178,0.0317835807800293,341.669018268585,26.9653091430664,1.54579663276672
1.10001661407511e-06,1,"SVG","Vip","ELLA",178,0.0308656692504883,410.980796337128,26.0913398265839,1.58828997612
-4.56349522421913,0.439317799871787,"rate_effect","Slc17a7","DESeq2",178,0.0299198627471924,381.337107896805,27.0866591930389,1.55881309509277
0.0757344247333385,-0.310818683123216,"rate_effect","Pvalb","DESeq2",178,0.0317187309265137,406.580022573471,25.456356048584,2.13756680488586
-0.0752005865976186,0.410009522689506,"rate_effect","Tac2","DESeq2",178,0.0320427417755127,381.373903751373,26.0200519561768,1.62136936187744
0.174080274468209,0.478510104585439,"rate_effect","Vip","DESeq2",178,0.0314962863922119,398.525640964508,30.7137763500214,1.63695192337036
0,1,"FSE","Slc17a7","DESeq2",178,0.0254049301147461,391.480886697769,26.8268549442291,1.66666102409363
1.88734611516373e-21,1,"FSE","Pvalb","DESeq2",178,0.0256845951080322,386.229352712631,22.1226570606232,2.23532843589783
3.54028806639302e-11,1,"FSE","Tac2","DESeq2",178,0.0274255275726318,393.043655633926,26.3135740756989,1.62186360359192
1.11432931257699e-33,1,"FSE","Vip","DESeq2",178,0.0314497947692871,399.737291574478,27.4356372356415,1.54793643951416
-0.011436487585299,0,"rate_effect","Pvalb","wisp",179,0.0278842449188232,407.994123220444,30.0831542015076,1.70397877693176
0.182192398298556,0,"rate_effect","Slc17a7","wisp",179,0.0312459468841553,454.349458694458,27.4588553905487,1.65162825584412
-0.041493002560746,0,"rate_effect","Tac2","wisp",179,0.0302815437316895,416.451984167099,27.4706983566284,1.66848421096802
0.0158725728005351,0,"rate_effect","Vip","wisp",179,0.030287504196167,445.160679101944,26.9797604084015,1.6416482925415
-0.441201309738528,-0.414640815695748,"random_effect","replicate1","wisp",179,0.0270621776580811,418.129014253616,28.2524511814117,1.66839957237244
0.266441719834844,-0.191737561486661,"random_effect","replicate2","wisp",179,0.025137186050415,427.151807546616,30.0656287670135,1.72059488296509
0.456774447220302,0.117128889542073,"random_effect","replicate3","wisp",179,0.0248410701751709,419.83846116066,32.9552249908447,1.71002101898193
-0.319799016698702,-0.358676251024008,"random_effect","replicate4","wisp",179,0.031097412109375,420.148341417313,25.3059678077698,1.70672941207886
1.50485514485514,0,"FSE","Pvalb","wisp",179,0.0304763317108154,422.099095344543,27.7931344509125,1.73184728622437
0.594956064343819,0,"FSE","Slc17a7","wisp",179,0.0281741619110107,436.614368438721,25.8525140285492,1.87365055084229
1.45443445443445,0,"FSE","Tac2","wisp",179,0.031022310256958,431.403715372086,31.1884779930115,1.73899722099304
1.46822621822622,0,"FSE","Vip","wisp",179,0.0317983627319336,446.260487318039,21.985191822052,1.75307321548462
0.834728159871526,0,"SVG","Pvalb","ELLA",179,0.0358791351318359,425.043972253799,28.740198135376,1.71167206764221
0.902983047753362,1,"SVG","Slc17a7","ELLA",179,0.0326249599456787,432.28660774231,34.3577883243561,1.82336187362671
2.18624633674391e-06,1,"SVG","Tac2","ELLA",179,0.025691032409668,413.085528612137,26.3216788768768,1.68938827514648
0.841218038148164,0,"SVG","Vip","ELLA",179,0.0321977138519287,431.868797302246,31.4128401279449,1.72128224372864
5.12269772162337e-05,0,"rate_effect","Slc17a7","DESeq2",179,0.0303294658660889,427.370543956757,21.0685846805573,1.7031238079071
-2.15777292422997e-05,0,"rate_effect","Pvalb","DESeq2",179,0.031196117401123,438.467203855515,26.1320161819458,1.84325361251831
-8.49164322433662e-05,0,"rate_effect","Tac2","DESeq2",179,0.0318443775177002,416.291744470596,28.2499594688416,1.83968019485474
0.000152033789892744,0,"rate_effect","Vip","DESeq2",179,0.0282285213470459,444.577963352203,21.2990975379944,2.37900733947754
0.908415309467919,0,"FSE","Slc17a7","DESeq2",179,0.029576301574707,425.557831048965,32.9004528522491,2.33510065078735
0.908415309467919,0,"FSE","Pvalb","DESeq2",179,0.0261030197143555,454.543220043182,25.3657302856445,1.65312337875366
0.731030556068751,0,"FSE","Tac2","DESeq2",179,0.030604362487793,448.491393089294,27.0592975616455,1.72818160057068
0.908415309467919,0,"FSE","Vip","DESeq2",179,0.0423741340637207,418.818164825439,24.772531747818,1.71317410469055
-0.924307379349316,-0.280943674966693,"rate_effect","Pvalb","wisp",180,0.0336840152740479,421.485532522202,26.0124709606171,1.66458964347839
0.00554953807366103,0,"rate_effect","Slc17a7","wisp",180,0.0301039218902588,419.07643198967,23.9351878166199,1.70808434486389
-0.0300604978785418,0,"rate_effect","Tac2","wisp",180,0.029496431350708,443.56943154335,25.7597060203552,1.6528697013855
0.160635424904389,0,"rate_effect","Vip","wisp",180,0.0322501659393311,423.658175468445,25.207447052002,1.70782256126404
-0.370065741013706,-0.45957915042527,"random_effect","replicate1","wisp",180,0.0313875675201416,427.1850502491,25.8664109706879,2.41867923736572
-0.451789898311063,-0.474131589522585,"random_effect","replicate2","wisp",180,0.0261313915252686,428.541162490845,22.9495022296906,1.70014810562134
-0.103191267449846,-0.412948844023049,"random_effect","replicate3","wisp",180,0.816929817199707,433.676968336105,31.5241286754608,2.48922324180603
0.613261307901472,0.209090561140329,"random_effect","replicate4","wisp",180,0.0293712615966797,430.996541023254,24.3395192623138,1.70786213874817
0,1,"FSE","Pvalb","wisp",180,0.0294525623321533,435.360939741135,24.5862038135529,1.74760770797729
0.6185,0,"FSE","Slc17a7","wisp",180,0.0314376354217529,431.56404876709,26.8166272640228,1.69978642463684
1.39233333333333,0,"FSE","Tac2","wisp",180,0.0298619270324707,443.675142288208,30.911069393158,1.68198251724243
0.81136,0,"FSE","Vip","wisp",180,0.0369207859039307,443.817051887512,31.6257169246674,1.67301535606384
0.870953074900277,1,"SVG","Pvalb","ELLA",180,0.0287370681762695,425.840946435928,20.6871118545532,1.69628477096558
0.970681871421684,0,"SVG","Slc17a7","ELLA",180,0.816901922225952,418.899758338928,25.4150378704071,1.71676182746887
0.933138261776457,1,"SVG","Tac2","ELLA",180,0.0307743549346924,427.506590843201,28.1352660655975,1.71242094039917
0.951623463244763,1,"SVG","Vip","ELLA",180,0.0329976081848145,430.744173049927,26.0876758098602,1.68078994750977
0.0201303121494271,-0.280943674966693,"rate_effect","Slc17a7","DESeq2",180,0.0331697463989258,343.210713863373,25.4671909809113,1.68777298927307
-2.38785674772131,0,"rate_effect","Pvalb","DESeq2",180,0.0300967693328857,440.774281978607,23.2325868606567,2.37251234054565
0.0348205914198985,0,"rate_effect","Tac2","DESeq2",180,0.812228679656982,421.734682798386,24.0035390853882,1.67496418952942
0.0263605185202594,0,"rate_effect","Vip","DESeq2",180,0.0344059467315674,414.342206716537,31.1541674137115,1.68140697479248
0.46031915665121,1,"FSE","Slc17a7","DESeq2",180,0.0330021381378174,437.451224327087,29.745246887207,1.75335311889648
0,0,"FSE","Pvalb","DESeq2",180,0.0306010246276855,442.808385372162,28.5078384876251,1.74131655693054
0.46031915665121,0,"FSE","Tac2","DESeq2",180,0.0322425365447998,418.705527305603,32.1499083042145,1.71031928062439
0.46031915665121,0,"FSE","Vip","DESeq2",180,0.02848219871521,418.45457649231,31.55730676651,1.6748194694519
0.0176389881321884,0,"rate_effect","Pvalb","wisp",181,0.0327200889587402,418.613175630569,21.0245373249054,2.49808239936829
-0.179830350072509,0,"rate_effect","Slc17a7","wisp",181,0.0323636531829834,451.664989948273,26.4137582778931,1.71981382369995
-0.0241912982426388,0,"rate_effect","Tac2","wisp",181,0.0289516448974609,431.30482840538,26.2738811969757,1.79348587989807
-1.17823467819314,-0.293366089230403,"rate_effect","Vip","wisp",181,0.0340394973754883,424.700837850571,28.7098228931427,1.66401886940002
-0.217944742570718,-0.201564688235521,"random_effect","replicate1","wisp",181,0.0275821685791016,425.654767751694,28.4632177352905,1.66555500030518
0.388007123103419,0.409119656309485,"random_effect","replicate2","wisp",181,0.0329325199127197,423.197243452072,33.9429748058319,1.6831533908844
-0.233022687562198,-0.199226426891983,"random_effect","replicate3","wisp",181,0.0311880111694336,434.951207876205,25.2036564350128,1.74011588096619
-0.246657008330878,-0.0846564972307533,"random_effect","replicate4","wisp",181,0.0296409130096436,440.225367546082,27.4221527576447,1.70881175994873
1.40200859166376,0,"FSE","Pvalb","wisp",181,0.817978858947754,426.278552532196,33.1131513118744,1.70468354225159
1.02808254963427,0,"FSE","Slc17a7","wisp",181,0.0321147441864014,422.636915206909,29.2182486057281,1.70727491378784
1.52803901079763,0,"FSE","Tac2","wisp",181,0.0328273773193359,447.521906852722,29.8023293018341,1.68975639343262
0.00196447230929984,1,"FSE","Vip","wisp",181,0.0354571342468262,452.610210418701,26.6774995326996,1.70772361755371
0.850490815602403,0,"SVG","Pvalb","ELLA",181,0.0321264266967773,433.965416669846,32.878084897995,1.7208776473999
0.800781798485984,1,"SVG","Slc17a7","ELLA",181,0.0312814712524414,422.190920829773,24.4393150806427,1.70067930221558
0.846283950430536,0,"SVG","Tac2","ELLA",181,0.0330197811126709,418.523633003235,25.5854187011719,1.69677972793579
3.66667705753443e-07,1,"SVG","Vip","ELLA",181,0.034435510635376,420.346521377563,26.4988250732422,1.68244385719299
0.00648508827131464,0,"rate_effect","Slc17a7","DESeq2",181,0.0320837497711182,450.666950464249,31.1645810604095,1.67498111724854
0.0218772684961789,0,"rate_effect","Pvalb","DESeq2",181,0.0363020896911621,457.17814874649,21.4324703216553,1.71121692657471
0.007696174761471,0,"rate_effect","Tac2","DESeq2",181,0.029810905456543,428.343622922897,28.0981600284576,1.70960855484009
-2.54944643422091,-0.293366089230403,"rate_effect","Vip","DESeq2",181,0.0300595760345459,430.763073682785,25.8358247280121,1.69846940040588
0.382128951723528,0,"FSE","Slc17a7","DESeq2",181,0.0283267498016357,397.332173585892,18.7034997940063,1.69594931602478
0.0866630394592041,0,"FSE","Pvalb","DESeq2",181,0.0276176929473877,442.712224245071,28.8775310516357,1.6610062122345
0.651402428372718,0,"FSE","Tac2","DESeq2",181,0.0308253765106201,427.544069766998,28.7976498603821,1.63383769989014
0,1,"FSE","Vip","DESeq2",181,0.809355020523071,410.579885721207,29.0670175552368,1.86269569396973
0.00254261909839546,0,"rate_effect","Pvalb","wisp",182,0.0337629318237305,423.401099443436,29.6546030044556,1.68249821662903
-0.00284000062119096,0,"rate_effect","Slc17a7","wisp",182,0.0272953510284424,422.697418212891,28.5365047454834,1.725830078125
-0.0761565166833019,0,"rate_effect","Tac2","wisp",182,0.029818058013916,439.7497215271,28.5780348777771,1.66135263442993
-0.0157185400901377,0,"rate_effect","Vip","wisp",182,0.0316903591156006,433.967046022415,28.9943070411682,1.69037532806396
0.0620346736131924,-0.046856424305588,"random_effect","replicate1","wisp",182,0.0298211574554443,431.580412626266,25.7868802547455,1.6839165687561
-0.434914411972385,-0.336360993329436,"random_effect","replicate2","wisp",182,0.030144214630127,421.375997781754,24.3016586303711,1.71349835395813
0.357806226771875,0.368005038471892,"random_effect","replicate3","wisp",182,0.807829141616821,465.29434800148,29.0233175754547,1.72194504737854
0.0908317257793487,-0.0485664431471378,"random_effect","replicate4","wisp",182,0.0383744239807129,429.53732085228,28.4468386173248,1.68207979202271
2.1357042957043,0,"FSE","Pvalb","wisp",182,0.0290732383728027,429.263690233231,27.6097779273987,1.72484445571899
2.30463286713287,0,"FSE","Slc17a7","wisp",182,0.0312666893005371,437.413307189941,27.8502190113068,1.60901474952698
0.912414116495749,0,"FSE","Tac2","wisp",182,0.805010795593262,426.455203294754,26.4656774997711,1.70355725288391
1.3165202144794,0,"FSE","Vip","wisp",182,0.0289487838745117,436.127036333084,28.2870264053345,1.67139077186584
0.903465023307612,0,"SVG","Pvalb","ELLA",182,0.03226637840271,420.098921537399,31.8938703536987,1.69554042816162
0.79974001231991,0,"SVG","Slc17a7","ELLA",182,0.032975435256958,438.165823221207,30.2825698852539,1.69946098327637
1.10000779762753e-06,1,"SVG","Tac2","ELLA",182,0.0294399261474609,422.019849300385,30.9425678253174,1.66973900794983
0.986014341766323,0,"SVG","Vip","ELLA",182,0.0314321517944336,431.475331306458,22.7149419784546,1.67200517654419
-0.000422029858769703,0,"rate_effect","Slc17a7","DESeq2",182,0.0310087203979492,456.257085084915,32.455356836319,1.71188235282898
5.23429590397906e-05,0,"rate_effect","Pvalb","DESeq2",182,0.0314266681671143,415.877539396286,24.0265824794769,1.67043447494507
5.9942804373182e-05,0,"rate_effect","Tac2","DESeq2",182,0.0294971466064453,416.692481517792,28.3475487232208,1.67638111114502
-8.81588129915452e-05,0,"rate_effect","Vip","DESeq2",182,0.0342004299163818,336.719402313232,26.6872763633728,1.68443870544434
0.810383632370152,0,"FSE","Slc17a7","DESeq2",182,0.0316140651702881,440.845675230026,27.6376297473907,1.67763209342957
0.810383632370152,0,"FSE","Pvalb","DESeq2",182,0.0327372550964355,439.942652225494,29.3641135692596,1.70473194122314
0.810383632370152,0,"FSE","Tac2","DESeq2",182,0.0318393707275391,427.237243175507,26.6134941577911,1.71749186515808
0.810383632370152,0,"FSE","Vip","DESeq2",182,0.0313699245452881,439.644544839859,28.5925753116608,1.69865012168884
0.133193231401446,0.0602592132054269,"rate_effect","Pvalb","wisp",183,0.0302164554595947,430.495224475861,30.2653694152832,1.85662579536438
-0.0915302641334863,-0.0126602827595518,"rate_effect","Slc17a7","wisp",183,0.0278749465942383,433.838924407959,19.8628737926483,1.78214120864868
-0.0430219487783173,0,"rate_effect","Tac2","wisp",183,0.0278384685516357,430.360751152039,22.3971903324127,1.76852321624756
0.00702964894572909,0,"rate_effect","Vip","wisp",183,0.0297048091888428,444.295955896378,24.0693807601929,1.65312027931213
-0.290269057436833,-0.20226270868443,"random_effect","replicate1","wisp",183,0.0325343608856201,439.585692644119,22.7576236724854,1.69080781936646
0.0812223847554018,-8.43964517116547e-05,"random_effect","replicate2","wisp",183,0.0392982959747314,440.06645655632,24.0361716747284,1.71503973007202
-0.212458666127859,-0.120955830439925,"random_effect","replicate3","wisp",183,0.029843807220459,437.265570402145,32.5572719573975,1.693115234375
0.331186435762066,0.358172451611608,"random_effect","replicate4","wisp",183,0.0291032791137695,439.432435512543,28.7472431659698,1.66761207580566
0.449270729270729,1,"FSE","Pvalb","wisp",183,0.0333409309387207,453.339238643646,31.4272742271423,1.68288779258728
1.57553557553558,1,"FSE","Slc17a7","wisp",183,0.0347957611083984,417.253128051758,31.6567099094391,1.64820694923401
0.838827838827839,0,"FSE","Tac2","wisp",183,0.0314128398895264,437.256318807602,26.5088288784027,1.63021802902222
0.6798001998002,0,"FSE","Vip","wisp",183,0.0340812206268311,430.002932310104,29.5874364376068,1.69731545448303
0.931910719578229,1,"SVG","Pvalb","ELLA",183,0.0293447971343994,435.143224954605,28.5866005420685,1.70678520202637
0.984747853747219,1,"SVG","Slc17a7","ELLA",183,0.0311143398284912,445.551970005035,28.4414129257202,1.71600365638733
0.779627256935594,0,"SVG","Tac2","ELLA",183,0.0289325714111328,403.162273168564,26.9035997390747,1.71544790267944
0.85969525448359,0,"SVG","Vip","ELLA",183,0.0286831855773926,430.203703165054,26.6837778091431,1.66840791702271
-0.0765968226174424,0.0602592132054269,"rate_effect","Slc17a7","DESeq2",183,1.57948327064514,437.185100317001,27.2536680698395,1.667564868927
0.299788285484211,-0.0126602827595518,"rate_effect","Pvalb","DESeq2",183,0.034404993057251,445.910422801971,27.2072422504425,1.68012309074402
0.0097056556239625,0,"rate_effect","Tac2","DESeq2",183,0.0283098220825195,453.391103506088,26.5794351100922,1.68018746376038
-0.00954483985684909,0,"rate_effect","Vip","DESeq2",183,0.801506280899048,419.876414775848,24.7873849868774,1.75839638710022
1.06461026120887e-32,1,"FSE","Slc17a7","DESeq2",183,0.0307512283325195,428.397931814194,25.2241079807281,1.7059383392334
2.35275304159666e-185,1,"FSE","Pvalb","DESeq2",183,0.0340209007263184,436.847017526627,28.057745218277,1.85157752037048
0.526531040775469,0,"FSE","Tac2","DESeq2",183,0.0325219631195068,418.58698797226,21.6276752948761,1.68365335464478
0.526531040775469,0,"FSE","Vip","DESeq2",183,0.029606819152832,451.323617219925,28.6904950141907,1.68021440505981
0.0133979497337831,0,"rate_effect","Pvalb","wisp",184,0.0282809734344482,451.912832021713,22.7493710517883,1.72066164016724
-0.0335538878623516,0,"rate_effect","Slc17a7","wisp",184,0.801509857177734,422.313986063004,26.464081287384,1.70801472663879
-2.06055603427949,-0.399340159259737,"rate_effect","Tac2","wisp",184,0.035719633102417,420.760576486588,28.6639797687531,1.73553800582886
0.914767160327015,0.472298509208485,"rate_effect","Vip","wisp",184,0.0332770347595215,423.522397279739,32.0795929431915,1.68319892883301
-0.189537968067959,-0.166139029199257,"random_effect","replicate1","wisp",184,0.0316963195800781,452.135765552521,27.33478307724,1.69501924514771
0.348005220419805,0.289184750057757,"random_effect","replicate2","wisp",184,0.0274889469146729,429.882750511169,29.0840692520142,2.21656131744385
-0.234138863652253,-0.197530630743131,"random_effect","replicate3","wisp",184,0.0337462425231934,456.47945690155,29.6877138614655,1.71448874473572
-0.063385760743607,-0.116741276578978,"random_effect","replicate4","wisp",184,0.0293803215026855,422.508548974991,28.0290486812592,1.72083115577698
0.913530913530913,0,"FSE","Pvalb","wisp",184,0.0302333831787109,425.557153701782,25.630185842514,1.71045875549316
0.832616363228608,0,"FSE","Slc17a7","wisp",184,0.0314383506774902,456.831465482712,28.0305428504944,1.73749208450317
0,1,"FSE","Tac2","wisp",184,0.0300333499908447,420.228207826614,25.318615436554,1.76744961738586
0,1,"FSE","Vip","wisp",184,0.029646635055542,425.508758306503,32.9703578948975,1.67997980117798
0.815575039719265,0,"SVG","Pvalb","ELLA",184,0.795555591583252,424.274295568466,28.6420726776123,1.70204496383667
0.945367797610191,0,"SVG","Slc17a7","ELLA",184,0.0330798625946045,427.26707816124,18.6909942626953,1.63834738731384
0.934950169033981,1,"SVG","Tac2","ELLA",184,0.0290913581848145,427.728501081467,29.9143071174622,1.79513120651245
7.33337432057279e-07,1,"SVG","Vip","ELLA",184,0.0293011665344238,426.269878864288,28.6204409599304,1.68565964698792
-0.00820061382807675,0,"rate_effect","Slc17a7","DESeq2",184,0.0388209819793701,418.660535097122,32.9334063529968,1.7362232208252
0.00735710977363352,0,"rate_effect","Pvalb","DESeq2",184,0.0292532444000244,425.60621213913,21.9722917079926,1.68773722648621
-4.74312976924802,-0.399340159259737,"rate_effect","Tac2","DESeq2",184,0.0324656963348389,443.387887001038,24.3710117340088,1.69161748886108
1.91250903757792,0.472298509208485,"rate_effect","Vip","DESeq2",184,0.0302588939666748,439.416900157928,23.9184587001801,1.70590662956238
0.15102005233315,0,"FSE","Slc17a7","DESeq2",184,0.0327942371368408,438.957689762115,27.6632163524628,1.71968770027161
0.470234399745893,0,"FSE","Pvalb","DESeq2",184,0.0285742282867432,421.09440946579,29.6664223670959,1.71637344360352
0,1,"FSE","Tac2","DESeq2",184,0.0321705341339111,433.779055833817,24.2364208698273,1.66416764259338
0,1,"FSE","Vip","DESeq2",184,0.0324299335479736,441.995455741882,30.9328153133392,1.71126890182495
0.0084839290071016,0,"rate_effect","Pvalb","wisp",185,0.029210090637207,439.464953899384,34.3297638893127,1.69986629486084
-0.0173198523596053,0,"rate_effect","Slc17a7","wisp",185,0.0426244735717773,437.597018718719,24.8363919258118,1.68951106071472
-0.0264294723763765,0,"rate_effect","Tac2","wisp",185,0.0324771404266357,425.207281112671,34.9626548290253,1.69158744812012
0.161993165262828,0,"rate_effect","Vip","wisp",185,0.0298991203308105,418.647297859192,25.208455324173,1.70028805732727
-0.172859062635242,-0.329673840431497,"random_effect","replicate1","wisp",185,0.0298573970794678,427.855692625046,21.8786227703094,1.69300127029419
-0.278498297559409,-0.366716539487243,"random_effect","replicate2","wisp",185,0.0312502384185791,432.517842054367,28.3129653930664,1.68675136566162
-0.487789384578976,-0.438575063832104,"random_effect","replicate3","wisp",185,0.0320358276367188,411.424299955368,27.6908824443817,1.68193197250366
0.560984395021464,0.390576710458845,"random_effect","replicate4","wisp",185,0.0310063362121582,427.761325597763,29.3594481945038,1.68344497680664
1.61262737262737,0,"FSE","Pvalb","wisp",185,0.0334844589233398,428.166197538376,26.1797046661377,1.7228901386261
1.55613830613831,0,"FSE","Slc17a7","wisp",185,0.0315742492675781,434.415714979172,25.5722579956055,1.75341796875
1.22039185304491,0,"FSE","Tac2","wisp",185,0.0306034088134766,423.648044109344,28.6630384922028,2.33507633209229
0.176945503476116,0,"FSE","Vip","wisp",185,0.0319352149963379,457.630842685699,30.2729852199554,1.71965885162354
0.945828732252375,0,"SVG","Pvalb","ELLA",185,0.0309898853302002,427.793577194214,24.6332676410675,1.78945779800415
0.90397496968274,0,"SVG","Slc17a7","ELLA",185,0.0248186588287354,427.134085416794,20.8497416973114,1.70171666145325
0.922560245191093,0,"SVG","Tac2","ELLA",185,0.0303020477294922,449.407165288925,26.851879119873,1.69535422325134
4.40006453050756e-07,1,"SVG","Vip","ELLA",185,0.0301089286804199,428.247339248657,29.8079919815063,1.66396045684814
8.8110637842286e-05,0,"rate_effect","Slc17a7","DESeq2",185,0.0322089195251465,408.884809732437,26.4115223884583,1.72398972511292
1.71082494550868e-05,0,"rate_effect","Pvalb","DESeq2",185,0.0315802097320557,422.765319108963,25.9771552085876,1.73013639450073
1.98571826850524e-05,0,"rate_effect","Tac2","DESeq2",185,0.0289065837860107,439.160111427307,22.1827802658081,1.76004147529602
-5.75761416721769e-05,0,"rate_effect","Vip","DESeq2",185,0.0298852920532227,427.017245531082,28.7798230648041,1.70368719100952
0.460333278881619,0,"FSE","Slc17a7","DESeq2",185,0.0346510410308838,423.745444536209,30.480721950531,1.68005108833313
0.460333278881619,0,"FSE","Pvalb","DESeq2",185,0.0336208343505859,457.350196123123,29.9804899692535,1.70068073272705
0.825186729855492,0,"FSE","Tac2","DESeq2",185,0.0338809490203857,436.45938372612,22.8680624961853,1.66281175613403
0.460333278881619,0,"FSE","Vip","DESeq2",185,0.034174919128418,440.511873960495,28.8962671756744,1.64716815948486
0.0387495101520251,0,"rate_effect","Pvalb","wisp",186,0.0303421020507812,427.628512382507,22.2104892730713,1.71368527412415
-0.627199019109001,-0.164701350498945,"rate_effect","Slc17a7","wisp",186,0.0332088470458984,344.416242599487,30.4543399810791,1.69739413261414
0.318028286388602,0.140252526849508,"rate_effect","Tac2","wisp",186,0.0305843353271484,431.98536658287,24.406289100647,1.68058586120605
-0.0338826725872315,0,"rate_effect","Vip","wisp",186,0.0328588485717773,449.26571059227,33.3354132175446,1.73019027709961
-0.181542914888617,-0.0410524695180357,"random_effect","replicate1","wisp",186,0.0297694206237793,439.159985542297,26.3205349445343,1.71449494361877
-0.336500677396912,-0.171835230197757,"random_effect","replicate2","wisp",186,0.0305607318878174,428.652082204819,30.6755955219269,1.88950419425964
0.198261935670304,0.326996949035674,"random_effect","replicate3","wisp",186,0.0316033363342285,445.094449043274,42.2195236682892,1.67439436912537
0.253855508290687,0.312666960759088,"random_effect","replicate4","wisp",186,0.0265688896179199,435.233200311661,26.1416709423065,1.71018147468567
0.798481518481518,0,"FSE","Pvalb","wisp",186,0.0327644348144531,439.456162452698,26.0999274253845,1.78638219833374
0.0899100899100898,1,"FSE","Slc17a7","wisp",186,0.0307676792144775,437.681057214737,27.9302146434784,1.65710139274597
0.225024975024975,1,"FSE","Tac2","wisp",186,0.0290651321411133,427.405111312866,22.3053696155548,1.72048687934875
0.731988011988012,0,"FSE","Vip","wisp",186,0.0320477485656738,433.640318632126,29.350049495697,1.72802352905273
0.953320856728804,0,"SVG","Pvalb","ELLA",186,0.0298590660095215,448.810079097748,25.333607673645,1.71256875991821
0.900668616929201,1,"SVG","Slc17a7","ELLA",186,0.0316283702850342,455.552742004395,29.5427038669586,1.7094087600708
0.966712818847198,1,"SVG","Tac2","ELLA",186,0.0333898067474365,440.108868360519,23.9051141738892,1.67539310455322
0.878113944726722,0,"SVG","Vip","ELLA",186,0.0299966335296631,419.217404127121,32.1976454257965,1.70710897445679
-1.17228657691529,0,"rate_effect","Slc17a7","DESeq2",186,0.0458025932312012,433.931190729141,28.3724331855774,1.67933249473572
-0.00336172618518695,-0.164701350498945,"rate_effect","Pvalb","DESeq2",186,0.0300023555755615,429.552792310715,29.0982015132904,1.65337753295898
0.716096824237917,0.140252526849508,"rate_effect","Tac2","DESeq2",186,0.0322961807250977,435.765223503113,31.6087048053741,1.71501207351685
0.00330311382663329,0,"rate_effect","Vip","DESeq2",186,0.0341274738311768,417.889683008194,28.9951059818268,1.70399403572083
0,0,"FSE","Slc17a7","DESeq2",186,0.0294394493103027,453.733312368393,25.2916481494904,1.77246928215027
0.812343890532906,1,"FSE","Pvalb","DESeq2",186,0.0308578014373779,468.61527967453,25.4667437076569,1.71070170402527
0,1,"FSE","Tac2","DESeq2",186,0.820080041885376,436.097178220749,26.8479788303375,1.66347169876099
0.812343890532906,0,"FSE","Vip","DESeq2",186,0.0320253372192383,431.81830573082,30.8184201717377,1.66999959945679
0.106739563523413,0,"rate_effect","Pvalb","wisp",187,0.0323450565338135,407.469310998917,23.6902546882629,1.6712794303894
-6.1566207259995,-0.497584377415478,"rate_effect","Slc17a7","wisp",187,0.0303232669830322,458.878425359726,29.6515972614288,1.6605019569397
0.249501011550269,0,"rate_effect","Tac2","wisp",187,0.0322065353393555,419.259837388992,28.8181869983673,1.6933798789978
0.557822599409211,0,"rate_effect","Vip","wisp",187,0.0321733951568604,430.462215185165,29.7094798088074,1.70585680007935
-0.771673716795457,-0.492163013666868,"random_effect","replicate1","wisp",187,0.0398569107055664,434.449024200439,32.2220323085785,1.69411945343018
0.0315222137308276,-0.218451638240367,"random_effect","replicate2","wisp",187,0.0285923480987549,429.197801351547,26.8881816864014,1.82680439949036
0.482044679006707,0.463449209230021,"random_effect","replicate3","wisp",187,0.0303695201873779,462.501043796539,27.2750470638275,1.7259795665741
0.491621045740317,0.467349664540961,"random_effect","replicate4","wisp",187,0.0310995578765869,422.670966625214,21.7350451946259,1.75525784492493
0.669580419580419,0,"FSE","Pvalb","wisp",187,0.0324530601501465,428.048925638199,30.4400534629822,1.65608763694763
0,1,"FSE","Slc17a7","wisp",187,0.80547022819519,440.463515520096,28.439962387085,1.65983462333679
0.37524975024975,0,"FSE","Tac2","wisp",187,0.0333585739135742,445.77917599678,26.5162720680237,1.65799617767334
0.0824775224775226,0,"FSE","Vip","wisp",187,0.834730386734009,404.486200332642,22.7781071662903,1.70609188079834
0.932745952960343,1,"SVG","Pvalb","ELLA",187,0.0285840034484863,414.615249633789,23.4158487319946,1.73908114433289
0.854777796925836,1,"SVG","Slc17a7","ELLA",187,0.0306859016418457,433.938928842545,33.8327622413635,1.7237377166748
0.835638457755898,1,"SVG","Tac2","ELLA",187,0.0308890342712402,422.670696020126,25.4336326122284,1.66652059555054
2.20002850481738e-06,1,"SVG","Vip","ELLA",187,0.0306036472320557,419.418052911758,25.2467229366302,1.70362830162048
-15.3306357822857,0,"rate_effect","Slc17a7","DESeq2",187,0.0317995548248291,461.469823598862,32.3803489208221,1.67511296272278
0.00669219972847341,-0.497584377415478,"rate_effect","Pvalb","DESeq2",187,0.0344686508178711,434.89457821846,27.1384015083313,1.70538330078125
-0.0166990171577948,0,"rate_effect","Tac2","DESeq2",187,0.0282166004180908,443.423809051514,32.3087086677551,1.67403841018677
-0.000970820864485922,0,"rate_effect","Vip","DESeq2",187,0.0308902263641357,431.944690704346,30.5837070941925,1.7223334312439
0,0,"FSE","Slc17a7","DESeq2",187,0.0291938781738281,425.225584983826,23.5495102405548,1.67557716369629
0.927994617314894,1,"FSE","Pvalb","DESeq2",187,0.0274803638458252,449.36609172821,29.871399641037,1.7144455909729
0.790142923407559,0,"FSE","Tac2","DESeq2",187,0.0323798656463623,397.502710580826,26.9996373653412,1.68184280395508
0.948746537083686,0,"FSE","Vip","DESeq2",187,0.0408256053924561,431.450164318085,30.4177463054657,1.70918226242065
-0.00896884113598207,0,"rate_effect","Pvalb","wisp",188,0.0313534736633301,438.536264657974,29.9569611549377,1.84068560600281
0.110653750593279,0,"rate_effect","Slc17a7","wisp",188,0.0400087833404541,433.042570114136,30.6304001808167,1.66168165206909
-0.591107642632595,0,"rate_effect","Tac2","wisp",188,0.817047119140625,430.118763923645,24.3502914905548,1.6999716758728
-0.0333713989898976,0,"rate_effect","Vip","wisp",188,0.0297436714172363,437.071761846542,23.595419883728,1.64554500579834
-0.213840616586112,0.0967862750403583,"random_effect","replicate1","wisp",188,0.032271146774292,436.101019144058,24.8949110507965,1.70548939704895
0.0631061051117777,0.254286011913791,"random_effect","replicate2","wisp",188,0.0315263271331787,432.288017749786,30.956157207489,1.69679665565491
0.196633561591896,0.456220091087744,"random_effect","replicate3","wisp",188,0.0336310863494873,437.491618871689,23.7585678100586,1.71569228172302
-0.116749495579317,0.197037342470139,"random_effect","replicate4","wisp",188,1.60711026191711,421.640034914017,25.7011733055115,1.6941704750061
0.855789704408818,0,"FSE","Pvalb","wisp",188,0.0332968235015869,424.412275791168,31.337925195694,1.72009944915771
1.27642785571142,0,"FSE","Slc17a7","wisp",188,0.0317978858947754,432.436423778534,26.7529740333557,1.69773530960083
0.376690881763527,0,"FSE","Tac2","wisp",188,0.0310676097869873,423.374612569809,30.5652163028717,1.68888401985168
0.606259393787575,0,"FSE","Vip","wisp",188,0.0288574695587158,432.843449831009,27.3957550525665,1.6828761100769
0.907513366368495,0,"SVG","Pvalb","ELLA",188,0.0459022521972656,226.993104219437,24.1935837268829,1.51726198196411
0.862960107392693,1,"SVG","Slc17a7","ELLA",188,0.0322229862213135,331.06693983078,30.7433168888092,1.6044819355011
1.1000080324397e-06,1,"SVG","Tac2","ELLA",188,0.0333068370819092,374.853465080261,21.7227132320404,1.55030393600464
0.920945553723109,0,"SVG","Vip","ELLA",188,0.0307085514068604,384.058814287186,22.0142612457275,1.6028254032135
0.00161361016434014,0,"rate_effect","Slc17a7","DESeq2",188,0.0302438735961914,391.767779111862,25.2758643627167,1.53045392036438
-0.000165248012759663,0,"rate_effect","Pvalb","DESeq2",188,0.0305290222167969,388.461657047272,23.9431219100952,1.55912685394287
0.000519470073384982,0,"rate_effect","Tac2","DESeq2",188,0.0326883792877197,384.937769889832,29.8561155796051,1.56570911407471
-0.000156305794857838,0,"rate_effect","Vip","DESeq2",188,0.026921272277832,389.509970188141,21.9643669128418,1.66833257675171
0.955966105622977,0,"FSE","Slc17a7","DESeq2",188,0.0267267227172852,388.007637023926,30.0672695636749,1.57240080833435
0.955966105622977,0,"FSE","Pvalb","DESeq2",188,0.0300586223602295,418.203063964844,30.2898714542389,1.61718273162842
0.743737484323314,0,"FSE","Tac2","DESeq2",188,0.0290942192077637,406.942582845688,31.5599641799927,1.58856463432312
0.38452686520813,0,"FSE","Vip","DESeq2",188,0.0287714004516602,429.646015167236,26.2195875644684,1.60668730735779
-0.332820129748767,0,"rate_effect","Pvalb","wisp",189,0.0317835807800293,341.669018268585,26.9653091430664,1.54579663276672
0.682703516795057,0.202580824261531,"rate_effect","Slc17a7","wisp",189,0.0308656692504883,410.980796337128,26.0913398265839,1.58828997612
-0.0102261591162065,0,"rate_effect","Tac2","wisp",189,0.0299198627471924,381.337107896805,27.0866591930389,1.55881309509277
0.193510151707062,0,"rate_effect","Vip","wisp",189,0.0317187309265137,406.580022573471,25.456356048584,2.13756680488586
0.46934827237847,0.388262471882626,"random_effect","replicate1","wisp",189,0.0320427417755127,381.373903751373,26.0200519561768,1.62136936187744
0.262669843448293,-0.0294406921602786,"random_effect","replicate2","wisp",189,0.0314962863922119,398.525640964508,30.7137763500214,1.63695192337036
-0.551029991312237,-0.444266660837457,"random_effect","replicate3","wisp",189,0.0254049301147461,391.480886697769,26.8268549442291,1.66666102409363
-0.156376053380331,-0.264515534741804,"random_effect","replicate4","wisp",189,0.0256845951080322,386.229352712631,22.1226570606232,2.23532843589783
0.983641358641358,0,"FSE","Pvalb","wisp",189,0.0274255275726318,393.043655633926,26.3135740756989,1.62186360359192
0.178621378621379,1,"FSE","Slc17a7","wisp",189,0.0314497947692871,399.737291574478,27.4356372356415,1.54793643951416
1.24708624708625,0,"FSE","Tac2","wisp",189,0.0278842449188232,407.994123220444,30.0831542015076,1.70397877693176
0.452649391424902,0,"FSE","Vip","wisp",189,0.0312459468841553,454.349458694458,27.4588553905487,1.65162825584412
0.823764120278948,1,"SVG","Pvalb","ELLA",189,0.0302815437316895,416.451984167099,27.4706983566284,1.66848421096802
0.941165130086953,1,"SVG","Slc17a7","ELLA",189,0.030287504196167,445.160679101944,26.9797604084015,1.6416482925415
0.843505404321316,0,"SVG","Tac2","ELLA",189,0.0270621776580811,418.129014253616,28.2524511814117,1.66839957237244
1.10000508474206e-06,1,"SVG","Vip","ELLA",189,0.025137186050415,427.151807546616,30.0656287670135,1.72059488296509
0.964727465268095,0,"rate_effect","Slc17a7","DESeq2",189,0.0248410701751709,419.83846116066,32.9552249908447,1.71002101898193
-0.00533511860525699,0.202580824261531,"rate_effect","Pvalb","DESeq2",189,0.031097412109375,420.148341417313,25.3059678077698,1.70672941207886
-0.0279279975569074,0,"rate_effect","Tac2","DESeq2",189,0.0304763317108154,422.099095344543,27.7931344509125,1.73184728622437
-0.0422464666899489,0,"rate_effect","Vip","DESeq2",189,0.0281741619110107,436.614368438721,25.8525140285492,1.87365055084229
0,0,"FSE","Slc17a7","DESeq2",189,0.031022310256958,431.403715372086,31.1884779930115,1.73899722099304
0.690553203701474,1,"FSE","Pvalb","DESeq2",189,0.0317983627319336,446.260487318039,21.985191822052,1.75307321548462
0.237796039480934,0,"FSE","Tac2","DESeq2",189,0.0358791351318359,425.043972253799,28.740198135376,1.71167206764221
0.0659369176700707,0,"FSE","Vip","DESeq2",189,0.0326249599456787,432.28660774231,34.3577883243561,1.82336187362671
0.101299447035946,0,"rate_effect","Pvalb","wisp",190,0.025691032409668,413.085528612137,26.3216788768768,1.68938827514648
0.883454294855155,0.278861483559012,"rate_effect","Slc17a7","wisp",190,0.0321977138519287,431.868797302246,31.4128401279449,1.72128224372864
0.0534621367257858,-0.0126602827595518,"rate_effect","Tac2","wisp",190,0.0303294658660889,427.370543956757,21.0685846805573,1.7031238079071
0.594396811430252,0.276667708065361,"rate_effect","Vip","wisp",190,0.031196117401123,438.467203855515,26.1320161819458,1.84325361251831
-0.487878373751051,-0.335809453390539,"random_effect","replicate1","wisp",190,0.0318443775177002,416.291744470596,28.2499594688416,1.83968019485474
0.232026330692965,0.325078275520355,"random_effect","replicate2","wisp",190,0.0282285213470459,444.577963352203,21.2990975379944,2.37900733947754
0.271564438677805,0.418796106008813,"random_effect","replicate3","wisp",190,0.029576301574707,425.557831048965,32.9004528522491,2.33510065078735
0.267765106456183,0.380861809011549,"random_effect","replicate4","wisp",190,0.0261030197143555,454.543220043182,25.3657302856445,1.65312337875366
0.673406593406593,0,"FSE","Pvalb","wisp",190,0.030604362487793,448.491393089294,27.0592975616455,1.72818160057068
0,1,"FSE","Slc17a7","wisp",190,0.0423741340637207,418.818164825439,24.772531747818,1.71317410469055
0.400989635364635,1,"FSE","Tac2","wisp",190,0.0336840152740479,421.485532522202,26.0124709606171,1.66458964347839
0.0362970362970363,1,"FSE","Vip","wisp",190,0.0301039218902588,419.07643198967,23.9351878166199,1.70808434486389
0.976867882460519,1,"SVG","Pvalb","ELLA",190,0.029496431350708,443.56943154335,25.7597060203552,1.6528697013855
0.982833817658727,1,"SVG","Slc17a7","ELLA",190,0.0322501659393311,423.658175468445,25.207447052002,1.70782256126404
4.40000941737129e-07,1,"SVG","Tac2","ELLA",190,0.0313875675201416,427.1850502491,25.8664109706879,2.41867923736572
7.33336406155694e-07,1,"SVG","Vip","ELLA",190,0.0261313915252686,428.541162490845,22.9495022296906,1.70014810562134
0.646610537737774,0,"rate_effect","Slc17a7","DESeq2",190,0.816929817199707,433.676968336105,31.5241286754608,2.48922324180603
-0.627922907232552,0.278861483559012,"rate_effect","Pvalb","DESeq2",190,0.0293712615966797,430.996541023254,24.3395192623138,1.70786213874817
-0.76394275895248,-0.0126602827595518,"rate_effect","Tac2","DESeq2",190,0.0294525623321533,435.360939741135,24.5862038135529,1.74760770797729
0.636540687021521,0.276667708065361,"rate_effect","Vip","DESeq2",190,0.0314376354217529,431.56404876709,26.8166272640228,1.69978642463684
0,0,"FSE","Slc17a7","DESeq2",190,0.0298619270324707,443.675142288208,30.911069393158,1.68198251724243
0,1,"FSE","Pvalb","DESeq2",190,0.0369207859039307,443.817051887512,31.6257169246674,1.67301535606384
0,1,"FSE","Tac2","DESeq2",190,0.0287370681762695,425.840946435928,20.6871118545532,1.69628477096558
0,1,"FSE","Vip","DESeq2",190,0.816901922225952,418.899758338928,25.4150378704071,1.71676182746887
-1.13064501123553,-0.269833109574392,"rate_effect","Pvalb","wisp",191,0.0307743549346924,427.506590843201,28.1352660655975,1.71242094039917
-0.0146816534138964,0,"rate_effect","Slc17a7","wisp",191,0.0329976081848145,430.744173049927,26.0876758098602,1.68078994750977
-0.0142522190770295,0,"rate_effect","Tac2","wisp",191,0.0331697463989258,343.210713863373,25.4671909809113,1.68777298927307
0.00886094408794512,0,"rate_effect","Vip","wisp",191,0.0300967693328857,440.774281978607,23.2325868606567,2.37251234054565
-0.122206060682934,-0.23305055918172,"random_effect","replicate1","wisp",191,0.812228679656982,421.734682798386,24.0035390853882,1.67496418952942
-0.187175237926944,-0.261313397902995,"random_effect","replicate2","wisp",191,0.0344059467315674,414.342206716537,31.1541674137115,1.68140697479248
-0.0261129626176729,-0.171334017068148,"random_effect","replicate3","wisp",191,0.0330021381378174,437.451224327087,29.745246887207,1.75335311889648
0.105167504550845,-0.183745833579451,"random_effect","replicate4","wisp",191,0.0306010246276855,442.808385372162,28.5078384876251,1.74131655693054
0,1,"FSE","Pvalb","wisp",191,0.0322425365447998,418.705527305603,32.1499083042145,1.71031928062439
1.49084,0,"FSE","Slc17a7","wisp",191,0.02848219871521,418.45457649231,31.55730676651,1.6748194694519
1.91911111111111,0,"FSE","Tac2","wisp",191,0.0327200889587402,418.613175630569,21.0245373249054,2.49808239936829
0.889109375,0,"FSE","Vip","wisp",191,0.0323636531829834,451.664989948273,26.4137582778931,1.71981382369995
0.839652469967673,1,"SVG","Pvalb","ELLA",191,0.0289516448974609,431.30482840538,26.2738811969757,1.79348587989807
0.860240521891503,0,"SVG","Slc17a7","ELLA",191,0.0340394973754883,424.700837850571,28.7098228931427,1.66401886940002
0.950902391230612,0,"SVG","Tac2","ELLA",191,0.0275821685791016,425.654767751694,28.4632177352905,1.66555500030518
0.956145048319223,0,"SVG","Vip","ELLA",191,0.0329325199127197,423.197243452072,33.9429748058319,1.6831533908844
0.023778459242431,-0.269833109574392,"rate_effect","Slc17a7","DESeq2",191,0.0311880111694336,434.951207876205,25.2036564350128,1.74011588096619
-2.18103678121755,0,"rate_effect","Pvalb","DESeq2",191,0.0296409130096436,440.225367546082,27.4221527576447,1.70881175994873
0.00304456776076416,0,"rate_effect","Tac2","DESeq2",191,0.817978858947754,426.278552532196,33.1131513118744,1.70468354225159
0.0178411186574126,0,"rate_effect","Vip","DESeq2",191,0.0321147441864014,422.636915206909,29.2182486057281,1.70727491378784
0.240370707992323,1,"FSE","Slc17a7","DESeq2",191,0.0328273773193359,447.521906852722,29.8023293018341,1.68975639343262
0,0,"FSE","Pvalb","DESeq2",191,0.0354571342468262,452.610210418701,26.6774995326996,1.70772361755371
0.896318719718101,0,"FSE","Tac2","DESeq2",191,0.0321264266967773,433.965416669846,32.878084897995,1.7208776473999
0.569908717683258,0,"FSE","Vip","DESeq2",191,0.0312814712524414,422.190920829773,24.4393150806427,1.70067930221558
-0.133110575831423,0,"rate_effect","Pvalb","wisp",192,0.0330197811126709,418.523633003235,25.5854187011719,1.69677972793579
-0.00178721980365652,0,"rate_effect","Slc17a7","wisp",192,0.034435510635376,420.346521377563,26.4988250732422,1.68244385719299
0.264748837196435,0,"rate_effect","Tac2","wisp",192,0.0320837497711182,450.666950464249,31.1645810604095,1.67498111724854
-3.40517554007392,-0.473921122727916,"rate_effect","Vip","wisp",192,0.0363020896911621,457.17814874649,21.4324703216553,1.71121692657471
0.035166650346946,0.00198538019321859,"random_effect","replicate1","wisp",192,0.029810905456543,428.343622922897,28.0981600284576,1.70960855484009
-0.0324504084070213,0.154288414632902,"random_effect","replicate2","wisp",192,0.0300595760345459,430.763073682785,25.8358247280121,1.69846940040588
0.0444433174328879,-0.0392945089843124,"random_effect","replicate3","wisp",192,0.0283267498016357,397.332173585892,18.7034997940063,1.69594931602478
0.0195300785824656,-0.224840426351875,"random_effect","replicate4","wisp",192,0.0276176929473877,442.712224245071,28.8775310516357,1.6610062122345
0.865174825174825,0,"FSE","Pvalb","wisp",192,0.0308253765106201,427.544069766998,28.7976498603821,1.63383769989014
1.46889221889222,0,"FSE","Slc17a7","wisp",192,0.809355020523071,410.579885721207,29.0670175552368,1.86269569396973
0.213723776223776,0,"FSE","Tac2","wisp",192,0.0337629318237305,423.401099443436,29.6546030044556,1.68249821662903
0,1,"FSE","Vip","wisp",192,0.0272953510284424,422.697418212891,28.5365047454834,1.725830078125
0.949933325198195,1,"SVG","Pvalb","ELLA",192,0.029818058013916,439.7497215271,28.5780348777771,1.66135263442993
0.9226768611698,0,"SVG","Slc17a7","ELLA",192,0.0316903591156006,433.967046022415,28.9943070411682,1.69037532806396
2.20000482054061e-07,1,"SVG","Tac2","ELLA",192,0.0298211574554443,431.580412626266,25.7868802547455,1.6839165687561
0.971603376644951,1,"SVG","Vip","ELLA",192,0.030144214630127,421.375997781754,24.3016586303711,1.71349835395813
-0.00201539352178504,0,"rate_effect","Slc17a7","DESeq2",192,0.807829141616821,465.29434800148,29.0233175754547,1.72194504737854
0.0177428734306534,0,"rate_effect","Pvalb","DESeq2",192,0.0383744239807129,429.53732085228,28.4468386173248,1.68207979202271
0.0108995898557265,0,"rate_effect","Tac2","DESeq2",192,0.0290732383728027,429.263690233231,27.6097779273987,1.72484445571899
-8.53792099269677,-0.473921122727916,"rate_effect","Vip","DESeq2",192,0.0312666893005371,437.413307189941,27.8502190113068,1.60901474952698
0.674383534511285,0,"FSE","Slc17a7","DESeq2",192,0.805010795593262,426.455203294754,26.4656774997711,1.70355725288391
0.147617771071631,0,"FSE","Pvalb","DESeq2",192,0.0289487838745117,436.127036333084,28.2870264053345,1.67139077186584
0.647701214799698,0,"FSE","Tac2","DESeq2",192,0.03226637840271,420.098921537399,31.8938703536987,1.69554042816162
0,1,"FSE","Vip","DESeq2",192,0.032975435256958,438.165823221207,30.2825698852539,1.69946098327637
-0.0279558347735311,0,"rate_effect","Pvalb","wisp",193,0.0294399261474609,422.019849300385,30.9425678253174,1.66973900794983
-0.00256775765071619,0,"rate_effect","Slc17a7","wisp",193,0.0314321517944336,431.475331306458,22.7149419784546,1.67200517654419
-0.0256397416421811,0,"rate_effect","Tac2","wisp",193,0.0310087203979492,456.257085084915,32.455356836319,1.71188235282898
0.0109750052777649,0,"rate_effect","Vip","wisp",193,0.0314266681671143,415.877539396286,24.0265824794769,1.67043447494507
0.410693769155306,0.107631321297958,"random_effect","replicate1","wisp",193,0.0294971466064453,416.692481517792,28.3475487232208,1.67638111114502
-0.700222868258742,-0.470977487741038,"random_effect","replicate2","wisp",193,0.0342004299163818,336.719402313232,26.6872763633728,1.68443870544434
0.483699900121748,0.331740056863055,"random_effect","replicate3","wisp",193,0.0316140651702881,440.845675230026,27.6376297473907,1.67763209342957
-0.107033777219583,-0.255907803075388,"random_effect","replicate4","wisp",193,0.0327372550964355,439.942652225494,29.3641135692596,1.70473194122314
0.598807442557443,0,"FSE","Pvalb","wisp",193,0.0318393707275391,427.237243175507,26.6134941577911,1.71749186515808
1.65314685314685,0,"FSE","Slc17a7","wisp",193,0.0313699245452881,439.644544839859,28.5925753116608,1.69865012168884
0.948153886929397,0,"FSE","Tac2","wisp",193,0.0302164554595947,430.495224475861,30.2653694152832,1.85662579536438
1.58265734265734,0,"FSE","Vip","wisp",193,0.0278749465942383,433.838924407959,19.8628737926483,1.78214120864868
0.854699829283081,1,"SVG","Pvalb","ELLA",193,0.0278384685516357,430.360751152039,22.3971903324127,1.76852321624756
0.864865640973634,0,"SVG","Slc17a7","ELLA",193,0.0297048091888428,444.295955896378,24.0693807601929,1.65312027931213
0.860077958205433,0,"SVG","Tac2","ELLA",193,0.0325343608856201,439.585692644119,22.7576236724854,1.69080781936646
0.995765447673293,0,"SVG","Vip","ELLA",193,0.0392982959747314,440.06645655632,24.0361716747284,1.71503973007202
-6.23805588455539e-05,0,"rate_effect","Slc17a7","DESeq2",193,0.029843807220459,437.265570402145,32.5572719573975,1.693115234375
-0.000121550348019791,0,"rate_effect","Pvalb","DESeq2",193,0.0291032791137695,439.432435512543,28.7472431659698,1.66761207580566
-6.79336145547821e-06,0,"rate_effect","Tac2","DESeq2",193,0.0333409309387207,453.339238643646,31.4272742271423,1.68288779258728
3.7873683970571e-05,0,"rate_effect","Vip","DESeq2",193,0.0347957611083984,417.253128051758,31.6567099094391,1.64820694923401
0.615862348586608,0,"FSE","Slc17a7","DESeq2",193,0.0314128398895264,437.256318807602,26.5088288784027,1.63021802902222
0.948876445356271,0,"FSE","Pvalb","DESeq2",193,0.0340812206268311,430.002932310104,29.5874364376068,1.69731545448303
0.615862348586608,0,"FSE","Tac2","DESeq2",193,0.0293447971343994,435.143224954605,28.5866005420685,1.70678520202637
0.615862348586608,0,"FSE","Vip","DESeq2",193,0.0311143398284912,445.551970005035,28.4414129257202,1.71600365638733
-0.0236776643967139,0,"rate_effect","Pvalb","wisp",194,0.0289325714111328,403.162273168564,26.9035997390747,1.71544790267944
-0.144903595717613,-0.0568110761232674,"rate_effect","Slc17a7","wisp",194,0.0286831855773926,430.203703165054,26.6837778091431,1.66840791702271
0.722196522926202,0.289655957603827,"rate_effect","Tac2","wisp",194,1.57948327064514,437.185100317001,27.2536680698395,1.667564868927
-0.00109995219427908,0,"rate_effect","Vip","wisp",194,0.034404993057251,445.910422801971,27.2072422504425,1.68012309074402
0.327502881318928,0.46681575383991,"random_effect","replicate1","wisp",194,0.0283098220825195,453.391103506088,26.5794351100922,1.68018746376038
-0.431262034654398,-0.307467838516459,"random_effect","replicate2","wisp",194,0.801506280899048,419.876414775848,24.7873849868774,1.75839638710022
-0.135586965941063,-0.0221189686562866,"random_effect","replicate3","wisp",194,0.0307512283325195,428.397931814194,25.2241079807281,1.7059383392334
0.25534716487389,0.339233204489574,"random_effect","replicate4","wisp",194,0.0340209007263184,436.847017526627,28.057745218277,1.85157752037048
1.43742368742369,0,"FSE","Pvalb","wisp",194,0.0325219631195068,418.58698797226,21.6276752948761,1.68365335464478
0.179300699300699,1,"FSE","Slc17a7","wisp",194,0.029606819152832,451.323617219925,28.6904950141907,1.68021440505981
0.261238761238761,1,"FSE","Tac2","wisp",194,0.0282809734344482,451.912832021713,22.7493710517883,1.72066164016724
1.61852036852037,0,"FSE","Vip","wisp",194,0.801509857177734,422.313986063004,26.464081287384,1.70801472663879
0.822923388646543,0,"SVG","Pvalb","ELLA",194,0.035719633102417,420.760576486588,28.6639797687531,1.73553800582886
0.804717408422049,1,"SVG","Slc17a7","ELLA",194,0.0332770347595215,423.522397279739,32.0795929431915,1.68319892883301
1.10001755626588e-06,1,"SVG","Tac2","ELLA",194,0.0316963195800781,452.135765552521,27.33478307724,1.69501924514771
0.865188100076903,0,"SVG","Vip","ELLA",194,0.0274889469146729,429.882750511169,29.0840692520142,2.21656131744385
-0.354906187203949,0,"rate_effect","Slc17a7","DESeq2",194,0.0337462425231934,456.47945690155,29.6877138614655,1.71448874473572
-0.0119502105892099,-0.0568110761232674,"rate_effect","Pvalb","DESeq2",194,0.0293803215026855,422.508548974991,28.0290486812592,1.72083115577698
1.32072783830548,0.289655957603827,"rate_effect","Tac2","DESeq2",194,0.0302333831787109,425.557153701782,25.630185842514,1.71045875549316
0.0117655669002746,0,"rate_effect","Vip","DESeq2",194,0.0314383506774902,456.831465482712,28.0305428504944,1.73749208450317
0,0,"FSE","Slc17a7","DESeq2",194,0.0300333499908447,420.228207826614,25.318615436554,1.76744961738586
0.243904302420727,1,"FSE","Pvalb","DESeq2",194,0.029646635055542,425.508758306503,32.9703578948975,1.67997980117798
0,1,"FSE","Tac2","DESeq2",194,0.795555591583252,424.274295568466,28.6420726776123,1.70204496383667
0.314605848392507,0,"FSE","Vip","DESeq2",194,0.0330798625946045,427.26707816124,18.6909942626953,1.63834738731384
-0.0261505294373474,0,"rate_effect","Pvalb","wisp",195,0.0290913581848145,427.728501081467,29.9143071174622,1.79513120651245
0.0237724136702477,0,"rate_effect","Slc17a7","wisp",195,0.0293011665344238,426.269878864288,28.6204409599304,1.68565964698792
0.00168891235697356,-0.286426723469049,"rate_effect","Tac2","wisp",195,0.0388209819793701,418.660535097122,32.9334063529968,1.7362232208252
-0.205294349382299,0,"rate_effect","Vip","wisp",195,0.0292532444000244,425.60621213913,21.9722917079926,1.68773722648621
0.23218713754513,-0.0445981880184263,"random_effect","replicate1","wisp",195,0.0324656963348389,443.387887001038,24.3710117340088,1.69161748886108
0.396387581966439,0.274011769331992,"random_effect","replicate2","wisp",195,0.0302588939666748,439.416900157928,23.9184587001801,1.70590662956238
-0.306079657159669,-0.282409339444712,"random_effect","replicate3","wisp",195,0.0327942371368408,438.957689762115,27.6632163524628,1.71968770027161
-0.366925487227464,-0.319984191795811,"random_effect","replicate4","wisp",195,0.0285742282867432,421.09440946579,29.6664223670959,1.71637344360352
1.18579857642358,0,"FSE","Pvalb","wisp",195,0.0321705341339111,433.779055833817,24.2364208698273,1.66416764259338
1.67074592074592,0,"FSE","Slc17a7","wisp",195,0.0324299335479736,441.995455741882,30.9328153133392,1.71126890182495
2.16431568431568,1,"FSE","Tac2","wisp",195,0.029210090637207,439.464953899384,34.3297638893127,1.69986629486084
0.580739260739261,0,"FSE","Vip","wisp",195,0.0426244735717773,437.597018718719,24.8363919258118,1.68951106071472
0.918516613676458,0,"SVG","Pvalb","ELLA",195,0.0324771404266357,425.207281112671,34.9626548290253,1.69158744812012
0.901790498143111,0,"SVG","Slc17a7","ELLA",195,0.0298991203308105,418.647297859192,25.208455324173,1.70028805732727
0.854394422701568,0,"SVG","Tac2","ELLA",195,0.0298573970794678,427.855692625046,21.8786227703094,1.69300127029419
5.50001617971585e-07,1,"SVG","Vip","ELLA",195,0.0312502384185791,432.517842054367,28.3129653930664,1.68675136566162
0.00764460337257074,0,"rate_effect","Slc17a7","DESeq2",195,0.0320358276367188,411.424299955368,27.6908824443817,1.68193197250366
0.000687746288764787,0,"rate_effect","Pvalb","DESeq2",195,0.0310063362121582,427.761325597763,29.3594481945038,1.68344497680664
-0.0348879256755567,-0.286426723469049,"rate_effect","Tac2","DESeq2",195,0.0334844589233398,428.166197538376,26.1797046661377,1.7228901386261
-0.00169950544189762,0,"rate_effect","Vip","DESeq2",195,0.0315742492675781,434.415714979172,25.5722579956055,1.75341796875
0.286967141402887,0,"FSE","Slc17a7","DESeq2",195,0.0306034088134766,423.648044109344,28.6630384922028,2.33507633209229
0.561901191760837,0,"FSE","Pvalb","DESeq2",195,0.0319352149963379,457.630842685699,30.2729852199554,1.71965885162354
0.0162462199890329,1,"FSE","Tac2","DESeq2",195,0.0309898853302002,427.793577194214,24.6332676410675,1.78945779800415
0.916842016560893,0,"FSE","Vip","DESeq2",195,0.0248186588287354,427.134085416794,20.8497416973114,1.70171666145325
0.00704265112468153,0,"rate_effect","Pvalb","wisp",196,0.0303020477294922,449.407165288925,26.851879119873,1.69535422325134
0.276305915002471,0,"rate_effect","Slc17a7","wisp",196,0.0301089286804199,428.247339248657,29.8079919815063,1.66396045684814
-0.083600819395711,0,"rate_effect","Tac2","wisp",196,0.0322089195251465,408.884809732437,26.4115223884583,1.72398972511292
0.213490715049876,0,"rate_effect","Vip","wisp",196,0.0315802097320557,422.765319108963,25.9771552085876,1.73013639450073
-0.0775994627508669,-0.0279087806120515,"random_effect","replicate1","wisp",196,0.0289065837860107,439.160111427307,22.1827802658081,1.76004147529602
0.342496486667572,0.411998856347054,"random_effect","replicate2","wisp",196,0.0298852920532227,427.017245531082,28.7798230648041,1.70368719100952
-0.388251295180605,-0.289162049535662,"random_effect","replicate3","wisp",196,0.0346510410308838,423.745444536209,30.480721950531,1.68005108833313
0.139348319357351,0.0373194024432451,"random_effect","replicate4","wisp",196,0.0336208343505859,457.350196123123,29.9804899692535,1.70068073272705
0.759122448979592,0,"FSE","Pvalb","wisp",196,0.0338809490203857,436.45938372612,22.8680624961853,1.66281175613403
1.28866666666667,0,"FSE","Slc17a7","wisp",196,0.034174919128418,440.511873960495,28.8962671756744,1.64716815948486
1.18832,0,"FSE","Tac2","wisp",196,0.0303421020507812,427.628512382507,22.2104892730713,1.71368527412415
0.373448979591837,0,"FSE","Vip","wisp",196,0.0332088470458984,344.416242599487,30.4543399810791,1.69739413261414
0.854954488718844,0,"SVG","Pvalb","ELLA",196,0.0305843353271484,431.98536658287,24.406289100647,1.68058586120605
0.932775701701323,1,"SVG","Slc17a7","ELLA",196,0.0328588485717773,449.26571059227,33.3354132175446,1.73019027709961
3.66667369411378e-07,1,"SVG","Tac2","ELLA",196,0.0297694206237793,439.159985542297,26.3205349445343,1.71449494361877
1.10000594844006e-06,1,"SVG","Vip","ELLA",196,0.0305607318878174,428.652082204819,30.6755955219269,1.88950419425964
0.00484312420985921,0,"rate_effect","Slc17a7","DESeq2",196,0.0316033363342285,445.094449043274,42.2195236682892,1.67439436912537
0.00287928013425142,0,"rate_effect","Pvalb","DESeq2",196,0.0265688896179199,435.233200311661,26.1416709423065,1.71018147468567
-0.0266385410586093,0,"rate_effect","Tac2","DESeq2",196,0.0327644348144531,439.456162452698,26.0999274253845,1.78638219833374
0.00123502836645527,0,"rate_effect","Vip","DESeq2",196,0.0307676792144775,437.681057214737,27.9302146434784,1.65710139274597
0.315332051666894,0,"FSE","Slc17a7","DESeq2",196,0.0290651321411133,427.405111312866,22.3053696155548,1.72048687934875
0.315332051666894,0,"FSE","Pvalb","DESeq2",196,0.0320477485656738,433.640318632126,29.350049495697,1.72802352905273
0.0381979323475011,0,"FSE","Tac2","DESeq2",196,0.0298590660095215,448.810079097748,25.333607673645,1.71256875991821
0.950469687219802,0,"FSE","Vip","DESeq2",196,0.0316283702850342,455.552742004395,29.5427038669586,1.7094087600708
-0.0138725090461586,0,"rate_effect","Pvalb","wisp",197,0.0333898067474365,440.108868360519,23.9051141738892,1.67539310455322
-0.16794590671723,0,"rate_effect","Slc17a7","wisp",197,0.0299966335296631,419.217404127121,32.1976454257965,1.70710897445679
0.815941192434345,0.252312602475286,"rate_effect","Tac2","wisp",197,0.0458025932312012,433.931190729141,28.3724331855774,1.67933249473572
-0.0208102678661349,0,"rate_effect","Vip","wisp",197,0.0300023555755615,429.552792310715,29.0982015132904,1.65337753295898
0.231919885540136,0.448642589850351,"random_effect","replicate1","wisp",197,0.0322961807250977,435.765223503113,31.6087048053741,1.71501207351685
0.112111590932037,0.236646607052535,"random_effect","replicate2","wisp",197,0.0341274738311768,417.889683008194,28.9951059818268,1.70399403572083
-0.292328118348115,-0.0889675051439553,"random_effect","replicate3","wisp",197,0.0294394493103027,453.733312368393,25.2916481494904,1.77246928215027
-0.0434733081856785,0.126305562211201,"random_effect","replicate4","wisp",197,0.0308578014373779,468.61527967453,25.4667437076569,1.71070170402527
1.28799111611612,0,"FSE","Pvalb","wisp",197,0.820080041885376,436.097178220749,26.8479788303375,1.66347169876099
1.52792792792793,0,"FSE","Slc17a7","wisp",197,0.0320253372192383,431.81830573082,30.8184201717377,1.66999959945679
0.00422871851443273,1,"FSE","Tac2","wisp",197,0.0323450565338135,407.469310998917,23.6902546882629,1.6712794303894
2.21677927927928,0,"FSE","Vip","wisp",197,0.0303232669830322,458.878425359726,29.6515972614288,1.6605019569397
0.863268324737019,0,"SVG","Pvalb","ELLA",197,0.0322065353393555,419.259837388992,28.8181869983673,1.6933798789978
0.925009641885725,1,"SVG","Slc17a7","ELLA",197,0.0321733951568604,430.462215185165,29.7094798088074,1.70585680007935
2.20003208728503e-06,1,"SVG","Tac2","ELLA",197,0.0398569107055664,434.449024200439,32.2220323085785,1.69411945343018
0.957287404557607,0,"SVG","Vip","ELLA",197,0.0285923480987549,429.197801351547,26.8881816864014,1.82680439949036
-0.00862038751829153,0,"rate_effect","Slc17a7","DESeq2",197,0.0303695201873779,462.501043796539,27.2750470638275,1.7259795665741
-0.00745784802534841,0,"rate_effect","Pvalb","DESeq2",197,0.0310995578765869,422.670966625214,21.7350451946259,1.75525784492493
1.17779022591126,0.252312602475286,"rate_effect","Tac2","DESeq2",197,0.0324530601501465,428.048925638199,30.4400534629822,1.65608763694763
-0.0125073942755029,0,"rate_effect","Vip","DESeq2",197,0.80547022819519,440.463515520096,28.439962387085,1.65983462333679
0.152201976935929,0,"FSE","Slc17a7","DESeq2",197,0.0333585739135742,445.77917599678,26.5162720680237,1.65799617767334
0.399951824893455,0,"FSE","Pvalb","DESeq2",197,0.834730386734009,404.486200332642,22.7781071662903,1.70609188079834
0,1,"FSE","Tac2","DESeq2",197,0.0285840034484863,414.615249633789,23.4158487319946,1.73908114433289
0.387270922717794,0,"FSE","Vip","DESeq2",197,0.0306859016418457,433.938928842545,33.8327622413635,1.7237377166748
0.00910411303315294,0,"rate_effect","Pvalb","wisp",198,0.0308890342712402,422.670696020126,25.4336326122284,1.66652059555054
-0.325053499046462,0,"rate_effect","Slc17a7","wisp",198,0.0306036472320557,419.418052911758,25.2467229366302,1.70362830162048
-0.0991841853497584,0,"rate_effect","Tac2","wisp",198,0.0317995548248291,461.469823598862,32.3803489208221,1.67511296272278
0.00754695146275824,0,"rate_effect","Vip","wisp",198,0.0344686508178711,434.89457821846,27.1384015083313,1.70538330078125
0.134709606739749,-0.00967438938096166,"random_effect","replicate1","wisp",198,0.0282166004180908,443.423809051514,32.3087086677551,1.67403841018677
-0.383787860172559,-0.298144608503208,"random_effect","replicate2","wisp",198,0.0308902263641357,431.944690704346,30.5837070941925,1.7223334312439
0.188714382458585,-0.00722526339814067,"random_effect","replicate3","wisp",198,0.0291938781738281,425.225584983826,23.5495102405548,1.67557716369629
0.250860410989213,0.0705242634285241,"random_effect","replicate4","wisp",198,0.0274803638458252,449.36609172821,29.871399641037,1.7144455909729
0.624400291066958,0,"FSE","Pvalb","wisp",198,0.0323798656463623,397.502710580826,26.9996373653412,1.68184280395508
0.73026973026973,0,"FSE","Slc17a7","wisp",198,0.0408256053924561,431.450164318085,30.4177463054657,1.70918226242065
0.56987456987457,0,"FSE","Tac2","wisp",198,0.0313534736633301,438.536264657974,29.9569611549377,1.84068560600281
0.797286047286047,0,"FSE","Vip","wisp",198,0.0400087833404541,433.042570114136,30.6304001808167,1.66168165206909
0.879318236335646,0,"SVG","Pvalb","ELLA",198,0.817047119140625,430.118763923645,24.3502914905548,1.6999716758728
0.923647949869749,1,"SVG","Slc17a7","ELLA",198,0.0297436714172363,437.071761846542,23.595419883728,1.64554500579834
0.95864223486045,1,"SVG","Tac2","ELLA",198,0.032271146774292,436.101019144058,24.8949110507965,1.70548939704895
0.885761109897593,0,"SVG","Vip","ELLA",198,0.0315263271331787,432.288017749786,30.956157207489,1.69679665565491
-0.00019328304099455,0,"rate_effect","Slc17a7","DESeq2",198,0.0336310863494873,437.491618871689,23.7585678100586,1.71569228172302
0.000524900871450023,0,"rate_effect","Pvalb","DESeq2",198,1.60711026191711,421.640034914017,25.7011733055115,1.6941704750061
-0.0432630928971937,0,"rate_effect","Tac2","DESeq2",198,0.0332968235015869,424.412275791168,31.337925195694,1.72009944915771
3.77060360921319e-05,0,"rate_effect","Vip","DESeq2",198,0.0317978858947754,432.436423778534,26.7529740333557,1.69773530960083
0.903450372429935,0,"FSE","Slc17a7","DESeq2",198,0.0310676097869873,423.374612569809,30.5652163028717,1.68888401985168
0.718006680442502,0,"FSE","Pvalb","DESeq2",198,0.0288574695587158,432.843449831009,27.3957550525665,1.6828761100769
0.000322029016199309,0,"FSE","Tac2","DESeq2",198,0.0459022521972656,226.993104219437,24.1935837268829,1.51726198196411
0.821523083625485,0,"FSE","Vip","DESeq2",198,0.0322229862213135,331.06693983078,30.7433168888092,1.6044819355011
0.00343335592233124,0,"rate_effect","Pvalb","wisp",199,0.0333068370819092,374.853465080261,21.7227132320404,1.55030393600464
-0.176649951016722,0,"rate_effect","Slc17a7","wisp",199,0.0307085514068604,384.058814287186,22.0142612457275,1.6028254032135
0.055738221374792,0,"rate_effect","Tac2","wisp",199,0.0302438735961914,391.767779111862,25.2758643627167,1.53045392036438
-0.0364633680258128,0,"rate_effect","Vip","wisp",199,0.0305290222167969,388.461657047272,23.9431219100952,1.55912685394287
-0.283779408786159,-0.309389158850536,"random_effect","replicate1","wisp",199,0.0326883792877197,384.937769889832,29.8561155796051,1.56570911407471
-0.628320537845423,-0.461661417735741,"random_effect","replicate2","wisp",199,0.026921272277832,389.509970188141,21.9643669128418,1.66833257675171
0.433628863004704,0.315487489337102,"random_effect","replicate3","wisp",199,0.0267267227172852,388.007637023926,30.0672695636749,1.57240080833435
0.463410539909661,0.455437158001587,"random_effect","replicate4","wisp",199,0.0300586223602295,418.203063964844,30.2898714542389,1.61718273162842
1.05918655778894,0,"FSE","Pvalb","wisp",199,0.0290942192077637,406.942582845688,31.5599641799927,1.58856463432312
1.29732663316583,0,"FSE","Slc17a7","wisp",199,0.0287714004516602,429.646015167236,26.2195875644684,1.60668730735779
0.914886934673367,0,"FSE","Tac2","wisp",199,0.0317835807800293,341.669018268585,26.9653091430664,1.54579663276672
0.56643216080402,0,"FSE","Vip","wisp",199,0.0308656692504883,410.980796337128,26.0913398265839,1.58828997612
0.842094416785805,0,"SVG","Pvalb","ELLA",199,0.0299198627471924,381.337107896805,27.0866591930389,1.55881309509277
0.901612211497248,1,"SVG","Slc17a7","ELLA",199,0.0317187309265137,406.580022573471,25.456356048584,2.13756680488586
1.10000844016911e-06,1,"SVG","Tac2","ELLA",199,0.0320427417755127,381.373903751373,26.0200519561768,1.62136936187744
2.20003752127162e-06,1,"SVG","Vip","ELLA",199,0.0314962863922119,398.525640964508,30.7137763500214,1.63695192337036
-0.00594925423727739,0,"rate_effect","Slc17a7","DESeq2",199,0.0254049301147461,391.480886697769,26.8268549442291,1.66666102409363
-0.000376111063418266,0,"rate_effect","Pvalb","DESeq2",199,0.0256845951080322,386.229352712631,22.1226570606232,2.23532843589783
0.0491550308146274,0,"rate_effect","Tac2","DESeq2",199,0.0274255275726318,393.043655633926,26.3135740756989,1.62186360359192
-0.0184056056910325,0,"rate_effect","Vip","DESeq2",199,0.0314497947692871,399.737291574478,27.4356372356415,1.54793643951416
0.425876097859981,0,"FSE","Slc17a7","DESeq2",199,0.0278842449188232,407.994123220444,30.0831542015076,1.70397877693176
0.956603492108886,0,"FSE","Pvalb","DESeq2",199,0.0312459468841553,454.349458694458,27.4588553905487,1.65162825584412
0.00192346228989013,0,"FSE","Tac2","DESeq2",199,0.0302815437316895,416.451984167099,27.4706983566284,1.66848421096802
0.143434016042114,0,"FSE","Vip","DESeq2",199,0.030287504196167,445.160679101944,26.9797604084015,1.6416482925415
-0.00252607091662124,0,"rate_effect","Pvalb","wisp",200,0.0270621776580811,418.129014253616,28.2524511814117,1.66839957237244
-0.174650745519598,0,"rate_effect","Slc17a7","wisp",200,0.025137186050415,427.151807546616,30.0656287670135,1.72059488296509
0.0534989094880282,0,"rate_effect","Tac2","wisp",200,0.0248410701751709,419.83846116066,32.9552249908447,1.71002101898193
-0.0263648156057557,0,"rate_effect","Vip","wisp",200,0.031097412109375,420.148341417313,25.3059678077698,1.70672941207886
-0.284779866484712,-0.309389158850536,"random_effect","replicate1","wisp",200,0.0304763317108154,422.099095344543,27.7931344509125,1.73184728622437
-0.627393849964017,-0.461661417735741,"random_effect","replicate2","wisp",200,0.0281741619110107,436.614368438721,25.8525140285492,1.87365055084229
0.435045405012027,0.315487489337102,"random_effect","replicate3","wisp",200,0.031022310256958,431.403715372086,31.1884779930115,1.73899722099304
0.461998015845903,0.455437158001587,"random_effect","replicate4","wisp",200,0.0317983627319336,446.260487318039,21.985191822052,1.75307321548462
1.152171875,0,"FSE","Pvalb","wisp",200,0.0358791351318359,425.043972253799,28.740198135376,1.71167206764221
1.5738,0,"FSE","Slc17a7","wisp",200,0.0326249599456787,432.28660774231,34.3577883243561,1.82336187362671
1.224140625,0,"FSE","Tac2","wisp",200,0.025691032409668,413.085528612137,26.3216788768768,1.68938827514648
0.6312,0,"FSE","Vip","wisp",200,0.0321977138519287,431.868797302246,31.4128401279449,1.72128224372864
0.929189350588847,0,"SVG","Pvalb","ELLA",200,0.0303294658660889,427.370543956757,21.0685846805573,1.7031238079071
0.855223953403706,1,"SVG","Slc17a7","ELLA",200,0.031196117401123,438.467203855515,26.1320161819458,1.84325361251831
1.10000400083132e-06,1,"SVG","Tac2","ELLA",200,0.0318443775177002,416.291744470596,28.2499594688416,1.83968019485474
2.20003540868374e-06,1,"SVG","Vip","ELLA",200,0.0282285213470459,444.577963352203,21.2990975379944,2.37900733947754
-0.00594925423727739,0,"rate_effect","Slc17a7","DESeq2",200,0.029576301574707,425.557831048965,32.9004528522491,2.33510065078735
-0.000376111063418266,0,"rate_effect","Pvalb","DESeq2",200,0.0261030197143555,454.543220043182,25.3657302856445,1.65312337875366
0.0491550308146274,0,"rate_effect","Tac2","DESeq2",200,0.030604362487793,448.491393089294,27.0592975616455,1.72818160057068
-0.0184056056910325,0,"rate_effect","Vip","DESeq2",200,0.0423741340637207,418.818164825439,24.772531747818,1.71317410469055
0.425876097859981,0,"FSE","Slc17a7","DESeq2",200,0.0336840152740479,421.485532522202,26.0124709606171,1.66458964347839
0.956603492108886,0,"FSE","Pvalb","DESeq2",200,0.0301039218902588,419.07643198967,23.9351878166199,1.70808434486389
0.00192346228989013,0,"FSE","Tac2","DESeq2",200,0.029496431350708,443.56943154335,25.7597060203552,1.6528697013855
0.143434016042114,0,"FSE","Vip","DESeq2",200,0.0322501659393311,423.658175468445,25.207447052002,1.70782256126404
-0.0101482091803957,0,"rate_effect","Pvalb","wisp",201,0.0313875675201416,427.1850502491,25.8664109706879,2.41867923736572
-0.00894111201120631,0,"rate_effect","Slc17a7","wisp",201,0.0261313915252686,428.541162490845,22.9495022296906,1.70014810562134
0.00739281489495004,0,"rate_effect","Tac2","wisp",201,0.816929817199707,433.676968336105,31.5241286754608,2.48922324180603
-0.186487300259085,0,"rate_effect","Vip","wisp",201,0.0293712615966797,430.996541023254,24.3395192623138,1.70786213874817
-0.237032102233014,-0.209337003994733,"random_effect","replicate1","wisp",201,0.0294525623321533,435.360939741135,24.5862038135529,1.74760770797729
-0.185480654693886,-0.177654079161584,"random_effect","replicate2","wisp",201,0.0314376354217529,431.56404876709,26.8166272640228,1.69978642463684
0.273377526762433,0.0428480247501284,"random_effect","replicate3","wisp",201,0.0298619270324707,443.675142288208,30.911069393158,1.68198251724243
0.0171673340815486,-0.127492994768545,"random_effect","replicate4","wisp",201,0.0369207859039307,443.817051887512,31.6257169246674,1.67301535606384
1.8469030969031,0,"FSE","Pvalb","wisp",201,0.0287370681762695,425.840946435928,20.6871118545532,1.69628477096558
1.39000999000999,0,"FSE","Slc17a7","wisp",201,0.816901922225952,418.899758338928,25.4150378704071,1.71676182746887
1.18921703296703,0,"FSE","Tac2","wisp",201,0.0307743549346924,427.506590843201,28.1352660655975,1.71242094039917
1.19792707292707,0,"FSE","Vip","wisp",201,0.0329976081848145,430.744173049927,26.0876758098602,1.68078994750977
0.90682379123968,0,"SVG","Pvalb","ELLA",201,0.0331697463989258,343.210713863373,25.4671909809113,1.68777298927307
0.874113798194145,0,"SVG","Slc17a7","ELLA",201,0.0300967693328857,440.774281978607,23.2325868606567,2.37251234054565
0.986579500135006,0,"SVG","Tac2","ELLA",201,0.812228679656982,421.734682798386,24.0035390853882,1.67496418952942
0.936859029166479,1,"SVG","Vip","ELLA",201,0.0344059467315674,414.342206716537,31.1541674137115,1.68140697479248
0.000833345477403273,0,"rate_effect","Slc17a7","DESeq2",201,0.0330021381378174,437.451224327087,29.745246887207,1.75335311889648
1.64463269742054e-05,0,"rate_effect","Pvalb","DESeq2",201,0.0306010246276855,442.808385372162,28.5078384876251,1.74131655693054
-2.70579617794267e-05,0,"rate_effect","Tac2","DESeq2",201,0.0322425365447998,418.705527305603,32.1499083042145,1.71031928062439
-3.46739273538035e-05,0,"rate_effect","Vip","DESeq2",201,0.02848219871521,418.45457649231,31.55730676651,1.6748194694519
0.24089716381148,0,"FSE","Slc17a7","DESeq2",201,0.0327200889587402,418.613175630569,21.0245373249054,2.49808239936829
0.868438293658596,0,"FSE","Pvalb","DESeq2",201,0.0323636531829834,451.664989948273,26.4137582778931,1.71981382369995
0.868438293658596,0,"FSE","Tac2","DESeq2",201,0.0289516448974609,431.30482840538,26.2738811969757,1.79348587989807
0.868438293658596,0,"FSE","Vip","DESeq2",201,0.0340394973754883,424.700837850571,28.7098228931427,1.66401886940002
0.651748886614962,0.311286963988096,"rate_effect","Pvalb","wisp",202,0.0275821685791016,425.654767751694,28.4632177352905,1.66555500030518
-0.63214925991611,-0.152777622453868,"rate_effect","Slc17a7","wisp",202,0.0329325199127197,423.197243452072,33.9429748058319,1.6831533908844
0.587737050764803,0.298630550503731,"rate_effect","Tac2","wisp",202,0.0311880111694336,434.951207876205,25.2036564350128,1.74011588096619
-0.0166707540610669,0,"rate_effect","Vip","wisp",202,0.0296409130096436,440.225367546082,27.4221527576447,1.70881175994873
-0.114811184296834,-0.37297009001486,"random_effect","replicate1","wisp",202,0.817978858947754,426.278552532196,33.1131513118744,1.70468354225159
0.559117649238092,0.360000520246103,"random_effect","replicate2","wisp",202,0.0321147441864014,422.636915206909,29.2182486057281,1.70727491378784
-0.81506440726443,-0.4979466823861,"random_effect","replicate3","wisp",202,0.0328273773193359,447.521906852722,29.8023293018341,1.68975639343262
0.508741380711704,0.189185010734946,"random_effect","replicate4","wisp",202,0.0354571342468262,452.610210418701,26.6774995326996,1.70772361755371
0.140970140970141,1,"FSE","Pvalb","wisp",202,0.0321264266967773,433.965416669846,32.878084897995,1.7208776473999
0.12475024975025,1,"FSE","Slc17a7","wisp",202,0.0312814712524414,422.190920829773,24.4393150806427,1.70067930221558
0.173214540561479,1,"FSE","Tac2","wisp",202,0.0330197811126709,418.523633003235,25.5854187011719,1.69677972793579
0.384495504495505,0,"FSE","Vip","wisp",202,0.034435510635376,420.346521377563,26.4988250732422,1.68244385719299
0.904868700964056,1,"SVG","Pvalb","ELLA",202,0.0320837497711182,450.666950464249,31.1645810604095,1.67498111724854
0.973376139969539,1,"SVG","Slc17a7","ELLA",202,0.0363020896911621,457.17814874649,21.4324703216553,1.71121692657471
1.10001015624084e-06,1,"SVG","Tac2","ELLA",202,0.029810905456543,428.343622922897,28.0981600284576,1.70960855484009
7.33334284519493e-07,1,"SVG","Vip","ELLA",202,0.0300595760345459,430.763073682785,25.8358247280121,1.69846940040588
-1.63385733893616,0.311286963988096,"rate_effect","Slc17a7","DESeq2",202,0.0283267498016357,397.332173585892,18.7034997940063,1.69594931602478
0.757923351557971,-0.152777622453868,"rate_effect","Pvalb","DESeq2",202,0.0276176929473877,442.712224245071,28.8775310516357,1.6610062122345
0.700457600787216,0.298630550503731,"rate_effect","Tac2","DESeq2",202,0.0308253765106201,427.544069766998,28.7976498603821,1.63383769989014
-0.67216767081688,0,"rate_effect","Vip","DESeq2",202,0.809355020523071,410.579885721207,29.0670175552368,1.86269569396973
8.78822799009329e-281,1,"FSE","Slc17a7","DESeq2",202,0.0337629318237305,423.401099443436,29.6546030044556,1.68249821662903
6.09672626731415e-70,1,"FSE","Pvalb","DESeq2",202,0.0272953510284424,422.697418212891,28.5365047454834,1.725830078125
6.11181068370197e-58,1,"FSE","Tac2","DESeq2",202,0.029818058013916,439.7497215271,28.5780348777771,1.66135263442993
3.64951868254181e-56,0,"FSE","Vip","DESeq2",202,0.0316903591156006,433.967046022415,28.9943070411682,1.69037532806396
-0.0191081838221941,0,"rate_effect","Pvalb","wisp",203,0.0298211574554443,431.580412626266,25.7868802547455,1.6839165687561
0.363126446335795,0,"rate_effect","Slc17a7","wisp",203,0.030144214630127,421.375997781754,24.3016586303711,1.71349835395813
-0.0621447207126489,0,"rate_effect","Tac2","wisp",203,0.807829141616821,465.29434800148,29.0233175754547,1.72194504737854
0.114508515849511,0,"rate_effect","Vip","wisp",203,0.0383744239807129,429.53732085228,28.4468386173248,1.68207979202271
-0.487387924991598,-0.372041978640482,"random_effect","replicate1","wisp",203,0.0290732383728027,429.263690233231,27.6097779273987,1.72484445571899
-0.160702324919351,-0.144936849828809,"random_effect","replicate2","wisp",203,0.0312666893005371,437.413307189941,27.8502190113068,1.60901474952698
0.365254203900209,0.315941737266257,"random_effect","replicate3","wisp",203,0.805010795593262,426.455203294754,26.4656774997711,1.70355725288391
0.32248298777348,0.208193017868325,"random_effect","replicate4","wisp",203,0.0289487838745117,436.127036333084,28.2870264053345,1.67139077186584
1.07072519317417,0,"FSE","Pvalb","wisp",203,0.03226637840271,420.098921537399,31.8938703536987,1.69554042816162
1.05007492507492,0,"FSE","Slc17a7","wisp",203,0.032975435256958,438.165823221207,30.2825698852539,1.69946098327637
1.84215784215784,0,"FSE","Tac2","wisp",203,0.0294399261474609,422.019849300385,30.9425678253174,1.66973900794983
0.489541708291708,0,"FSE","Vip","wisp",203,0.0314321517944336,431.475331306458,22.7149419784546,1.67200517654419
0.864640543097339,0,"SVG","Pvalb","ELLA",203,0.0310087203979492,456.257085084915,32.455356836319,1.71188235282898
0.938718662164189,1,"SVG","Slc17a7","ELLA",203,0.0314266681671143,415.877539396286,24.0265824794769,1.67043447494507
0.953677324366284,1,"SVG","Tac2","ELLA",203,0.0294971466064453,416.692481517792,28.3475487232208,1.67638111114502
2.20464204536697e-06,1,"SVG","Vip","ELLA",203,0.0342004299163818,336.719402313232,26.6872763633728,1.68443870544434
0.00116998843207185,0,"rate_effect","Slc17a7","DESeq2",203,0.0316140651702881,440.845675230026,27.6376297473907,1.67763209342957
-2.16876225527856e-05,0,"rate_effect","Pvalb","DESeq2",203,0.0327372550964355,439.942652225494,29.3641135692596,1.70473194122314
6.99569327308093e-05,0,"rate_effect","Tac2","DESeq2",203,0.0318393707275391,427.237243175507,26.6134941577911,1.71749186515808
-8.16859277528298e-05,0,"rate_effect","Vip","DESeq2",203,0.0313699245452881,439.644544839859,28.5925753116608,1.69865012168884
0.32073404091789,0,"FSE","Slc17a7","DESeq2",203,0.0302164554595947,430.495224475861,30.2653694152832,1.85662579536438
0.555865637234482,0,"FSE","Pvalb","DESeq2",203,0.0278749465942383,433.838924407959,19.8628737926483,1.78214120864868
0.555865637234482,0,"FSE","Tac2","DESeq2",203,0.0278384685516357,430.360751152039,22.3971903324127,1.76852321624756
0.555865637234482,0,"FSE","Vip","DESeq2",203,0.0297048091888428,444.295955896378,24.0693807601929,1.65312027931213
-0.0231914214346774,0,"rate_effect","Pvalb","wisp",204,0.0325343608856201,439.585692644119,22.7576236724854,1.69080781936646
0.018826979640996,0,"rate_effect","Slc17a7","wisp",204,0.0392982959747314,440.06645655632,24.0361716747284,1.71503973007202
-0.0606405348064536,0,"rate_effect","Tac2","wisp",204,0.029843807220459,437.265570402145,32.5572719573975,1.693115234375
-0.261956224378522,0,"rate_effect","Vip","wisp",204,0.0291032791137695,439.432435512543,28.7472431659698,1.66761207580566
-0.0355555057221834,-0.123881136998534,"random_effect","replicate1","wisp",204,0.0333409309387207,453.339238643646,31.4272742271423,1.68288779258728
0.389381186538997,0.393463385524228,"random_effect","replicate2","wisp",204,0.0347957611083984,417.253128051758,31.6567099094391,1.64820694923401
-0.61062823157524,-0.439526085043326,"random_effect","replicate3","wisp",204,0.0314128398895264,437.256318807602,26.5088288784027,1.63021802902222
0.393187845630589,0.374063516966999,"random_effect","replicate4","wisp",204,0.0340812206268311,430.002932310104,29.5874364376068,1.69731545448303
0.988469387755102,0,"FSE","Pvalb","wisp",204,0.0293447971343994,435.143224954605,28.5866005420685,1.70678520202637
1.40716,0,"FSE","Slc17a7","wisp",204,0.0311143398284912,445.551970005035,28.4414129257202,1.71600365638733
0.809612244897959,0,"FSE","Tac2","wisp",204,0.0289325714111328,403.162273168564,26.9035997390747,1.71544790267944
0.4511875,0,"FSE","Vip","wisp",204,0.0286831855773926,430.203703165054,26.6837778091431,1.66840791702271
0.890395921086501,0,"SVG","Pvalb","ELLA",204,1.57948327064514,437.185100317001,27.2536680698395,1.667564868927
0.917152299728219,0,"SVG","Slc17a7","ELLA",204,0.034404993057251,445.910422801971,27.2072422504425,1.68012309074402
0.897398057376096,1,"SVG","Tac2","ELLA",204,0.0283098220825195,453.391103506088,26.5794351100922,1.68018746376038
2.20001466172404e-06,1,"SVG","Vip","ELLA",204,0.801506280899048,419.876414775848,24.7873849868774,1.75839638710022
0.00345030846135512,0,"rate_effect","Slc17a7","DESeq2",204,0.0307512283325195,428.397931814194,25.2241079807281,1.7059383392334
-0.00295474292370076,0,"rate_effect","Pvalb","DESeq2",204,0.0340209007263184,436.847017526627,28.057745218277,1.85157752037048
0.0246006299611428,0,"rate_effect","Tac2","DESeq2",204,0.0325219631195068,418.58698797226,21.6276752948761,1.68365335464478
-0.00387624686692509,0,"rate_effect","Vip","DESeq2",204,0.029606819152832,451.323617219925,28.6904950141907,1.68021440505981
0.360824421510636,0,"FSE","Slc17a7","DESeq2",204,0.0282809734344482,451.912832021713,22.7493710517883,1.72066164016724
0.360824421510636,0,"FSE","Pvalb","DESeq2",204,0.801509857177734,422.313986063004,26.464081287384,1.70801472663879
0.0548435156649277,0,"FSE","Tac2","DESeq2",204,0.035719633102417,420.760576486588,28.6639797687531,1.73553800582886
0.360824421510636,0,"FSE","Vip","DESeq2",204,0.0332770347595215,423.522397279739,32.0795929431915,1.68319892883301
0.341556943805885,0,"rate_effect","Pvalb","wisp",205,0.0316963195800781,452.135765552521,27.33478307724,1.69501924514771
0.125158121447898,0,"rate_effect","Slc17a7","wisp",205,0.0274889469146729,429.882750511169,29.0840692520142,2.21656131744385
0.0296144571960649,0,"rate_effect","Tac2","wisp",205,0.0337462425231934,456.47945690155,29.6877138614655,1.71448874473572
0.126347915846867,0,"rate_effect","Vip","wisp",205,0.0293803215026855,422.508548974991,28.0290486812592,1.72083115577698
0.338786825725929,0.275613276986405,"random_effect","replicate1","wisp",205,0.0302333831787109,425.557153701782,25.630185842514,1.71045875549316
0.328976835860481,0.331338534364477,"random_effect","replicate2","wisp",205,0.0314383506774902,456.831465482712,28.0305428504944,1.73749208450317
-0.374351411225851,-0.303209138102829,"random_effect","replicate3","wisp",205,0.0300333499908447,420.228207826614,25.318615436554,1.76744961738586
-0.3823645511347,-0.296219849260524,"random_effect","replicate4","wisp",205,0.029646635055542,425.508758306503,32.9703578948975,1.67997980117798
0.507382382382382,0,"FSE","Pvalb","wisp",205,0.795555591583252,424.274295568466,28.6420726776123,1.70204496383667
0.465590590590591,0,"FSE","Slc17a7","wisp",205,0.0330798625946045,427.26707816124,18.6909942626953,1.63834738731384
0.80750137892995,0,"FSE","Tac2","wisp",205,0.0290913581848145,427.728501081467,29.9143071174622,1.79513120651245
0.525247469691914,0,"FSE","Vip","wisp",205,0.0293011665344238,426.269878864288,28.6204409599304,1.68565964698792
0.76388500552057,1,"SVG","Pvalb","ELLA",205,0.0388209819793701,418.660535097122,32.9334063529968,1.7362232208252
0.965706026832857,1,"SVG","Slc17a7","ELLA",205,0.0292532444000244,425.60621213913,21.9722917079926,1.68773722648621
0.85548100282707,0,"SVG","Tac2","ELLA",205,0.0324656963348389,443.387887001038,24.3710117340088,1.69161748886108
0.994199260091275,1,"SVG","Vip","ELLA",205,0.0302588939666748,439.416900157928,23.9184587001801,1.70590662956238
0.00013758006543643,0,"rate_effect","Slc17a7","DESeq2",205,0.0327942371368408,438.957689762115,27.6632163524628,1.71968770027161
-0.000112007235994743,0,"rate_effect","Pvalb","DESeq2",205,0.0285742282867432,421.09440946579,29.6664223670959,1.71637344360352
-6.44344037784509e-05,0,"rate_effect","Tac2","DESeq2",205,0.0321705341339111,433.779055833817,24.2364208698273,1.66416764259338
-2.84002681797037e-05,0,"rate_effect","Vip","DESeq2",205,0.0324299335479736,441.995455741882,30.9328153133392,1.71126890182495
0.776338984013305,0,"FSE","Slc17a7","DESeq2",205,0.029210090637207,439.464953899384,34.3297638893127,1.69986629486084
0.776338984013305,0,"FSE","Pvalb","DESeq2",205,0.0426244735717773,437.597018718719,24.8363919258118,1.68951106071472
0.776338984013305,0,"FSE","Tac2","DESeq2",205,0.0324771404266357,425.207281112671,34.9626548290253,1.69158744812012
0.776338984013305,0,"FSE","Vip","DESeq2",205,0.0298991203308105,418.647297859192,25.208455324173,1.70028805732727
1.01221757900428,0.436114868381992,"rate_effect","Pvalb","wisp",206,0.0298573970794678,427.855692625046,21.8786227703094,1.69300127029419
-0.013777752861598,0,"rate_effect","Slc17a7","wisp",206,0.0312502384185791,432.517842054367,28.3129653930664,1.68675136566162
1.02309471310716,0.393040249589831,"rate_effect","Tac2","wisp",206,0.0320358276367188,411.424299955368,27.6908824443817,1.68193197250366
-0.0503721169690838,0,"rate_effect","Vip","wisp",206,0.0310063362121582,427.761325597763,29.3594481945038,1.68344497680664
-0.201524699541015,0.0670368142891675,"random_effect","replicate1","wisp",206,0.0334844589233398,428.166197538376,26.1797046661377,1.7228901386261
0.0590268944477478,0.27082541026175,"random_effect","replicate2","wisp",206,0.0315742492675781,434.415714979172,25.5722579956055,1.75341796875
0.121273039622356,0.280851902673021,"random_effect","replicate3","wisp",206,0.0306034088134766,423.648044109344,28.6630384922028,2.33507633209229
0.0843935138394189,0.235271657351404,"random_effect","replicate4","wisp",206,0.0319352149963379,457.630842685699,30.2729852199554,1.71965885162354
0.00513375513375514,1,"FSE","Pvalb","wisp",206,0.0309898853302002,427.793577194214,24.6332676410675,1.78945779800415
0.974802974802975,0,"FSE","Slc17a7","wisp",206,0.0248186588287354,427.134085416794,20.8497416973114,1.70171666145325
0.051825725295113,1,"FSE","Tac2","wisp",206,0.0303020477294922,449.407165288925,26.851879119873,1.69535422325134
0.842837162837163,0,"FSE","Vip","wisp",206,0.0301089286804199,428.247339248657,29.8079919815063,1.66396045684814
2.20014948043579e-06,1,"SVG","Pvalb","ELLA",206,0.0322089195251465,408.884809732437,26.4115223884583,1.72398972511292
0.893985493559557,0,"SVG","Slc17a7","ELLA",206,0.0315802097320557,422.765319108963,25.9771552085876,1.73013639450073
2.20000235029438e-07,1,"SVG","Tac2","ELLA",206,0.0289065837860107,439.160111427307,22.1827802658081,1.76004147529602
0.907503073118301,0,"SVG","Vip","ELLA",206,0.0298852920532227,427.017245531082,28.7798230648041,1.70368719100952
-0.844428638815018,0.436114868381992,"rate_effect","Slc17a7","DESeq2",206,0.0346510410308838,423.745444536209,30.480721950531,1.68005108833313
0.956585105705411,0,"rate_effect","Pvalb","DESeq2",206,0.0336208343505859,457.350196123123,29.9804899692535,1.70068073272705
0.84071491709922,0.393040249589831,"rate_effect","Tac2","DESeq2",206,0.0338809490203857,436.45938372612,22.8680624961853,1.66281175613403
-0.852043860119476,0,"rate_effect","Vip","DESeq2",206,0.034174919128418,440.511873960495,28.8962671756744,1.64716815948486
0,1,"FSE","Slc17a7","DESeq2",206,0.0303421020507812,427.628512382507,22.2104892730713,1.71368527412415
0,0,"FSE","Pvalb","DESeq2",206,0.0332088470458984,344.416242599487,30.4543399810791,1.69739413261414
0,1,"FSE","Tac2","DESeq2",206,0.0305843353271484,431.98536658287,24.406289100647,1.68058586120605
0,0,"FSE","Vip","DESeq2",206,0.0328588485717773,449.26571059227,33.3354132175446,1.73019027709961
0.0171517037060702,0,"rate_effect","Pvalb","wisp",207,0.0297694206237793,439.159985542297,26.3205349445343,1.71449494361877
-0.00761409647412643,0,"rate_effect","Slc17a7","wisp",207,0.0305607318878174,428.652082204819,30.6755955219269,1.88950419425964
0.0573915697199185,0,"rate_effect","Tac2","wisp",207,0.0316033363342285,445.094449043274,42.2195236682892,1.67439436912537
-0.384104701226273,0,"rate_effect","Vip","wisp",207,0.0265688896179199,435.233200311661,26.1416709423065,1.71018147468567
0.319461160677639,0.277236721711233,"random_effect","replicate1","wisp",207,0.0327644348144531,439.456162452698,26.0999274253845,1.78638219833374
0.36322473569019,0.336087451782078,"random_effect","replicate2","wisp",207,0.0307676792144775,437.681057214737,27.9302146434784,1.65710139274597
-0.637379844657088,-0.441538235172629,"random_effect","replicate3","wisp",207,0.0290651321411133,427.405111312866,22.3053696155548,1.72048687934875
0.327690740049017,0.31219815928489,"random_effect","replicate4","wisp",207,0.0320477485656738,433.640318632126,29.350049495697,1.72802352905273
1.34418359418359,0,"FSE","Pvalb","wisp",207,0.0298590660095215,448.810079097748,25.333607673645,1.71256875991821
1.26389936594018,0,"FSE","Slc17a7","wisp",207,0.0316283702850342,455.552742004395,29.5427038669586,1.7094087600708
1.07661726029073,0,"FSE","Tac2","wisp",207,0.0333898067474365,440.108868360519,23.9051141738892,1.67539310455322
0.437562437562437,0,"FSE","Vip","wisp",207,0.0299966335296631,419.217404127121,32.1976454257965,1.70710897445679
2.20007279483347e-06,1,"SVG","Pvalb","ELLA",207,0.0458025932312012,433.931190729141,28.3724331855774,1.67933249473572
0.991287391884757,0,"SVG","Slc17a7","ELLA",207,0.0300023555755615,429.552792310715,29.0982015132904,1.65337753295898
0.885481889477361,1,"SVG","Tac2","ELLA",207,0.0322961807250977,435.765223503113,31.6087048053741,1.71501207351685
0.8938937741646,1,"SVG","Vip","ELLA",207,0.0341274738311768,417.889683008194,28.9951059818268,1.70399403572083
0.0013457418649703,0,"rate_effect","Slc17a7","DESeq2",207,0.0294394493103027,453.733312368393,25.2916481494904,1.77246928215027
-0.015848256471399,0,"rate_effect","Pvalb","DESeq2",207,0.0308578014373779,468.61527967453,25.4667437076569,1.71070170402527
0.0570874235079588,0,"rate_effect","Tac2","DESeq2",207,0.820080041885376,436.097178220749,26.8479788303375,1.66347169876099
-0.0106284468493955,0,"rate_effect","Vip","DESeq2",207,0.0320253372192383,431.81830573082,30.8184201717377,1.66999959945679
0.826849533633633,0,"FSE","Slc17a7","DESeq2",207,0.0323450565338135,407.469310998917,23.6902546882629,1.6712794303894
0.163135014460334,0,"FSE","Pvalb","DESeq2",207,0.0303232669830322,458.878425359726,29.6515972614288,1.6605019569397
8.60749830130415e-05,0,"FSE","Tac2","DESeq2",207,0.0322065353393555,419.259837388992,28.8181869983673,1.6933798789978
0.3557211170972,0,"FSE","Vip","DESeq2",207,0.0321733951568604,430.462215185165,29.7094798088074,1.70585680007935
0.256684716108364,0.105828557629138,"rate_effect","Pvalb","wisp",208,0.0398569107055664,434.449024200439,32.2220323085785,1.69411945343018
-0.00652284122576548,0,"rate_effect","Slc17a7","wisp",208,0.0285923480987549,429.197801351547,26.8881816864014,1.82680439949036
0.0204230674098444,0,"rate_effect","Tac2","wisp",208,0.0303695201873779,462.501043796539,27.2750470638275,1.7259795665741
-1.10836038434648,-0.279545451048762,"rate_effect","Vip","wisp",208,0.0310995578765869,422.670966625214,21.7350451946259,1.75525784492493
-0.481558188056061,-0.348511374089867,"random_effect","replicate1","wisp",208,0.0324530601501465,428.048925638199,30.4400534629822,1.65608763694763
0.204042363668146,0.17495959578082,"random_effect","replicate2","wisp",208,0.80547022819519,440.463515520096,28.439962387085,1.65983462333679
0.312549922163597,0.413871980272233,"random_effect","replicate3","wisp",208,0.0333585739135742,445.77917599678,26.5162720680237,1.65799617767334
0.231978904770794,0.218859555898234,"random_effect","replicate4","wisp",208,0.834730386734009,404.486200332642,22.7781071662903,1.70609188079834
0.343471154695644,1,"FSE","Pvalb","wisp",208,0.0285840034484863,414.615249633789,23.4158487319946,1.73908114433289
0.965165043290043,0,"FSE","Slc17a7","wisp",208,0.0306859016418457,433.938928842545,33.8327622413635,1.7237377166748
0.729901051329623,0,"FSE","Tac2","wisp",208,0.0308890342712402,422.670696020126,25.4336326122284,1.66652059555054
0,1,"FSE","Vip","wisp",208,0.0306036472320557,419.418052911758,25.2467229366302,1.70362830162048
0.83407348559528,1,"SVG","Pvalb","ELLA",208,0.0317995548248291,461.469823598862,32.3803489208221,1.67511296272278
0.791175889606213,0,"SVG","Slc17a7","ELLA",208,0.0344686508178711,434.89457821846,27.1384015083313,1.70538330078125
0.843452194126427,0,"SVG","Tac2","ELLA",208,0.0282166004180908,443.423809051514,32.3087086677551,1.67403841018677
3.66666951245875e-07,1,"SVG","Vip","ELLA",208,0.0308902263641357,431.944690704346,30.5837070941925,1.7223334312439
-0.0156312378071294,0.105828557629138,"rate_effect","Slc17a7","DESeq2",208,0.0291938781738281,425.225584983826,23.5495102405548,1.67557716369629
0.529758618299749,0,"rate_effect","Pvalb","DESeq2",208,0.0274803638458252,449.36609172821,29.871399641037,1.7144455909729
0.00984926120806481,0,"rate_effect","Tac2","DESeq2",208,0.0323798656463623,397.502710580826,26.9996373653412,1.68184280395508
-2.46897907967816,-0.279545451048762,"rate_effect","Vip","DESeq2",208,0.0408256053924561,431.450164318085,30.4177463054657,1.70918226242065
0.150141503020775,1,"FSE","Slc17a7","DESeq2",208,0.0313534736633301,438.536264657974,29.9569611549377,1.84068560600281
0,0,"FSE","Pvalb","DESeq2",208,0.0400087833404541,433.042570114136,30.6304001808167,1.66168165206909
0.53494255073459,0,"FSE","Tac2","DESeq2",208,0.817047119140625,430.118763923645,24.3502914905548,1.6999716758728
0,1,"FSE","Vip","DESeq2",208,0.0297436714172363,437.071761846542,23.595419883728,1.64554500579834
0.0583301540192727,0,"rate_effect","Pvalb","wisp",209,0.032271146774292,436.101019144058,24.8949110507965,1.70548939704895
0.0881376360164555,0,"rate_effect","Slc17a7","wisp",209,0.0315263271331787,432.288017749786,30.956157207489,1.69679665565491
-0.00545258880189961,0,"rate_effect","Tac2","wisp",209,0.0336310863494873,437.491618871689,23.7585678100586,1.71569228172302
-1.52980513101235,-0.31050378177315,"rate_effect","Vip","wisp",209,1.60711026191711,421.640034914017,25.7011733055115,1.6941704750061
-0.583712160563922,-0.452997165266424,"random_effect","replicate1","wisp",209,0.0332968235015869,424.412275791168,31.337925195694,1.72009944915771
0.38749147982187,0.365349286934361,"random_effect","replicate2","wisp",209,0.0317978858947754,432.436423778534,26.7529740333557,1.69773530960083
-0.0282448054829775,-0.172994162654504,"random_effect","replicate3","wisp",209,0.0310676097869873,423.374612569809,30.5652163028717,1.68888401985168
0.409120865729947,0.42921661096625,"random_effect","replicate4","wisp",209,0.0288574695587158,432.843449831009,27.3957550525665,1.6828761100769
0.454575818303273,0,"FSE","Pvalb","wisp",209,0.0459022521972656,226.993104219437,24.1935837268829,1.51726198196411
0.312064128256513,0,"FSE","Slc17a7","wisp",209,0.0322229862213135,331.06693983078,30.7433168888092,1.6044819355011
0.253425217782504,0,"FSE","Tac2","wisp",209,0.0333068370819092,374.853465080261,21.7227132320404,1.55030393600464
0.00180360721442876,1,"FSE","Vip","wisp",209,0.0307085514068604,384.058814287186,22.0142612457275,1.6028254032135
0.798449559672572,1,"SVG","Pvalb","ELLA",209,0.0302438735961914,391.767779111862,25.2758643627167,1.53045392036438
0.860297996385082,1,"SVG","Slc17a7","ELLA",209,0.0305290222167969,388.461657047272,23.9431219100952,1.55912685394287
7.33337279568147e-07,1,"SVG","Tac2","ELLA",209,0.0326883792877197,384.937769889832,29.8561155796051,1.56570911407471
3.66670428686433e-07,1,"SVG","Vip","ELLA",209,0.026921272277832,389.509970188141,21.9643669128418,1.66833257675171
-0.00359478314247347,0,"rate_effect","Slc17a7","DESeq2",209,0.0267267227172852,388.007637023926,30.0672695636749,1.57240080833435
0.0105970417786364,0,"rate_effect","Pvalb","DESeq2",209,0.0300586223602295,418.203063964844,30.2898714542389,1.61718273162842
0.0445602837629073,0,"rate_effect","Tac2","DESeq2",209,0.0290942192077637,406.942582845688,31.5599641799927,1.58856463432312
-2.83479001755456,-0.31050378177315,"rate_effect","Vip","DESeq2",209,0.0287714004516602,429.646015167236,26.2195875644684,1.60668730735779
0.606685003569476,0,"FSE","Slc17a7","DESeq2",209,0.0317835807800293,341.669018268585,26.9653091430664,1.54579663276672
0.606685003569476,0,"FSE","Pvalb","DESeq2",209,0.0308656692504883,410.980796337128,26.0913398265839,1.58828997612
0.154034167246553,0,"FSE","Tac2","DESeq2",209,0.0299198627471924,381.337107896805,27.0866591930389,1.55881309509277
0,1,"FSE","Vip","DESeq2",209,0.0317187309265137,406.580022573471,25.456356048584,2.13756680488586
-0.596874336716792,-0.15965373092331,"rate_effect","Pvalb","wisp",210,0.0320427417755127,381.373903751373,26.0200519561768,1.62136936187744
0.0657955798143649,0,"rate_effect","Slc17a7","wisp",210,0.0314962863922119,398.525640964508,30.7137763500214,1.63695192337036
0.0412525262612838,0,"rate_effect","Tac2","wisp",210,0.0254049301147461,391.480886697769,26.8268549442291,1.66666102409363
-0.00193611402817888,0,"rate_effect","Vip","wisp",210,0.0256845951080322,386.229352712631,22.1226570606232,2.23532843589783
-0.38815787838819,-0.326115016127005,"random_effect","replicate1","wisp",210,0.0274255275726318,393.043655633926,26.3135740756989,1.62186360359192
-0.337072186794114,-0.289637697627768,"random_effect","replicate2","wisp",210,0.0314497947692871,399.737291574478,27.4356372356415,1.54793643951416
0.369131435364625,0.394013117300346,"random_effect","replicate3","wisp",210,0.0278842449188232,407.994123220444,30.0831542015076,1.70397877693176
0.283004108155722,0.111918329494074,"random_effect","replicate4","wisp",210,0.0312459468841553,454.349458694458,27.4588553905487,1.65162825584412
0.019558676028084,1,"FSE","Pvalb","wisp",210,0.0302815437316895,416.451984167099,27.4706983566284,1.66848421096802
0.49636409227683,0,"FSE","Slc17a7","wisp",210,0.030287504196167,445.160679101944,26.9797604084015,1.6416482925415
0.690007522567703,0,"FSE","Tac2","wisp",210,0.0270621776580811,418.129014253616,28.2524511814117,1.66839957237244
0.813997548200156,0,"FSE","Vip","wisp",210,0.025137186050415,427.151807546616,30.0656287670135,1.72059488296509
0.917741699921144,1,"SVG","Pvalb","ELLA",210,0.0248410701751709,419.83846116066,32.9552249908447,1.71002101898193
0.844638114437381,1,"SVG","Slc17a7","ELLA",210,0.031097412109375,420.148341417313,25.3059678077698,1.70672941207886
1.10001499509238e-06,1,"SVG","Tac2","ELLA",210,0.0304763317108154,422.099095344543,27.7931344509125,1.73184728622437
0.813602263012284,1,"SVG","Vip","ELLA",210,0.0281741619110107,436.614368438721,25.8525140285492,1.87365055084229
-0.0136788197107636,-0.15965373092331,"rate_effect","Slc17a7","DESeq2",210,0.031022310256958,431.403715372086,31.1884779930115,1.73899722099304
-1.13763181430368,0,"rate_effect","Pvalb","DESeq2",210,0.0317983627319336,446.260487318039,21.985191822052,1.75307321548462
0.0711277066863415,0,"rate_effect","Tac2","DESeq2",210,0.0358791351318359,425.043972253799,28.740198135376,1.71167206764221
0.0275863600641683,0,"rate_effect","Vip","DESeq2",210,0.0326249599456787,432.28660774231,34.3577883243561,1.82336187362671
0.0345197356604254,1,"FSE","Slc17a7","DESeq2",210,0.025691032409668,413.085528612137,26.3216788768768,1.68938827514648
0,0,"FSE","Pvalb","DESeq2",210,0.0321977138519287,431.868797302246,31.4128401279449,1.72128224372864
0.012735516404307,0,"FSE","Tac2","DESeq2",210,0.0303294658660889,427.370543956757,21.0685846805573,1.7031238079071
0.119894124753988,0,"FSE","Vip","DESeq2",210,0.031196117401123,438.467203855515,26.1320161819458,1.84325361251831
0.0312654974889172,0,"rate_effect","Pvalb","wisp",211,0.0318443775177002,416.291744470596,28.2499594688416,1.83968019485474
-0.00522724867556162,0,"rate_effect","Slc17a7","wisp",211,0.0282285213470459,444.577963352203,21.2990975379944,2.37900733947754
-0.110137560112889,0,"rate_effect","Tac2","wisp",211,0.029576301574707,425.557831048965,32.9004528522491,2.33510065078735
0.042831768160399,0,"rate_effect","Vip","wisp",211,0.0261030197143555,454.543220043182,25.3657302856445,1.65312337875366
0.062040095499385,-0.161393084097654,"random_effect","replicate1","wisp",211,0.030604362487793,448.491393089294,27.0592975616455,1.72818160057068
0.238947216035124,-0.0761777656152844,"random_effect","replicate2","wisp",211,0.0423741340637207,418.818164825439,24.772531747818,1.71317410469055
0.303958096495893,-0.000236612511798739,"random_effect","replicate3","wisp",211,0.0336840152740479,421.485532522202,26.0124709606171,1.66458964347839
-0.398560754494382,-0.324777806643397,"random_effect","replicate4","wisp",211,0.0301039218902588,419.07643198967,23.9351878166199,1.70808434486389
1.2982982982983,0,"FSE","Pvalb","wisp",211,0.029496431350708,443.56943154335,25.7597060203552,1.6528697013855
1.27094441380156,0,"FSE","Slc17a7","wisp",211,0.0322501659393311,423.658175468445,25.207447052002,1.70782256126404
0.948683377254806,0,"FSE","Tac2","wisp",211,0.0313875675201416,427.1850502491,25.8664109706879,2.41867923736572
0.934387512512513,0,"FSE","Vip","wisp",211,0.0261313915252686,428.541162490845,22.9495022296906,1.70014810562134
0.770291245938546,0,"SVG","Pvalb","ELLA",211,0.816929817199707,433.676968336105,31.5241286754608,2.48922324180603
0.951073892158924,0,"SVG","Slc17a7","ELLA",211,0.0293712615966797,430.996541023254,24.3395192623138,1.70786213874817
1.10004633341321e-06,1,"SVG","Tac2","ELLA",211,0.0294525623321533,435.360939741135,24.5862038135529,1.74760770797729
0.974827397579571,0,"SVG","Vip","ELLA",211,0.0314376354217529,431.56404876709,26.8166272640228,1.69978642463684
-0.000395595133338961,0,"rate_effect","Slc17a7","DESeq2",211,0.0298619270324707,443.675142288208,30.911069393158,1.68198251724243
-8.69324950753028e-05,0,"rate_effect","Pvalb","DESeq2",211,0.0369207859039307,443.817051887512,31.6257169246674,1.67301535606384
-1.57611743751047e-05,0,"rate_effect","Tac2","DESeq2",211,0.0287370681762695,425.840946435928,20.6871118545532,1.69628477096558
3.92877455300744e-05,0,"rate_effect","Vip","DESeq2",211,0.816901922225952,418.899758338928,25.4150378704071,1.71676182746887
0.749058085202212,0,"FSE","Slc17a7","DESeq2",211,0.0307743549346924,427.506590843201,28.1352660655975,1.71242094039917
0.95836086566846,0,"FSE","Pvalb","DESeq2",211,0.0329976081848145,430.744173049927,26.0876758098602,1.68078994750977
0.749058085202212,0,"FSE","Tac2","DESeq2",211,0.0331697463989258,343.210713863373,25.4671909809113,1.68777298927307
0.95836086566846,0,"FSE","Vip","DESeq2",211,0.0300967693328857,440.774281978607,23.2325868606567,2.37251234054565
-0.00497552835912597,0,"rate_effect","Pvalb","wisp",212,0.812228679656982,421.734682798386,24.0035390853882,1.67496418952942
-1.68108375842639,-0.297725670738146,"rate_effect","Slc17a7","wisp",212,0.0344059467315674,414.342206716537,31.1541674137115,1.68140697479248
0.306000162852955,0,"rate_effect","Tac2","wisp",212,0.0330021381378174,437.451224327087,29.745246887207,1.75335311889648
-0.0878238681990552,0,"rate_effect","Vip","wisp",212,0.0306010246276855,442.808385372162,28.5078384876251,1.74131655693054
0.260243521215581,-0.148126864107326,"random_effect","replicate1","wisp",212,0.0322425365447998,418.705527305603,32.1499083042145,1.71031928062439
0.168218566280678,-0.184906616341323,"random_effect","replicate2","wisp",212,0.02848219871521,418.45457649231,31.55730676651,1.6748194694519
0.328084204090449,-0.0513900220394135,"random_effect","replicate3","wisp",212,0.0327200889587402,418.613175630569,21.0245373249054,2.49808239936829
-0.472325952709239,-0.417335563106462,"random_effect","replicate4","wisp",212,0.0323636531829834,451.664989948273,26.4137582778931,1.71981382369995
1.29927414852038,0,"FSE","Pvalb","wisp",212,0.0289516448974609,431.30482840538,26.2738811969757,1.79348587989807
0,1,"FSE","Slc17a7","wisp",212,0.0340394973754883,424.700837850571,28.7098228931427,1.66401886940002
0.449560301507538,0,"FSE","Tac2","wisp",212,0.0275821685791016,425.654767751694,28.4632177352905,1.66555500030518
0.822391959798995,0,"FSE","Vip","wisp",212,0.0329325199127197,423.197243452072,33.9429748058319,1.6831533908844
0.927629731222223,0,"SVG","Pvalb","ELLA",212,0.0311880111694336,434.951207876205,25.2036564350128,1.74011588096619
0.925010242909873,1,"SVG","Slc17a7","ELLA",212,0.0296409130096436,440.225367546082,27.4221527576447,1.70881175994873
4.40000678947339e-07,1,"SVG","Tac2","ELLA",212,0.817978858947754,426.278552532196,33.1131513118744,1.70468354225159
2.20003215239961e-06,1,"SVG","Vip","ELLA",212,0.0321147441864014,422.636915206909,29.2182486057281,1.70727491378784
-2.59112589772709,0,"rate_effect","Slc17a7","DESeq2",212,0.0328273773193359,447.521906852722,29.8023293018341,1.68975639343262
0.0251636919630989,-0.297725670738146,"rate_effect","Pvalb","DESeq2",212,0.0354571342468262,452.610210418701,26.6774995326996,1.70772361755371
0.0751097763863193,0,"rate_effect","Tac2","DESeq2",212,0.0321264266967773,433.965416669846,32.878084897995,1.7208776473999
-0.01572601995057,0,"rate_effect","Vip","DESeq2",212,0.0312814712524414,422.190920829773,24.4393150806427,1.70067930221558
0,0,"FSE","Slc17a7","DESeq2",212,0.0330197811126709,418.523633003235,25.5854187011719,1.69677972793579
0.140510393309996,1,"FSE","Pvalb","DESeq2",212,0.034435510635376,420.346521377563,26.4988250732422,1.68244385719299
0.00146753422452899,0,"FSE","Tac2","DESeq2",212,0.0320837497711182,450.666950464249,31.1645810604095,1.67498111724854
0.425599339491228,0,"FSE","Vip","DESeq2",212,0.0363020896911621,457.17814874649,21.4324703216553,1.71121692657471
-0.103190464512032,0,"rate_effect","Pvalb","wisp",213,0.029810905456543,428.343622922897,28.0981600284576,1.70960855484009
0.458963933262857,0,"rate_effect","Slc17a7","wisp",213,0.0300595760345459,430.763073682785,25.8358247280121,1.69846940040588
-0.00699315610537246,0,"rate_effect","Tac2","wisp",213,0.0283267498016357,397.332173585892,18.7034997940063,1.69594931602478
0.251220159637176,0,"rate_effect","Vip","wisp",213,0.0276176929473877,442.712224245071,28.8775310516357,1.6610062122345
-0.364082842116306,-0.199263101443648,"random_effect","replicate1","wisp",213,0.0308253765106201,427.544069766998,28.7976498603821,1.63383769989014
0.243800684678288,0.327935385284945,"random_effect","replicate2","wisp",213,0.809355020523071,410.579885721207,29.0670175552368,1.86269569396973
-0.0651221584700553,0.235858386615291,"random_effect","replicate3","wisp",213,0.0337629318237305,423.401099443436,29.6546030044556,1.68249821662903
0.186340541850808,0.29697866528295,"random_effect","replicate4","wisp",213,0.0272953510284424,422.697418212891,28.5365047454834,1.725830078125
0.7165625,0,"FSE","Pvalb","wisp",213,0.029818058013916,439.7497215271,28.5780348777771,1.66135263442993
0.993125,0,"FSE","Slc17a7","wisp",213,0.0316903591156006,433.967046022415,28.9943070411682,1.69037532806396
1.01128,0,"FSE","Tac2","wisp",213,0.0298211574554443,431.580412626266,25.7868802547455,1.6839165687561
0.0386666666666667,0,"FSE","Vip","wisp",213,0.030144214630127,421.375997781754,24.3016586303711,1.71349835395813
0.833663791302644,1,"SVG","Pvalb","ELLA",213,0.807829141616821,465.29434800148,29.0233175754547,1.72194504737854
0.885153326559789,1,"SVG","Slc17a7","ELLA",213,0.0383744239807129,429.53732085228,28.4468386173248,1.68207979202271
0.89605222802996,1,"SVG","Tac2","ELLA",213,0.0290732383728027,429.263690233231,27.6097779273987,1.72484445571899
0.876583510688893,1,"SVG","Vip","ELLA",213,0.0312666893005371,437.413307189941,27.8502190113068,1.60901474952698
0.0163010351248165,0,"rate_effect","Slc17a7","DESeq2",213,0.805010795593262,426.455203294754,26.4656774997711,1.70355725288391
-0.00553250963455377,0,"rate_effect","Pvalb","DESeq2",213,0.0289487838745117,436.127036333084,28.2870264053345,1.67139077186584
-0.0101140367832685,0,"rate_effect","Tac2","DESeq2",213,0.03226637840271,420.098921537399,31.8938703536987,1.69554042816162
-1.98520078195613e-05,0,"rate_effect","Vip","DESeq2",213,0.032975435256958,438.165823221207,30.2825698852539,1.69946098327637
0.00010126005819643,0,"FSE","Slc17a7","DESeq2",213,0.0294399261474609,422.019849300385,30.9425678253174,1.66973900794983
0.521030197309986,0,"FSE","Pvalb","DESeq2",213,0.0314321517944336,431.475331306458,22.7149419784546,1.67200517654419
0.25756718018713,0,"FSE","Tac2","DESeq2",213,0.0310087203979492,456.257085084915,32.455356836319,1.71188235282898
0.965349878405083,0,"FSE","Vip","DESeq2",213,0.0314266681671143,415.877539396286,24.0265824794769,1.67043447494507
-0.158334623903941,-0.0318470350466669,"rate_effect","Pvalb","wisp",214,0.0294971466064453,416.692481517792,28.3475487232208,1.67638111114502
-0.0425955289588317,0,"rate_effect","Slc17a7","wisp",214,0.0342004299163818,336.719402313232,26.6872763633728,1.68443870544434
0.0284824209333947,0,"rate_effect","Tac2","wisp",214,0.0316140651702881,440.845675230026,27.6376297473907,1.67763209342957
0.130248240095674,0.0415975947398692,"rate_effect","Vip","wisp",214,0.0327372550964355,439.942652225494,29.3641135692596,1.70473194122314
0.0972356158374567,0.246248971670866,"random_effect","replicate1","wisp",214,0.0318393707275391,427.237243175507,26.6134941577911,1.71749186515808
0.22375246191291,0.444989310577512,"random_effect","replicate2","wisp",214,0.0313699245452881,439.644544839859,28.5925753116608,1.69865012168884
-0.138399607260071,0.139429873554036,"random_effect","replicate3","wisp",214,0.0302164554595947,430.495224475861,30.2653694152832,1.85662579536438
-0.238086298943134,0.0344984792172909,"random_effect","replicate4","wisp",214,0.0278749465942383,433.838924407959,19.8628737926483,1.78214120864868
0.613969363969364,1,"FSE","Pvalb","wisp",214,0.0278384685516357,430.360751152039,22.3971903324127,1.76852321624756
0.828011988011988,0,"FSE","Slc17a7","wisp",214,0.0297048091888428,444.295955896378,24.0693807601929,1.65312027931213
0.9504107004107,0,"FSE","Tac2","wisp",214,0.0325343608856201,439.585692644119,22.7576236724854,1.69080781936646
0.244979510285633,1,"FSE","Vip","wisp",214,0.0392982959747314,440.06645655632,24.0361716747284,1.71503973007202
0.845506816216972,1,"SVG","Pvalb","ELLA",214,0.029843807220459,437.265570402145,32.5572719573975,1.693115234375
0.965329428111023,1,"SVG","Slc17a7","ELLA",214,0.0291032791137695,439.432435512543,28.7472431659698,1.66761207580566
0.947480128346544,0,"SVG","Tac2","ELLA",214,0.0333409309387207,453.339238643646,31.4272742271423,1.68288779258728
0.931771677035876,1,"SVG","Vip","ELLA",214,0.0347957611083984,417.253128051758,31.6567099094391,1.64820694923401
0.00431902475201401,-0.0318470350466669,"rate_effect","Slc17a7","DESeq2",214,0.0314128398895264,437.256318807602,26.5088288784027,1.63021802902222
-0.19586694977195,0,"rate_effect","Pvalb","DESeq2",214,0.0340812206268311,430.002932310104,29.5874364376068,1.69731545448303
-0.00277111540451999,0,"rate_effect","Tac2","DESeq2",214,0.0293447971343994,435.143224954605,28.5866005420685,1.70678520202637
0.176578112498186,0.0415975947398692,"rate_effect","Vip","DESeq2",214,0.0311143398284912,445.551970005035,28.4414129257202,1.71600365638733
0.727112998722314,1,"FSE","Slc17a7","DESeq2",214,0.0289325714111328,403.162273168564,26.9035997390747,1.71544790267944
1.13869499586006e-46,0,"FSE","Pvalb","DESeq2",214,0.0286831855773926,430.203703165054,26.6837778091431,1.66840791702271
0.852664798175228,0,"FSE","Tac2","DESeq2",214,1.57948327064514,437.185100317001,27.2536680698395,1.667564868927
3.21321890260729e-40,1,"FSE","Vip","DESeq2",214,0.034404993057251,445.910422801971,27.2072422504425,1.68012309074402
-0.0273413250730145,0,"rate_effect","Pvalb","wisp",215,0.0283098220825195,453.391103506088,26.5794351100922,1.68018746376038
-4.80764678094315,-0.471011840971187,"rate_effect","Slc17a7","wisp",215,0.801506280899048,419.876414775848,24.7873849868774,1.75839638710022
0.139054015868603,0.0248500150628388,"rate_effect","Tac2","wisp",215,0.0307512283325195,428.397931814194,25.2241079807281,1.7059383392334
0.489581845070611,0.181286150123924,"rate_effect","Vip","wisp",215,0.0340209007263184,436.847017526627,28.057745218277,1.85157752037048
-0.484509590209522,-0.415046314708889,"random_effect","replicate1","wisp",215,0.0325219631195068,418.58698797226,21.6276752948761,1.68365335464478
0.402200387727833,0.147853594971821,"random_effect","replicate2","wisp",215,0.029606819152832,451.323617219925,28.6904950141907,1.68021440505981
0.217391346478934,-0.112787618301809,"random_effect","replicate3","wisp",215,0.0282809734344482,451.912832021713,22.7493710517883,1.72066164016724
0.0689165801488498,-0.194557157810777,"random_effect","replicate4","wisp",215,0.801509857177734,422.313986063004,26.464081287384,1.70801472663879
0.747408163265306,0,"FSE","Pvalb","wisp",215,0.035719633102417,420.760576486588,28.6639797687531,1.73553800582886
0,1,"FSE","Slc17a7","wisp",215,0.0332770347595215,423.522397279739,32.0795929431915,1.68319892883301
1.488,1,"FSE","Tac2","wisp",215,0.0316963195800781,452.135765552521,27.33478307724,1.69501924514771
0.27225,1,"FSE","Vip","wisp",215,0.0274889469146729,429.882750511169,29.0840692520142,2.21656131744385
0.905985585967166,0,"SVG","Pvalb","ELLA",215,0.0337462425231934,456.47945690155,29.6877138614655,1.71448874473572
0.842452490352173,1,"SVG","Slc17a7","ELLA",215,0.0293803215026855,422.508548974991,28.0290486812592,1.72083115577698
1.10000432596014e-06,1,"SVG","Tac2","ELLA",215,0.0302333831787109,425.557153701782,25.630185842514,1.71045875549316
2.20004305545585e-06,1,"SVG","Vip","ELLA",215,0.0314383506774902,456.831465482712,28.0305428504944,1.73749208450317
-8.22213870251885,0,"rate_effect","Slc17a7","DESeq2",215,0.0300333499908447,420.228207826614,25.318615436554,1.76744961738586
-0.0776802916654925,-0.471011840971187,"rate_effect","Pvalb","DESeq2",215,0.029646635055542,425.508758306503,32.9703578948975,1.67997980117798
0.0775548994182895,0.0248500150628388,"rate_effect","Tac2","DESeq2",215,0.795555591583252,424.274295568466,28.6420726776123,1.70204496383667
0.787281840147079,0.181286150123924,"rate_effect","Vip","DESeq2",215,0.0330798625946045,427.26707816124,18.6909942626953,1.63834738731384
0,0,"FSE","Slc17a7","DESeq2",215,0.0290913581848145,427.728501081467,29.9143071174622,1.79513120651245
0.000105873407298937,1,"FSE","Pvalb","DESeq2",215,0.0293011665344238,426.269878864288,28.6204409599304,1.68565964698792
0.00163196595564081,1,"FSE","Tac2","DESeq2",215,0.0388209819793701,418.660535097122,32.9334063529968,1.7362232208252
2.08795937018323e-246,1,"FSE","Vip","DESeq2",215,0.0292532444000244,425.60621213913,21.9722917079926,1.68773722648621
-0.040394441464769,0,"rate_effect","Pvalb","wisp",216,0.0324656963348389,443.387887001038,24.3710117340088,1.69161748886108
-0.166075117002061,0,"rate_effect","Slc17a7","wisp",216,0.0302588939666748,439.416900157928,23.9184587001801,1.70590662956238
-0.0174786823808259,0,"rate_effect","Tac2","wisp",216,0.0327942371368408,438.957689762115,27.6632163524628,1.71968770027161
0.0131431413081787,0,"rate_effect","Vip","wisp",216,0.0285742282867432,421.09440946579,29.6664223670959,1.71637344360352
0.26071291697731,0.0673424620181322,"random_effect","replicate1","wisp",216,0.0321705341339111,433.779055833817,24.2364208698273,1.66416764259338
0.392013869049808,0.36395122599788,"random_effect","replicate2","wisp",216,0.0324299335479736,441.995455741882,30.9328153133392,1.71126890182495
0.364799170606406,0.333927887724712,"random_effect","replicate3","wisp",216,0.029210090637207,439.464953899384,34.3297638893127,1.69986629486084
-0.6707543804765,-0.449107089545578,"random_effect","replicate4","wisp",216,0.0426244735717773,437.597018718719,24.8363919258118,1.68951106071472
1.10883560883561,0,"FSE","Pvalb","wisp",216,0.0324771404266357,425.207281112671,34.9626548290253,1.69158744812012
0.965784215784216,0,"FSE","Slc17a7","wisp",216,0.0298991203308105,418.647297859192,25.208455324173,1.70028805732727
0.335898669232003,0,"FSE","Tac2","wisp",216,0.0298573970794678,427.855692625046,21.8786227703094,1.69300127029419
0.824807845216008,0,"FSE","Vip","wisp",216,0.0312502384185791,432.517842054367,28.3129653930664,1.68675136566162
0.903831295732036,0,"SVG","Pvalb","ELLA",216,0.0320358276367188,411.424299955368,27.6908824443817,1.68193197250366
0.908492535338598,1,"SVG","Slc17a7","ELLA",216,0.0310063362121582,427.761325597763,29.3594481945038,1.68344497680664
2.20003284734371e-06,1,"SVG","Tac2","ELLA",216,0.0334844589233398,428.166197538376,26.1797046661377,1.7228901386261
0.954196158153328,0,"SVG","Vip","ELLA",216,0.0315742492675781,434.415714979172,25.5722579956055,1.75341796875
0.000197136306011724,0,"rate_effect","Slc17a7","DESeq2",216,0.0306034088134766,423.648044109344,28.6630384922028,2.33507633209229
2.41376560867083e-05,0,"rate_effect","Pvalb","DESeq2",216,0.0319352149963379,457.630842685699,30.2729852199554,1.71965885162354
-8.61851986725926e-05,0,"rate_effect","Tac2","DESeq2",216,0.0309898853302002,427.793577194214,24.6332676410675,1.78945779800415
0.000241859885019077,0,"rate_effect","Vip","DESeq2",216,0.0248186588287354,427.134085416794,20.8497416973114,1.70171666145325
0.965733649251637,0,"FSE","Slc17a7","DESeq2",216,0.0303020477294922,449.407165288925,26.851879119873,1.69535422325134
0.965733649251637,0,"FSE","Pvalb","DESeq2",216,0.0301089286804199,428.247339248657,29.8079919815063,1.66396045684814
0.965733649251637,0,"FSE","Tac2","DESeq2",216,0.0322089195251465,408.884809732437,26.4115223884583,1.72398972511292
0.965733649251637,0,"FSE","Vip","DESeq2",216,0.0315802097320557,422.765319108963,25.9771552085876,1.73013639450073
0.0409410466310619,0,"rate_effect","Pvalb","wisp",217,0.0289065837860107,439.160111427307,22.1827802658081,1.76004147529602
-0.00440728059468763,0,"rate_effect","Slc17a7","wisp",217,0.0298852920532227,427.017245531082,28.7798230648041,1.70368719100952
-0.02098545626885,0,"rate_effect","Tac2","wisp",217,0.0346510410308838,423.745444536209,30.480721950531,1.68005108833313
0.385560393395833,0,"rate_effect","Vip","wisp",217,0.0336208343505859,457.350196123123,29.9804899692535,1.70068073272705
0.189655189013472,0.192440626211464,"random_effect","replicate1","wisp",217,0.0338809490203857,436.45938372612,22.8680624961853,1.66281175613403
-0.245994596215741,-0.0912677256856114,"random_effect","replicate2","wisp",217,0.034174919128418,440.511873960495,28.8962671756744,1.64716815948486
0.304161918354302,0.409767181612551,"random_effect","replicate3","wisp",217,0.0303421020507812,427.628512382507,22.2104892730713,1.71368527412415
-0.294118453301302,-0.161542302230373,"random_effect","replicate4","wisp",217,0.0332088470458984,344.416242599487,30.4543399810791,1.69739413261414
0.790542790542791,0,"FSE","Pvalb","wisp",217,0.0305843353271484,431.98536658287,24.406289100647,1.68058586120605
1.6794005994006,0,"FSE","Slc17a7","wisp",217,0.0328588485717773,449.26571059227,33.3354132175446,1.73019027709961
1.05107137760199,0,"FSE","Tac2","wisp",217,0.0297694206237793,439.159985542297,26.3205349445343,1.71449494361877
0.626318126318126,0,"FSE","Vip","wisp",217,0.0305607318878174,428.652082204819,30.6755955219269,1.88950419425964
0.959680056129778,1,"SVG","Pvalb","ELLA",217,0.0316033363342285,445.094449043274,42.2195236682892,1.67439436912537
0.825926265038064,0,"SVG","Slc17a7","ELLA",217,0.0265688896179199,435.233200311661,26.1416709423065,1.71018147468567
0.924518937621497,0,"SVG","Tac2","ELLA",217,0.0327644348144531,439.456162452698,26.0999274253845,1.78638219833374
1.1000133768313e-06,1,"SVG","Vip","ELLA",217,0.0307676792144775,437.681057214737,27.9302146434784,1.65710139274597
-0.00454933244020946,0,"rate_effect","Slc17a7","DESeq2",217,0.0290651321411133,427.405111312866,22.3053696155548,1.72048687934875
-0.00661763974795733,0,"rate_effect","Pvalb","DESeq2",217,0.0320477485656738,433.640318632126,29.350049495697,1.72802352905273
-0.0017693888760725,0,"rate_effect","Tac2","DESeq2",217,0.0298590660095215,448.810079097748,25.333607673645,1.71256875991821
0.0195125160357756,0,"rate_effect","Vip","DESeq2",217,0.0316283702850342,455.552742004395,29.5427038669586,1.7094087600708
0.349953275152343,0,"FSE","Slc17a7","DESeq2",217,0.0333898067474365,440.108868360519,23.9051141738892,1.67539310455322
0.349953275152343,0,"FSE","Pvalb","DESeq2",217,0.0299966335296631,419.217404127121,32.1976454257965,1.70710897445679
0.349953275152343,0,"FSE","Tac2","DESeq2",217,0.0458025932312012,433.931190729141,28.3724331855774,1.67933249473572
0.0845933712510143,0,"FSE","Vip","DESeq2",217,0.0300023555755615,429.552792310715,29.0982015132904,1.65337753295898
-3.59020820666543,-0.463068073615432,"rate_effect","Pvalb","wisp",218,0.0322961807250977,435.765223503113,31.6087048053741,1.71501207351685
0.0405072511072142,0,"rate_effect","Slc17a7","wisp",218,0.0341274738311768,417.889683008194,28.9951059818268,1.70399403572083
0.524063296017366,0.203115191077814,"rate_effect","Tac2","wisp",218,0.0294394493103027,453.733312368393,25.2916481494904,1.77246928215027
-0.162703086691225,0,"rate_effect","Vip","wisp",218,0.0308578014373779,468.61527967453,25.4667437076569,1.71070170402527
-0.0101567713515407,0.0630217602010816,"random_effect","replicate1","wisp",218,0.820080041885376,436.097178220749,26.8479788303375,1.66347169876099
-0.15884526766925,-0.00213713082484901,"random_effect","replicate2","wisp",218,0.0320253372192383,431.81830573082,30.8184201717377,1.66999959945679
0.0595610704410527,0.161886485759169,"random_effect","replicate3","wisp",218,0.0323450565338135,407.469310998917,23.6902546882629,1.6712794303894
0.20736088848759,0.244536334648728,"random_effect","replicate4","wisp",218,0.0303232669830322,458.878425359726,29.6515972614288,1.6605019569397
0,1,"FSE","Pvalb","wisp",218,0.0322065353393555,419.259837388992,28.8181869983673,1.6933798789978
0.740268045823601,0,"FSE","Slc17a7","wisp",218,0.0321733951568604,430.462215185165,29.7094798088074,1.70585680007935
0.195787624359053,1,"FSE","Tac2","wisp",218,0.0398569107055664,434.449024200439,32.2220323085785,1.69411945343018
0.504031809587365,0,"FSE","Vip","wisp",218,0.0285923480987549,429.197801351547,26.8881816864014,1.82680439949036
0.966222042924806,1,"SVG","Pvalb","ELLA",218,0.0303695201873779,462.501043796539,27.2750470638275,1.7259795665741
0.816037836630802,1,"SVG","Slc17a7","ELLA",218,0.0310995578765869,422.670966625214,21.7350451946259,1.75525784492493
1.10001106379265e-06,1,"SVG","Tac2","ELLA",218,0.0324530601501465,428.048925638199,30.4400534629822,1.65608763694763
5.50002681620754e-07,1,"SVG","Vip","ELLA",218,0.80547022819519,440.463515520096,28.439962387085,1.65983462333679
-0.0251819291699433,-0.463068073615432,"rate_effect","Slc17a7","DESeq2",218,0.0333585739135742,445.77917599678,26.5162720680237,1.65799617767334
-7.46492715681313,0,"rate_effect","Pvalb","DESeq2",218,0.834730386734009,404.486200332642,22.7781071662903,1.70609188079834
0.953109596453178,0.203115191077814,"rate_effect","Tac2","DESeq2",218,0.0285840034484863,414.615249633789,23.4158487319946,1.73908114433289
0.0247985072532619,0,"rate_effect","Vip","DESeq2",218,0.0306859016418457,433.938928842545,33.8327622413635,1.7237377166748
0.00293298636703872,1,"FSE","Slc17a7","DESeq2",218,0.0308890342712402,422.670696020126,25.4336326122284,1.66652059555054
0,0,"FSE","Pvalb","DESeq2",218,0.0306036472320557,419.418052911758,25.2467229366302,1.70362830162048
0,1,"FSE","Tac2","DESeq2",218,0.0317995548248291,461.469823598862,32.3803489208221,1.67511296272278
0.0759120727827307,0,"FSE","Vip","DESeq2",218,0.0344686508178711,434.89457821846,27.1384015083313,1.70538330078125
-0.0614078820454195,-0.0664830906316638,"rate_effect","Pvalb","wisp",219,0.0282166004180908,443.423809051514,32.3087086677551,1.67403841018677
-0.190467115829177,-0.0569410775788128,"rate_effect","Slc17a7","wisp",219,0.0308902263641357,431.944690704346,30.5837070941925,1.7223334312439
0.00450666661692633,0,"rate_effect","Tac2","wisp",219,0.0291938781738281,425.225584983826,23.5495102405548,1.67557716369629
-0.0262849428466193,0,"rate_effect","Vip","wisp",219,0.0274803638458252,449.36609172821,29.871399641037,1.7144455909729
-0.197602373814213,0.0106517029926181,"random_effect","replicate1","wisp",219,0.0323798656463623,397.502710580826,26.9996373653412,1.68184280395508
-0.256439787219609,-0.070808055344969,"random_effect","replicate2","wisp",219,0.0408256053924561,431.450164318085,30.4177463054657,1.70918226242065
0.292492973107963,0.478077786741778,"random_effect","replicate3","wisp",219,0.0313534736633301,438.536264657974,29.9569611549377,1.84068560600281
0.0352956162629097,0.116912754951045,"random_effect","replicate4","wisp",219,0.0400087833404541,433.042570114136,30.6304001808167,1.66168165206909
0.705488955488956,1,"FSE","Pvalb","wisp",219,0.817047119140625,430.118763923645,24.3502914905548,1.6999716758728
0.202226345083488,1,"FSE","Slc17a7","wisp",219,0.0297436714172363,437.071761846542,23.595419883728,1.64554500579834
1.39296814296814,0,"FSE","Tac2","wisp",219,0.032271146774292,436.101019144058,24.8949110507965,1.70548939704895
1.33376827254378,0,"FSE","Vip","wisp",219,0.0315263271331787,432.288017749786,30.956157207489,1.69679665565491
0.837126094322316,1,"SVG","Pvalb","ELLA",219,0.0336310863494873,437.491618871689,23.7585678100586,1.71569228172302
0.94780423267998,1,"SVG","Slc17a7","ELLA",219,1.60711026191711,421.640034914017,25.7011733055115,1.6941704750061
0.897139434580908,0,"SVG","Tac2","ELLA",219,0.0332968235015869,424.412275791168,31.337925195694,1.72009944915771
0.872360657602735,0,"SVG","Vip","ELLA",219,0.0317978858947754,432.436423778534,26.7529740333557,1.69773530960083
-0.16206162819474,-0.0664830906316638,"rate_effect","Slc17a7","DESeq2",219,0.0310676097869873,423.374612569809,30.5652163028717,1.68888401985168
-0.222574957536467,-0.0569410775788128,"rate_effect","Pvalb","DESeq2",219,0.0288574695587158,432.843449831009,27.3957550525665,1.6828761100769
0.17117283683755,0,"rate_effect","Tac2","DESeq2",219,0.0459022521972656,226.993104219437,24.1935837268829,1.51726198196411
0.178327926727188,0,"rate_effect","Vip","DESeq2",219,0.0322229862213135,331.06693983078,30.7433168888092,1.6044819355011
2.83023779153348e-150,1,"FSE","Slc17a7","DESeq2",219,0.0333068370819092,374.853465080261,21.7227132320404,1.55030393600464
3.88790824659534e-103,1,"FSE","Pvalb","DESeq2",219,0.0307085514068604,384.058814287186,22.0142612457275,1.6028254032135
1.05672641530859e-33,0,"FSE","Tac2","DESeq2",219,0.0302438735961914,391.767779111862,25.2758643627167,1.53045392036438
2.95365449155552e-45,0,"FSE","Vip","DESeq2",219,0.0305290222167969,388.461657047272,23.9431219100952,1.55912685394287
-0.0105514220033219,0,"rate_effect","Pvalb","wisp",220,0.0326883792877197,384.937769889832,29.8561155796051,1.56570911407471
0.00750151700187895,-0.423062851885334,"rate_effect","Slc17a7","wisp",220,0.026921272277832,389.509970188141,21.9643669128418,1.66833257675171
-0.035934877440332,0,"rate_effect","Tac2","wisp",220,0.0267267227172852,388.007637023926,30.0672695636749,1.57240080833435
-0.191595620770658,0,"rate_effect","Vip","wisp",220,0.0300586223602295,418.203063964844,30.2898714542389,1.61718273162842
0.308792629729664,0.484688632655889,"random_effect","replicate1","wisp",220,0.0290942192077637,406.942582845688,31.5599641799927,1.58856463432312
0.168618395981627,0.166450384072959,"random_effect","replicate2","wisp",220,0.0287714004516602,429.646015167236,26.2195875644684,1.60668730735779
-0.200584259975028,-0.042469312204048,"random_effect","replicate3","wisp",220,0.0317835807800293,341.669018268585,26.9653091430664,1.54579663276672
-0.327138991800781,-0.151143835159019,"random_effect","replicate4","wisp",220,0.0308656692504883,410.980796337128,26.0913398265839,1.58828997612
2.14945054945055,0,"FSE","Pvalb","wisp",220,0.0299198627471924,381.337107896805,27.0866591930389,1.55881309509277
1.78437562437562,1,"FSE","Slc17a7","wisp",220,0.0317187309265137,406.580022573471,25.456356048584,2.13756680488586
0.915131743256743,0,"FSE","Tac2","wisp",220,0.0320427417755127,381.373903751373,26.0200519561768,1.62136936187744
0.416950396542233,0,"FSE","Vip","wisp",220,0.0314962863922119,398.525640964508,30.7137763500214,1.63695192337036
0.740774276508415,0,"SVG","Pvalb","ELLA",220,0.0254049301147461,391.480886697769,26.8268549442291,1.66666102409363
0.95346077838616,0,"SVG","Slc17a7","ELLA",220,0.0256845951080322,386.229352712631,22.1226570606232,2.23532843589783
0.923781860401964,0,"SVG","Tac2","ELLA",220,0.0274255275726318,393.043655633926,26.3135740756989,1.62186360359192
4.40000281376474e-07,1,"SVG","Vip","ELLA",220,0.0314497947692871,399.737291574478,27.4356372356415,1.54793643951416
-0.00266817970844134,0,"rate_effect","Slc17a7","DESeq2",220,0.0278842449188232,407.994123220444,30.0831542015076,1.70397877693176
-2.54278792721765e-07,-0.423062851885334,"rate_effect","Pvalb","DESeq2",220,0.0312459468841553,454.349458694458,27.4588553905487,1.65162825584412
-2.39802377122607e-05,0,"rate_effect","Tac2","DESeq2",220,0.0302815437316895,416.451984167099,27.4706983566284,1.66848421096802
-3.52880392029092e-05,0,"rate_effect","Vip","DESeq2",220,0.030287504196167,445.160679101944,26.9797604084015,1.6416482925415
0.941380908255614,0,"FSE","Slc17a7","DESeq2",220,0.0270621776580811,418.129014253616,28.2524511814117,1.66839957237244
0.941380908255614,1,"FSE","Pvalb","DESeq2",220,0.025137186050415,427.151807546616,30.0656287670135,1.72059488296509
0.941380908255614,0,"FSE","Tac2","DESeq2",220,0.0248410701751709,419.83846116066,32.9552249908447,1.71002101898193
0.941380908255614,0,"FSE","Vip","DESeq2",220,0.031097412109375,420.148341417313,25.3059678077698,1.70672941207886
0.629972569437079,0.243131490657106,"rate_effect","Pvalb","wisp",221,0.0304763317108154,422.099095344543,27.7931344509125,1.73184728622437
-0.155129264128615,0,"rate_effect","Slc17a7","wisp",221,0.0281741619110107,436.614368438721,25.8525140285492,1.87365055084229
0.00575445759083758,0,"rate_effect","Tac2","wisp",221,0.031022310256958,431.403715372086,31.1884779930115,1.73899722099304
0.668813954266179,0.209680790547282,"rate_effect","Vip","wisp",221,0.0317983627319336,446.260487318039,21.985191822052,1.75307321548462
-0.163713516791478,0.0816149117890745,"random_effect","replicate1","wisp",221,0.0358791351318359,425.043972253799,28.740198135376,1.71167206764221
0.201362881984538,0.231724791694432,"random_effect","replicate2","wisp",221,0.0326249599456787,432.28660774231,34.3577883243561,1.82336187362671
0.227422298738693,0.303936507320032,"random_effect","replicate3","wisp",221,0.025691032409668,413.085528612137,26.3216788768768,1.68938827514648
-0.303603695413776,-0.149177960818633,"random_effect","replicate4","wisp",221,0.0321977138519287,431.868797302246,31.4128401279449,1.72128224372864
0.251291291291291,1,"FSE","Pvalb","wisp",221,0.0303294658660889,427.370543956757,21.0685846805573,1.7031238079071
0.791031031031031,0,"FSE","Slc17a7","wisp",221,0.031196117401123,438.467203855515,26.1320161819458,1.84325361251831
1.03222667111556,0,"FSE","Tac2","wisp",221,0.0318443775177002,416.291744470596,28.2499594688416,1.83968019485474
0.205594483372261,1,"FSE","Vip","wisp",221,0.0282285213470459,444.577963352203,21.2990975379944,2.37900733947754
2.20002729295343e-06,1,"SVG","Pvalb","ELLA",221,0.029576301574707,425.557831048965,32.9004528522491,2.33510065078735
0.880955975564775,1,"SVG","Slc17a7","ELLA",221,0.0261030197143555,454.543220043182,25.3657302856445,1.65312337875366
0.955839938381698,0,"SVG","Tac2","ELLA",221,0.030604362487793,448.491393089294,27.0592975616455,1.72818160057068
1.10001041947472e-06,1,"SVG","Vip","ELLA",221,0.0423741340637207,418.818164825439,24.772531747818,1.71317410469055
-0.498955750907523,0.243131490657106,"rate_effect","Slc17a7","DESeq2",221,0.0336840152740479,421.485532522202,26.0124709606171,1.66458964347839
0.645014715491966,0,"rate_effect","Pvalb","DESeq2",221,0.0301039218902588,419.07643198967,23.9351878166199,1.70808434486389
-0.498502244431432,0,"rate_effect","Tac2","DESeq2",221,0.029496431350708,443.56943154335,25.7597060203552,1.6528697013855
0.487426417547341,0.209680790547282,"rate_effect","Vip","DESeq2",221,0.0322501659393311,423.658175468445,25.207447052002,1.70782256126404
0,1,"FSE","Slc17a7","DESeq2",221,0.0313875675201416,427.1850502491,25.8664109706879,2.41867923736572
0,0,"FSE","Pvalb","DESeq2",221,0.0261313915252686,428.541162490845,22.9495022296906,1.70014810562134
2.49739129264404e-242,0,"FSE","Tac2","DESeq2",221,0.816929817199707,433.676968336105,31.5241286754608,2.48922324180603
0,1,"FSE","Vip","DESeq2",221,0.0293712615966797,430.996541023254,24.3395192623138,1.70786213874817
-1.49773828551961,-0.336101788794622,"rate_effect","Pvalb","wisp",222,0.0294525623321533,435.360939741135,24.5862038135529,1.74760770797729
1.46559044523933,0.496837018523365,"rate_effect","Slc17a7","wisp",222,0.0314376354217529,431.56404876709,26.8166272640228,1.69978642463684
-0.026483890455785,0,"rate_effect","Tac2","wisp",222,0.0298619270324707,443.675142288208,30.911069393158,1.68198251724243
0.0233142802180606,0,"rate_effect","Vip","wisp",222,0.0369207859039307,443.817051887512,31.6257169246674,1.67301535606384
-0.326971343365846,-0.459437387529761,"random_effect","replicate1","wisp",222,0.0287370681762695,425.840946435928,20.6871118545532,1.69628477096558
0.595358936555439,0.032203579088673,"random_effect","replicate2","wisp",222,0.816901922225952,418.899758338928,25.4150378704071,1.71676182746887
-0.33520106606104,-0.455042631132528,"random_effect","replicate3","wisp",222,0.0307743549346924,427.506590843201,28.1352660655975,1.71242094039917
-0.239214067211198,-0.441265640081838,"random_effect","replicate4","wisp",222,0.0329976081848145,430.744173049927,26.0876758098602,1.68078994750977
0,1,"FSE","Pvalb","wisp",222,0.0331697463989258,343.210713863373,25.4671909809113,1.68777298927307
0,1,"FSE","Slc17a7","wisp",222,0.0300967693328857,440.774281978607,23.2325868606567,2.37251234054565
0.707347347347347,0,"FSE","Tac2","wisp",222,0.812228679656982,421.734682798386,24.0035390853882,1.67496418952942
0.537557966129395,0,"FSE","Vip","wisp",222,0.0344059467315674,414.342206716537,31.1541674137115,1.68140697479248
0.977687659387967,1,"SVG","Pvalb","ELLA",222,0.0330021381378174,437.451224327087,29.745246887207,1.75335311889648
0.808701199411544,1,"SVG","Slc17a7","ELLA",222,0.0306010246276855,442.808385372162,28.5078384876251,1.74131655693054
2.20002275425069e-06,1,"SVG","Tac2","ELLA",222,0.0322425365447998,418.705527305603,32.1499083042145,1.71031928062439
1.10000721231795e-06,1,"SVG","Vip","ELLA",222,0.02848219871521,418.45457649231,31.55730676651,1.6748194694519
1.95528553175476,-0.336101788794622,"rate_effect","Slc17a7","DESeq2",222,0.0327200889587402,418.613175630569,21.0245373249054,2.49808239936829
-3.26655879056732,0.496837018523365,"rate_effect","Pvalb","DESeq2",222,0.0323636531829834,451.664989948273,26.4137582778931,1.71981382369995
0.039890893636193,0,"rate_effect","Tac2","DESeq2",222,0.0289516448974609,431.30482840538,26.2738811969757,1.79348587989807
-0.039522824807458,0,"rate_effect","Vip","DESeq2",222,0.0340394973754883,424.700837850571,28.7098228931427,1.66401886940002
0,1,"FSE","Slc17a7","DESeq2",222,0.0275821685791016,425.654767751694,28.4632177352905,1.66555500030518
0,1,"FSE","Pvalb","DESeq2",222,0.0329325199127197,423.197243452072,33.9429748058319,1.6831533908844
0.381211945250173,0,"FSE","Tac2","DESeq2",222,0.0311880111694336,434.951207876205,25.2036564350128,1.74011588096619
0.381211945250173,0,"FSE","Vip","DESeq2",222,0.0296409130096436,440.225367546082,27.4221527576447,1.70881175994873
-0.409177275518917,0,"rate_effect","Pvalb","wisp",223,0.817978858947754,426.278552532196,33.1131513118744,1.70468354225159
0.00348900810718882,0,"rate_effect","Slc17a7","wisp",223,0.0321147441864014,422.636915206909,29.2182486057281,1.70727491378784
-0.230576663262812,0,"rate_effect","Tac2","wisp",223,0.0328273773193359,447.521906852722,29.8023293018341,1.68975639343262
-0.110431644989579,0,"rate_effect","Vip","wisp",223,0.0354571342468262,452.610210418701,26.6774995326996,1.70772361755371
0.0714084471458941,0.19198194029741,"random_effect","replicate1","wisp",223,0.0321264266967773,433.965416669846,32.878084897995,1.7208776473999
0.237969682974974,0.386876077391207,"random_effect","replicate2","wisp",223,0.0312814712524414,422.190920829773,24.4393150806427,1.70067930221558
0.10148517415074,0.170952546177432,"random_effect","replicate3","wisp",223,0.0330197811126709,418.523633003235,25.5854187011719,1.69677972793579
-0.32709302151623,-0.160081632435322,"random_effect","replicate4","wisp",223,0.034435510635376,420.346521377563,26.4988250732422,1.68244385719299
0.636800699300699,0,"FSE","Pvalb","wisp",223,0.0320837497711182,450.666950464249,31.1645810604095,1.67498111724854
0.695508573059594,0,"FSE","Slc17a7","wisp",223,0.0363020896911621,457.17814874649,21.4324703216553,1.71121692657471
0.42957042957043,0,"FSE","Tac2","wisp",223,0.029810905456543,428.343622922897,28.0981600284576,1.70960855484009
0.437888641970275,0,"FSE","Vip","wisp",223,0.0300595760345459,430.763073682785,25.8358247280121,1.69846940040588
0.758984925652745,1,"SVG","Pvalb","ELLA",223,0.0283267498016357,397.332173585892,18.7034997940063,1.69594931602478
0.781968409420792,0,"SVG","Slc17a7","ELLA",223,0.0276176929473877,442.712224245071,28.8775310516357,1.6610062122345
2.20000461959025e-07,1,"SVG","Tac2","ELLA",223,0.0308253765106201,427.544069766998,28.7976498603821,1.63383769989014
3.66667314288804e-07,1,"SVG","Vip","ELLA",223,0.809355020523071,410.579885721207,29.0670175552368,1.86269569396973
0.000318863733306844,0,"rate_effect","Slc17a7","DESeq2",223,0.0337629318237305,423.401099443436,29.6546030044556,1.68249821662903
-0.000159138086247208,0,"rate_effect","Pvalb","DESeq2",223,0.0272953510284424,422.697418212891,28.5365047454834,1.725830078125
0.000104139612383077,0,"rate_effect","Tac2","DESeq2",223,0.029818058013916,439.7497215271,28.5780348777771,1.66135263442993
-0.000267923905898481,0,"rate_effect","Vip","DESeq2",223,0.0316903591156006,433.967046022415,28.9943070411682,1.69037532806396
0.445910882462515,0,"FSE","Slc17a7","DESeq2",223,0.0298211574554443,431.580412626266,25.7868802547455,1.6839165687561
0.277622737425587,0,"FSE","Pvalb","DESeq2",223,0.030144214630127,421.375997781754,24.3016586303711,1.71349835395813
0.277622737425587,0,"FSE","Tac2","DESeq2",223,0.807829141616821,465.29434800148,29.0233175754547,1.72194504737854
0.474550746356714,0,"FSE","Vip","DESeq2",223,0.0383744239807129,429.53732085228,28.4468386173248,1.68207979202271
-0.560760814106244,-0.162767812376842,"rate_effect","Pvalb","wisp",224,0.0290732383728027,429.263690233231,27.6097779273987,1.72484445571899
-0.180345129345384,0,"rate_effect","Slc17a7","wisp",224,0.0312666893005371,437.413307189941,27.8502190113068,1.60901474952698
0.0466179518436076,0,"rate_effect","Tac2","wisp",224,0.805010795593262,426.455203294754,26.4656774997711,1.70355725288391
0.0109540633012284,0,"rate_effect","Vip","wisp",224,0.0289487838745117,436.127036333084,28.2870264053345,1.67139077186584
0.419005051676762,0.173879966838285,"random_effect","replicate1","wisp",224,0.03226637840271,420.098921537399,31.8938703536987,1.69554042816162
-0.638915407985124,-0.460948149906471,"random_effect","replicate2","wisp",224,0.032975435256958,438.165823221207,30.2825698852539,1.69946098327637
0.328870737439837,-0.0307054703589529,"random_effect","replicate3","wisp",224,0.0294399261474609,422.019849300385,30.9425678253174,1.66973900794983
0.291995790004757,-0.107609202619642,"random_effect","replicate4","wisp",224,0.0314321517944336,431.475331306458,22.7149419784546,1.67200517654419
0.268333333333333,1,"FSE","Pvalb","wisp",224,0.0310087203979492,456.257085084915,32.455356836319,1.71188235282898
1.01296,0,"FSE","Slc17a7","wisp",224,0.0314266681671143,415.877539396286,24.0265824794769,1.67043447494507
0.736204081632653,0,"FSE","Tac2","wisp",224,0.0294971466064453,416.692481517792,28.3475487232208,1.67638111114502
1.8112,0,"FSE","Vip","wisp",224,0.0342004299163818,336.719402313232,26.6872763633728,1.68443870544434
0.911544099212402,1,"SVG","Pvalb","ELLA",224,0.0316140651702881,440.845675230026,27.6376297473907,1.67763209342957
0.913125745577012,1,"SVG","Slc17a7","ELLA",224,0.0327372550964355,439.942652225494,29.3641135692596,1.70473194122314
8.79203639059245e-07,1,"SVG","Tac2","ELLA",224,0.0318393707275391,427.237243175507,26.6134941577911,1.71749186515808
0.916658435345129,0,"SVG","Vip","ELLA",224,0.0313699245452881,439.644544839859,28.5925753116608,1.69865012168884
0.011513260291533,-0.162767812376842,"rate_effect","Slc17a7","DESeq2",224,0.0302164554595947,430.495224475861,30.2653694152832,1.85662579536438
-1.14507298992228,0,"rate_effect","Pvalb","DESeq2",224,0.0278749465942383,433.838924407959,19.8628737926483,1.78214120864868
0.0236071419975576,0,"rate_effect","Tac2","DESeq2",224,0.0278384685516357,430.360751152039,22.3971903324127,1.76852321624756
0.00786606232454524,0,"rate_effect","Vip","DESeq2",224,0.0297048091888428,444.295955896378,24.0693807601929,1.65312027931213
0.475299969757157,1,"FSE","Slc17a7","DESeq2",224,0.0325343608856201,439.585692644119,22.7576236724854,1.69080781936646
0,0,"FSE","Pvalb","DESeq2",224,0.0392982959747314,440.06645655632,24.0361716747284,1.71503973007202
0.475299969757157,0,"FSE","Tac2","DESeq2",224,0.029843807220459,437.265570402145,32.5572719573975,1.693115234375
0.699200299792426,0,"FSE","Vip","DESeq2",224,0.0291032791137695,439.432435512543,28.7472431659698,1.66761207580566
-0.206380147427901,-0.0613658933434635,"rate_effect","Pvalb","wisp",225,0.0333409309387207,453.339238643646,31.4272742271423,1.68288779258728
-0.0379315182715911,0.0398448226042092,"rate_effect","Slc17a7","wisp",225,0.0347957611083984,417.253128051758,31.6567099094391,1.64820694923401
0.562508243741136,0.217735937563702,"rate_effect","Tac2","wisp",225,0.0314128398895264,437.256318807602,26.5088288784027,1.63021802902222
-0.223623996121548,-0.128010742599145,"rate_effect","Vip","wisp",225,0.0340812206268311,430.002932310104,29.5874364376068,1.69731545448303
-0.397073974188129,-0.312379516661167,"random_effect","replicate1","wisp",225,0.0293447971343994,435.143224954605,28.5866005420685,1.70678520202637
0.206683007547308,0.0727676895912737,"random_effect","replicate2","wisp",225,0.0311143398284912,445.551970005035,28.4414129257202,1.71600365638733
0.34480351520224,0.355912226252258,"random_effect","replicate3","wisp",225,0.0289325714111328,403.162273168564,26.9035997390747,1.71544790267944
-0.182810353399347,-0.135244292905554,"random_effect","replicate4","wisp",225,0.0286831855773926,430.203703165054,26.6837778091431,1.66840791702271
0.358605527638191,1,"FSE","Pvalb","wisp",225,1.57948327064514,437.185100317001,27.2536680698395,1.667564868927
0.372305974316025,1,"FSE","Slc17a7","wisp",225,0.034404993057251,445.910422801971,27.2072422504425,1.68012309074402
0.235979899497487,1,"FSE","Tac2","wisp",225,0.0283098220825195,453.391103506088,26.5794351100922,1.68018746376038
0.235417085427136,1,"FSE","Vip","wisp",225,0.801506280899048,419.876414775848,24.7873849868774,1.75839638710022
0.926831922688636,1,"SVG","Pvalb","ELLA",225,0.0307512283325195,428.397931814194,25.2241079807281,1.7059383392334
0.852731570553237,1,"SVG","Slc17a7","ELLA",225,0.0340209007263184,436.847017526627,28.057745218277,1.85157752037048
5.50000499810466e-07,1,"SVG","Tac2","ELLA",225,0.0325219631195068,418.58698797226,21.6276752948761,1.68365335464478
0.811119385762919,1,"SVG","Vip","ELLA",225,0.029606819152832,451.323617219925,28.6904950141907,1.68021440505981
0.290520312429806,-0.0613658933434635,"rate_effect","Slc17a7","DESeq2",225,0.0282809734344482,451.912832021713,22.7493710517883,1.72066164016724
-0.290726964453524,0.0398448226042092,"rate_effect","Pvalb","DESeq2",225,0.801509857177734,422.313986063004,26.464081287384,1.70801472663879
1.15228883134575,0.217735937563702,"rate_effect","Tac2","DESeq2",225,0.035719633102417,420.760576486588,28.6639797687531,1.73553800582886
-0.793145069791015,-0.128010742599145,"rate_effect","Vip","DESeq2",225,0.0332770347595215,423.522397279739,32.0795929431915,1.68319892883301
0,1,"FSE","Slc17a7","DESeq2",225,0.0316963195800781,452.135765552521,27.33478307724,1.69501924514771
9.0352504539846e-178,1,"FSE","Pvalb","DESeq2",225,0.0274889469146729,429.882750511169,29.0840692520142,2.21656131744385
0,1,"FSE","Tac2","DESeq2",225,0.0337462425231934,456.47945690155,29.6877138614655,1.71448874473572
1.82641052936821e-205,1,"FSE","Vip","DESeq2",225,0.0293803215026855,422.508548974991,28.0290486812592,1.72083115577698
0.0903846128830851,0,"rate_effect","Pvalb","wisp",226,0.0302333831787109,425.557153701782,25.630185842514,1.71045875549316
0.261104502329768,0,"rate_effect","Slc17a7","wisp",226,0.0314383506774902,456.831465482712,28.0305428504944,1.73749208450317
-0.0277360915695103,0,"rate_effect","Tac2","wisp",226,0.0300333499908447,420.228207826614,25.318615436554,1.76744961738586
-0.69827296214754,-0.209452115697786,"rate_effect","Vip","wisp",226,0.029646635055542,425.508758306503,32.9703578948975,1.67997980117798
0.421678078117167,0.300977216335014,"random_effect","replicate1","wisp",226,0.795555591583252,424.274295568466,28.6420726776123,1.70204496383667
0.20486187986589,-0.101332203485072,"random_effect","replicate2","wisp",226,0.0330798625946045,427.26707816124,18.6909942626953,1.63834738731384
-0.509685953563482,-0.416521272156388,"random_effect","replicate3","wisp",226,0.0290913581848145,427.728501081467,29.9143071174622,1.79513120651245
0.0747594183224581,-0.181570777669549,"random_effect","replicate4","wisp",226,0.0293011665344238,426.269878864288,28.6204409599304,1.68565964698792
0.998001998001998,0,"FSE","Pvalb","wisp",226,0.0388209819793701,418.660535097122,32.9334063529968,1.7362232208252
1.08391608391608,0,"FSE","Slc17a7","wisp",226,0.0292532444000244,425.60621213913,21.9722917079926,1.68773722648621
0.834005994005994,0,"FSE","Tac2","wisp",226,0.0324656963348389,443.387887001038,24.3710117340088,1.69161748886108
0,1,"FSE","Vip","wisp",226,0.0302588939666748,439.416900157928,23.9184587001801,1.70590662956238
0.989738650622435,1,"SVG","Pvalb","ELLA",226,0.0327942371368408,438.957689762115,27.6632163524628,1.71968770027161
0.894043019980851,1,"SVG","Slc17a7","ELLA",226,0.0285742282867432,421.09440946579,29.6664223670959,1.71637344360352
0.865971806837264,0,"SVG","Tac2","ELLA",226,0.0321705341339111,433.779055833817,24.2364208698273,1.66416764259338
0.841302679192453,1,"SVG","Vip","ELLA",226,0.0324299335479736,441.995455741882,30.9328153133392,1.71126890182495
0.0226390124616777,0,"rate_effect","Slc17a7","DESeq2",226,0.029210090637207,439.464953899384,34.3297638893127,1.69986629486084
0.00675893885279143,0,"rate_effect","Pvalb","DESeq2",226,0.0426244735717773,437.597018718719,24.8363919258118,1.68951106071472
0.0110301839906574,0,"rate_effect","Tac2","DESeq2",226,0.0324771404266357,425.207281112671,34.9626548290253,1.69158744812012
-1.5904176215661,-0.209452115697786,"rate_effect","Vip","DESeq2",226,0.0298991203308105,418.647297859192,25.208455324173,1.70028805732727
2.35874760406295e-05,0,"FSE","Slc17a7","DESeq2",226,0.0298573970794678,427.855692625046,21.8786227703094,1.69300127029419
0.538823659426158,0,"FSE","Pvalb","DESeq2",226,0.0312502384185791,432.517842054367,28.3129653930664,1.68675136566162
0.538823659426158,0,"FSE","Tac2","DESeq2",226,0.0320358276367188,411.424299955368,27.6908824443817,1.68193197250366
0,1,"FSE","Vip","DESeq2",226,0.0310063362121582,427.761325597763,29.3594481945038,1.68344497680664
-0.0110141376123591,0,"rate_effect","Pvalb","wisp",227,0.0334844589233398,428.166197538376,26.1797046661377,1.7228901386261
-0.806654222680157,-0.15063979383558,"rate_effect","Slc17a7","wisp",227,0.0315742492675781,434.415714979172,25.5722579956055,1.75341796875
-0.0635974934256534,0,"rate_effect","Tac2","wisp",227,0.0306034088134766,423.648044109344,28.6630384922028,2.33507633209229
-0.262437293401869,-0.115829402580857,"rate_effect","Vip","wisp",227,0.0319352149963379,457.630842685699,30.2729852199554,1.71965885162354
0.294937573891234,-0.148603230714798,"random_effect","replicate1","wisp",227,0.0309898853302002,427.793577194214,24.6332676410675,1.78945779800415
0.460508574641339,0.132007867330685,"random_effect","replicate2","wisp",227,0.0248186588287354,427.134085416794,20.8497416973114,1.70171666145325
0.0664106692115752,-0.248128738952801,"random_effect","replicate3","wisp",227,0.0303020477294922,449.407165288925,26.851879119873,1.69535422325134
-0.5742554824172,-0.450695484643802,"random_effect","replicate4","wisp",227,0.0301089286804199,428.247339248657,29.8079919815063,1.66396045684814
0.99205951186894,0,"FSE","Pvalb","wisp",227,0.0322089195251465,408.884809732437,26.4115223884583,1.72398972511292
0.310682046138415,1,"FSE","Slc17a7","wisp",227,0.0315802097320557,422.765319108963,25.9771552085876,1.73013639450073
0.636337584181115,0,"FSE","Tac2","wisp",227,0.0289065837860107,439.160111427307,22.1827802658081,1.76004147529602
1.08202384932576,1,"FSE","Vip","wisp",227,0.0298852920532227,427.017245531082,28.7798230648041,1.70368719100952
0.93078403626074,0,"SVG","Pvalb","ELLA",227,0.0346510410308838,423.745444536209,30.480721950531,1.68005108833313
0.918735783962449,1,"SVG","Slc17a7","ELLA",227,0.0336208343505859,457.350196123123,29.9804899692535,1.70068073272705
0.907059778474514,0,"SVG","Tac2","ELLA",227,0.0338809490203857,436.45938372612,22.8680624961853,1.66281175613403
2.75000514526891e-07,1,"SVG","Vip","ELLA",227,0.034174919128418,440.511873960495,28.8962671756744,1.64716815948486
-0.581160320227733,0,"rate_effect","Slc17a7","DESeq2",227,0.0303421020507812,427.628512382507,22.2104892730713,1.71368527412415
0.453277213523609,-0.15063979383558,"rate_effect","Pvalb","DESeq2",227,0.0332088470458984,344.416242599487,30.4543399810791,1.69739413261414
0.430014275644669,0,"rate_effect","Tac2","DESeq2",227,0.0305843353271484,431.98536658287,24.406289100647,1.68058586120605
-0.398058135876302,-0.115829402580857,"rate_effect","Vip","DESeq2",227,0.0328588485717773,449.26571059227,33.3354132175446,1.73019027709961
6.89538385704843e-110,0,"FSE","Slc17a7","DESeq2",227,0.0297694206237793,439.159985542297,26.3205349445343,1.71449494361877
3.42572276292905e-73,1,"FSE","Pvalb","DESeq2",227,0.0305607318878174,428.652082204819,30.6755955219269,1.88950419425964
1.32737526332312e-40,0,"FSE","Tac2","DESeq2",227,0.0316033363342285,445.094449043274,42.2195236682892,1.67439436912537
7.03991859042776e-40,1,"FSE","Vip","DESeq2",227,0.0265688896179199,435.233200311661,26.1416709423065,1.71018147468567
0.936549109747422,0.336451373528689,"rate_effect","Pvalb","wisp",228,0.0327644348144531,439.456162452698,26.0999274253845,1.78638219833374
-1.05366441799287,-0.216181901516393,"rate_effect","Slc17a7","wisp",228,0.0307676792144775,437.681057214737,27.9302146434784,1.65710139274597
0.00599137375626402,0,"rate_effect","Tac2","wisp",228,0.0290651321411133,427.405111312866,22.3053696155548,1.72048687934875
0.113731353178404,0,"rate_effect","Vip","wisp",228,0.0320477485656738,433.640318632126,29.350049495697,1.72802352905273
-0.576881106808733,-0.399891982320696,"random_effect","replicate1","wisp",228,0.0298590660095215,448.810079097748,25.333607673645,1.71256875991821
0.311258533287411,0.391326854703948,"random_effect","replicate2","wisp",228,0.0316283702850342,455.552742004395,29.5427038669586,1.7094087600708
0.301401409991552,0.385904814349487,"random_effect","replicate3","wisp",228,0.0333898067474365,440.108868360519,23.9051141738892,1.67539310455322
0.312457106217922,0.377717579249293,"random_effect","replicate4","wisp",228,0.0299966335296631,419.217404127121,32.1976454257965,1.70710897445679
0.173706293706294,1,"FSE","Pvalb","wisp",228,0.0458025932312012,433.931190729141,28.3724331855774,1.67933249473572
0.214071642643071,1,"FSE","Slc17a7","wisp",228,0.0300023555755615,429.552792310715,29.0982015132904,1.65337753295898
1.18187934514465,0,"FSE","Tac2","wisp",228,0.0322961807250977,435.765223503113,31.6087048053741,1.71501207351685
0.264513264513264,0,"FSE","Vip","wisp",228,0.0341274738311768,417.889683008194,28.9951059818268,1.70399403572083
0.902860354346241,1,"SVG","Pvalb","ELLA",228,0.0294394493103027,453.733312368393,25.2916481494904,1.77246928215027
0.927338809665683,1,"SVG","Slc17a7","ELLA",228,0.0308578014373779,468.61527967453,25.4667437076569,1.71070170402527
0.951259552625743,0,"SVG","Tac2","ELLA",228,0.820080041885376,436.097178220749,26.8479788303375,1.66347169876099
0.900097115522186,1,"SVG","Vip","ELLA",228,0.0320253372192383,431.81830573082,30.8184201717377,1.66999959945679
-1.63036037326502,0.336451373528689,"rate_effect","Slc17a7","DESeq2",228,0.0323450565338135,407.469310998917,23.6902546882629,1.6712794303894
1.47347577888991,-0.216181901516393,"rate_effect","Pvalb","DESeq2",228,0.0303232669830322,458.878425359726,29.6515972614288,1.6605019569397
-0.00742889952748217,0,"rate_effect","Tac2","DESeq2",228,0.0322065353393555,419.259837388992,28.8181869983673,1.6933798789978
0.007455109971859,0,"rate_effect","Vip","DESeq2",228,0.0321733951568604,430.462215185165,29.7094798088074,1.70585680007935
0,1,"FSE","Slc17a7","DESeq2",228,0.0398569107055664,434.449024200439,32.2220323085785,1.69411945343018
0,1,"FSE","Pvalb","DESeq2",228,0.0285923480987549,429.197801351547,26.8881816864014,1.82680439949036
0.616740060790663,0,"FSE","Tac2","DESeq2",228,0.0303695201873779,462.501043796539,27.2750470638275,1.7259795665741
0.616740060790663,0,"FSE","Vip","DESeq2",228,0.0310995578765869,422.670966625214,21.7350451946259,1.75525784492493
-2.02753141960879,-0.362186386017129,"rate_effect","Pvalb","wisp",229,0.0324530601501465,428.048925638199,30.4400534629822,1.65608763694763
0.000119082761502874,0,"rate_effect","Slc17a7","wisp",229,0.80547022819519,440.463515520096,28.439962387085,1.65983462333679
-0.00550435580716331,0,"rate_effect","Tac2","wisp",229,0.0333585739135742,445.77917599678,26.5162720680237,1.65799617767334
0.0112932809789222,0,"rate_effect","Vip","wisp",229,0.834730386734009,404.486200332642,22.7781071662903,1.70609188079834
-0.249655877777501,-0.17300214106217,"random_effect","replicate1","wisp",229,0.0285840034484863,414.615249633789,23.4158487319946,1.73908114433289
-0.27425868691939,-0.183098857523873,"random_effect","replicate2","wisp",229,0.0306859016418457,433.938928842545,33.8327622413635,1.7237377166748
0.30065856305695,0.232405165908858,"random_effect","replicate3","wisp",229,0.0308890342712402,422.670696020126,25.4336326122284,1.66652059555054
0.206143636633366,0.0609854091890156,"random_effect","replicate4","wisp",229,0.0306036472320557,419.418052911758,25.2467229366302,1.70362830162048
0,1,"FSE","Pvalb","wisp",229,0.0317995548248291,461.469823598862,32.3803489208221,1.67511296272278
1.18885114885115,0,"FSE","Slc17a7","wisp",229,0.0344686508178711,434.89457821846,27.1384015083313,1.70538330078125
1.5513653013653,0,"FSE","Tac2","wisp",229,0.0282166004180908,443.423809051514,32.3087086677551,1.67403841018677
1.08972659993068,0,"FSE","Vip","wisp",229,0.0308902263641357,431.944690704346,30.5837070941925,1.7223334312439
0.951214517852481,1,"SVG","Pvalb","ELLA",229,0.0291938781738281,425.225584983826,23.5495102405548,1.67557716369629
0.885807970830736,0,"SVG","Slc17a7","ELLA",229,0.0274803638458252,449.36609172821,29.871399641037,1.7144455909729
0.830850810532015,0,"SVG","Tac2","ELLA",229,0.0323798656463623,397.502710580826,26.9996373653412,1.68184280395508
0.891419588146532,0,"SVG","Vip","ELLA",229,0.0408256053924561,431.450164318085,30.4177463054657,1.70918226242065
0.0097949556810627,-0.362186386017129,"rate_effect","Slc17a7","DESeq2",229,0.0313534736633301,438.536264657974,29.9569611549377,1.84068560600281
-3.80996546642147,0,"rate_effect","Pvalb","DESeq2",229,0.0400087833404541,433.042570114136,30.6304001808167,1.66168165206909
0.00665404810002129,0,"rate_effect","Tac2","DESeq2",229,0.817047119140625,430.118763923645,24.3502914905548,1.6999716758728
0.0199578132185472,0,"rate_effect","Vip","DESeq2",229,0.0297436714172363,437.071761846542,23.595419883728,1.64554500579834
0.00394757151113273,1,"FSE","Slc17a7","DESeq2",229,0.032271146774292,436.101019144058,24.8949110507965,1.70548939704895
0,0,"FSE","Pvalb","DESeq2",229,0.0315263271331787,432.288017749786,30.956157207489,1.69679665565491
0.650002805758062,0,"FSE","Tac2","DESeq2",229,0.0336310863494873,437.491618871689,23.7585678100586,1.71569228172302
0.202203556652579,0,"FSE","Vip","DESeq2",229,1.60711026191711,421.640034914017,25.7011733055115,1.6941704750061
-0.909642156809795,-0.220628964249045,"rate_effect","Pvalb","wisp",230,0.0332968235015869,424.412275791168,31.337925195694,1.72009944915771
5.54267307412978e-05,0,"rate_effect","Slc17a7","wisp",230,0.0317978858947754,432.436423778534,26.7529740333557,1.69773530960083
-0.0180521751395977,0,"rate_effect","Tac2","wisp",230,0.0310676097869873,423.374612569809,30.5652163028717,1.68888401985168
-1.18623755719866,-0.291705819079652,"rate_effect","Vip","wisp",230,0.0288574695587158,432.843449831009,27.3957550525665,1.6828761100769
0.0250375279643416,-0.176280488725752,"random_effect","replicate1","wisp",230,0.0459022521972656,226.993104219437,24.1935837268829,1.51726198196411
-0.558498033871578,-0.430538801010698,"random_effect","replicate2","wisp",230,0.0322229862213135,331.06693983078,30.7433168888092,1.6044819355011
0.246390311787142,-0.0393317695707083,"random_effect","replicate3","wisp",230,0.0333068370819092,374.853465080261,21.7227132320404,1.55030393600464
0.460622295451548,0.463838974712417,"random_effect","replicate4","wisp",230,0.0307085514068604,384.058814287186,22.0142612457275,1.6028254032135
0.225899100899101,1,"FSE","Pvalb","wisp",230,0.0302438735961914,391.767779111862,25.2758643627167,1.53045392036438
0.788321053946054,0,"FSE","Slc17a7","wisp",230,0.0305290222167969,388.461657047272,23.9431219100952,1.55912685394287
1.20973470973471,0,"FSE","Tac2","wisp",230,0.0326883792877197,384.937769889832,29.8561155796051,1.56570911407471
0,1,"FSE","Vip","wisp",230,0.026921272277832,389.509970188141,21.9643669128418,1.66833257675171
0.907866400191147,1,"SVG","Pvalb","ELLA",230,0.0267267227172852,388.007637023926,30.0672695636749,1.57240080833435
0.864347786661097,0,"SVG","Slc17a7","ELLA",230,0.0300586223602295,418.203063964844,30.2898714542389,1.61718273162842
0.85989954671563,0,"SVG","Tac2","ELLA",230,0.0290942192077637,406.942582845688,31.5599641799927,1.58856463432312
0.860850001809183,1,"SVG","Vip","ELLA",230,0.0287714004516602,429.646015167236,26.2195875644684,1.60668730735779
0.822848630714768,-0.220628964249045,"rate_effect","Slc17a7","DESeq2",230,0.0317835807800293,341.669018268585,26.9653091430664,1.54579663276672
-0.813992501911879,0,"rate_effect","Pvalb","DESeq2",230,0.0308656692504883,410.980796337128,26.0913398265839,1.58828997612
0.832295744557739,0,"rate_effect","Tac2","DESeq2",230,0.0299198627471924,381.337107896805,27.0866591930389,1.55881309509277
-1.66913958461211,-0.291705819079652,"rate_effect","Vip","DESeq2",230,0.0317187309265137,406.580022573471,25.456356048584,2.13756680488586
0,1,"FSE","Slc17a7","DESeq2",230,0.0320427417755127,381.373903751373,26.0200519561768,1.62136936187744
0,0,"FSE","Pvalb","DESeq2",230,0.0314962863922119,398.525640964508,30.7137763500214,1.63695192337036
0,0,"FSE","Tac2","DESeq2",230,0.0254049301147461,391.480886697769,26.8268549442291,1.66666102409363
0,1,"FSE","Vip","DESeq2",230,0.0256845951080322,386.229352712631,22.1226570606232,2.23532843589783
-0.402641218639952,-0.0794749818742275,"rate_effect","Pvalb","wisp",231,0.0274255275726318,393.043655633926,26.3135740756989,1.62186360359192
0.00891620982792913,0,"rate_effect","Slc17a7","wisp",231,0.0314497947692871,399.737291574478,27.4356372356415,1.54793643951416
0.20868243354528,0.0193652689922601,"rate_effect","Tac2","wisp",231,0.0278842449188232,407.994123220444,30.0831542015076,1.70397877693176
-0.197135292361609,0,"rate_effect","Vip","wisp",231,0.0312459468841553,454.349458694458,27.4588553905487,1.65162825584412
-0.468407298120878,-0.340874908026308,"random_effect","replicate1","wisp",231,0.0302815437316895,416.451984167099,27.4706983566284,1.66848421096802
-0.0220094573720702,-0.00683472631499171,"random_effect","replicate2","wisp",231,0.030287504196167,445.160679101944,26.9797604084015,1.6416482925415
0.298777635977236,0.265545248985291,"random_effect","replicate3","wisp",231,0.0270621776580811,418.129014253616,28.2524511814117,1.66839957237244
0.344454577092959,0.454951332649216,"random_effect","replicate4","wisp",231,0.025137186050415,427.151807546616,30.0656287670135,1.72059488296509
0.549797775530839,1,"FSE","Pvalb","wisp",231,0.0248410701751709,419.83846116066,32.9552249908447,1.71002101898193
1.39307381193124,0,"FSE","Slc17a7","wisp",231,0.031097412109375,420.148341417313,25.3059678077698,1.70672941207886
0.570561895132168,1,"FSE","Tac2","wisp",231,0.0304763317108154,422.099095344543,27.7931344509125,1.73184728622437
0.900530839231547,0,"FSE","Vip","wisp",231,0.0281741619110107,436.614368438721,25.8525140285492,1.87365055084229
0.884839482319823,1,"SVG","Pvalb","ELLA",231,0.031022310256958,431.403715372086,31.1884779930115,1.73899722099304
0.902011928579985,0,"SVG","Slc17a7","ELLA",231,0.0317983627319336,446.260487318039,21.985191822052,1.75307321548462
2.20000148598576e-07,1,"SVG","Tac2","ELLA",231,0.0358791351318359,425.043972253799,28.740198135376,1.71167206764221
7.33335907610044e-07,1,"SVG","Vip","ELLA",231,0.0326249599456787,432.28660774231,34.3577883243561,1.82336187362671
-0.00707362704157779,-0.0794749818742275,"rate_effect","Slc17a7","DESeq2",231,0.025691032409668,413.085528612137,26.3216788768768,1.68938827514648
-0.484669224067581,0,"rate_effect","Pvalb","DESeq2",231,0.0321977138519287,431.868797302246,31.4128401279449,1.72128224372864
0.10733431915925,0.0193652689922601,"rate_effect","Tac2","DESeq2",231,0.0303294658660889,427.370543956757,21.0685846805573,1.7031238079071
0.00800149875400735,0,"rate_effect","Vip","DESeq2",231,0.031196117401123,438.467203855515,26.1320161819458,1.84325361251831
0.285392373066735,1,"FSE","Slc17a7","DESeq2",231,0.0318443775177002,416.291744470596,28.2499594688416,1.83968019485474
0,0,"FSE","Pvalb","DESeq2",231,0.0282285213470459,444.577963352203,21.2990975379944,2.37900733947754
2.24885428689152e-14,1,"FSE","Tac2","DESeq2",231,0.029576301574707,425.557831048965,32.9004528522491,2.33510065078735
0.516899205012086,0,"FSE","Vip","DESeq2",231,0.0261030197143555,454.543220043182,25.3657302856445,1.65312337875366
0.0815222192868328,0,"rate_effect","Pvalb","wisp",232,0.030604362487793,448.491393089294,27.0592975616455,1.72818160057068
0.0337008167760309,0,"rate_effect","Slc17a7","wisp",232,0.0423741340637207,418.818164825439,24.772531747818,1.71317410469055
-0.0985242167276181,0,"rate_effect","Tac2","wisp",232,0.0336840152740479,421.485532522202,26.0124709606171,1.66458964347839
-0.0360908301413971,0,"rate_effect","Vip","wisp",232,0.0301039218902588,419.07643198967,23.9351878166199,1.70808434486389
0.329584359297799,-0.0379470689222217,"random_effect","replicate1","wisp",232,0.029496431350708,443.56943154335,25.7597060203552,1.6528697013855
0.00609114251525119,-0.202361762989312,"random_effect","replicate2","wisp",232,0.0322501659393311,423.658175468445,25.207447052002,1.70782256126404
0.357311377492453,0.00265800254419446,"random_effect","replicate3","wisp",232,0.0313875675201416,427.1850502491,25.8664109706879,2.41867923736572
-0.499424647282476,-0.41396922711283,"random_effect","replicate4","wisp",232,0.0261313915252686,428.541162490845,22.9495022296906,1.70014810562134
1.29309045226131,0,"FSE","Pvalb","wisp",232,0.816929817199707,433.676968336105,31.5241286754608,2.48922324180603
0.814447236180905,0,"FSE","Slc17a7","wisp",232,0.0293712615966797,430.996541023254,24.3395192623138,1.70786213874817
0.651235770690186,0,"FSE","Tac2","wisp",232,0.0294525623321533,435.360939741135,24.5862038135529,1.74760770797729
0.290326633165829,0,"FSE","Vip","wisp",232,0.0314376354217529,431.56404876709,26.8166272640228,1.69978642463684
0.876154014469573,1,"SVG","Pvalb","ELLA",232,0.0298619270324707,443.675142288208,30.911069393158,1.68198251724243
0.797410467700167,1,"SVG","Slc17a7","ELLA",232,0.0369207859039307,443.817051887512,31.6257169246674,1.67301535606384
1.10011880161132e-06,1,"SVG","Tac2","ELLA",232,0.0287370681762695,425.840946435928,20.6871118545532,1.69628477096558
0.0101130215481161,1,"SVG","Vip","ELLA",232,0.816901922225952,418.899758338928,25.4150378704071,1.71676182746887
0.000520423197067063,0,"rate_effect","Slc17a7","DESeq2",232,0.0307743549346924,427.506590843201,28.1352660655975,1.71242094039917
-2.74340695272297e-05,0,"rate_effect","Pvalb","DESeq2",232,0.0329976081848145,430.744173049927,26.0876758098602,1.68078994750977
9.64465833002761e-06,0,"rate_effect","Tac2","DESeq2",232,0.0331697463989258,343.210713863373,25.4671909809113,1.68777298927307
-7.0068295898046e-05,0,"rate_effect","Vip","DESeq2",232,0.0300967693328857,440.774281978607,23.2325868606567,2.37251234054565
0.804786716785143,0,"FSE","Slc17a7","DESeq2",232,0.812228679656982,421.734682798386,24.0035390853882,1.67496418952942
0.804786716785143,0,"FSE","Pvalb","DESeq2",232,0.0344059467315674,414.342206716537,31.1541674137115,1.68140697479248
0.804786716785143,0,"FSE","Tac2","DESeq2",232,0.0330021381378174,437.451224327087,29.745246887207,1.75335311889648
0.804786716785143,0,"FSE","Vip","DESeq2",232,0.0306010246276855,442.808385372162,28.5078384876251,1.74131655693054
-0.020587765657147,0,"rate_effect","Pvalb","wisp",233,0.0322425365447998,418.705527305603,32.1499083042145,1.71031928062439
-0.00269617342224128,0,"rate_effect","Slc17a7","wisp",233,0.02848219871521,418.45457649231,31.55730676651,1.6748194694519
0.0131374895928628,0,"rate_effect","Tac2","wisp",233,0.0327200889587402,418.613175630569,21.0245373249054,2.49808239936829
0.0200184842214979,0,"rate_effect","Vip","wisp",233,0.0323636531829834,451.664989948273,26.4137582778931,1.71981382369995
0.223475565704022,0.371191474143416,"random_effect","replicate1","wisp",233,0.0289516448974609,431.30482840538,26.2738811969757,1.79348587989807
0.00190526831357568,0.138456457527354,"random_effect","replicate2","wisp",233,0.0340394973754883,424.700837850571,28.7098228931427,1.66401886940002
0.0287916036683526,0.179898139787838,"random_effect","replicate3","wisp",233,0.0275821685791016,425.654767751694,28.4632177352905,1.66555500030518
-0.261872843915688,-0.0729756499640644,"random_effect","replicate4","wisp",233,0.0329325199127197,423.197243452072,33.9429748058319,1.6831533908844
1.91835671342685,0,"FSE","Pvalb","wisp",233,0.0311880111694336,434.951207876205,25.2036564350128,1.74011588096619
2.49482965931864,0,"FSE","Slc17a7","wisp",233,0.0296409130096436,440.225367546082,27.4221527576447,1.70881175994873
0.726514252995787,0,"FSE","Tac2","wisp",233,0.817978858947754,426.278552532196,33.1131513118744,1.70468354225159
1.28825552339246,0,"FSE","Vip","wisp",233,0.0321147441864014,422.636915206909,29.2182486057281,1.70727491378784
0.832528105661731,0,"SVG","Pvalb","ELLA",233,0.0328273773193359,447.521906852722,29.8023293018341,1.68975639343262
0.887965484660126,0,"SVG","Slc17a7","ELLA",233,0.0354571342468262,452.610210418701,26.6774995326996,1.70772361755371
0.818267600137145,1,"SVG","Tac2","ELLA",233,0.0321264266967773,433.965416669846,32.878084897995,1.7208776473999
1.83185679181186e-06,1,"SVG","Vip","ELLA",233,0.0312814712524414,422.190920829773,24.4393150806427,1.70067930221558
-0.0129341983640965,0,"rate_effect","Slc17a7","DESeq2",233,0.0330197811126709,418.523633003235,25.5854187011719,1.69677972793579
-0.0103828652039993,0,"rate_effect","Pvalb","DESeq2",233,0.034435510635376,420.346521377563,26.4988250732422,1.68244385719299
0.0259485718818472,0,"rate_effect","Tac2","DESeq2",233,0.0320837497711182,450.666950464249,31.1645810604095,1.67498111724854
-0.00737166328161289,0,"rate_effect","Vip","DESeq2",233,0.0363020896911621,457.17814874649,21.4324703216553,1.71121692657471
8.03835144377636e-05,0,"FSE","Slc17a7","DESeq2",233,0.029810905456543,428.343622922897,28.0981600284576,1.70960855484009
0.25442051578904,0,"FSE","Pvalb","DESeq2",233,0.0300595760345459,430.763073682785,25.8358247280121,1.69846940040588
0.012067169540785,0,"FSE","Tac2","DESeq2",233,0.0283267498016357,397.332173585892,18.7034997940063,1.69594931602478
0.695441471351238,0,"FSE","Vip","DESeq2",233,0.0276176929473877,442.712224245071,28.8775310516357,1.6610062122345
0.00393989410271612,0,"rate_effect","Pvalb","wisp",234,0.0308253765106201,427.544069766998,28.7976498603821,1.63383769989014
-0.00440039278189694,0,"rate_effect","Slc17a7","wisp",234,0.809355020523071,410.579885721207,29.0670175552368,1.86269569396973
0.0249261582471082,0,"rate_effect","Tac2","wisp",234,0.0337629318237305,423.401099443436,29.6546030044556,1.68249821662903
0.00787588381147863,0,"rate_effect","Vip","wisp",234,0.0272953510284424,422.697418212891,28.5365047454834,1.725830078125
0.21297417024815,0.360461469972506,"random_effect","replicate1","wisp",234,0.029818058013916,439.7497215271,28.5780348777771,1.66135263442993
-0.36031602760975,-0.15241442550905,"random_effect","replicate2","wisp",234,0.0316903591156006,433.967046022415,28.9943070411682,1.69037532806396
0.0400221043848336,0.190437487093732,"random_effect","replicate3","wisp",234,0.0298211574554443,431.580412626266,25.7868802547455,1.6839165687561
0.247547137890608,0.454034492606297,"random_effect","replicate4","wisp",234,0.030144214630127,421.375997781754,24.3016586303711,1.71349835395813
1.30530580530581,0,"FSE","Pvalb","wisp",234,0.807829141616821,465.29434800148,29.0233175754547,1.72194504737854
1.28746763440641,0,"FSE","Slc17a7","wisp",234,0.0383744239807129,429.53732085228,28.4468386173248,1.68207979202271
0.191568431568432,0,"FSE","Tac2","wisp",234,0.0290732383728027,429.263690233231,27.6097779273987,1.72484445571899
1.58086811148036,0,"FSE","Vip","wisp",234,0.0312666893005371,437.413307189941,27.8502190113068,1.60901474952698
0.913372765417104,0,"SVG","Pvalb","ELLA",234,0.805010795593262,426.455203294754,26.4656774997711,1.70355725288391
0.919870676745514,0,"SVG","Slc17a7","ELLA",234,0.0289487838745117,436.127036333084,28.2870264053345,1.67139077186584
4.40001671209167e-07,1,"SVG","Tac2","ELLA",234,0.03226637840271,420.098921537399,31.8938703536987,1.69554042816162
0.851469744803551,0,"SVG","Vip","ELLA",234,0.032975435256958,438.165823221207,30.2825698852539,1.69946098327637
0.000778922145030214,0,"rate_effect","Slc17a7","DESeq2",234,0.0294399261474609,422.019849300385,30.9425678253174,1.66973900794983
0.00348685498263177,0,"rate_effect","Pvalb","DESeq2",234,0.0314321517944336,431.475331306458,22.7149419784546,1.67200517654419
-0.03417101390723,0,"rate_effect","Tac2","DESeq2",234,0.0310087203979492,456.257085084915,32.455356836319,1.71188235282898
0.00672932758237851,0,"rate_effect","Vip","DESeq2",234,0.0314266681671143,415.877539396286,24.0265824794769,1.67043447494507
0.733265018273885,0,"FSE","Slc17a7","DESeq2",234,0.0294971466064453,416.692481517792,28.3475487232208,1.67638111114502
0.733265018273885,0,"FSE","Pvalb","DESeq2",234,0.0342004299163818,336.719402313232,26.6872763633728,1.68443870544434
0.00566248184372979,0,"FSE","Tac2","DESeq2",234,0.0316140651702881,440.845675230026,27.6376297473907,1.67763209342957
0.706069122766875,0,"FSE","Vip","DESeq2",234,0.0327372550964355,439.942652225494,29.3641135692596,1.70473194122314
-1.62685952637163,-0.495486208004877,"rate_effect","Pvalb","wisp",235,0.0318393707275391,427.237243175507,26.6134941577911,1.71749186515808
0.280092724264989,0.0916702703107148,"rate_effect","Slc17a7","wisp",235,0.0313699245452881,439.644544839859,28.5925753116608,1.69865012168884
-0.123024753925883,0,"rate_effect","Tac2","wisp",235,0.0302164554595947,430.495224475861,30.2653694152832,1.85662579536438
-0.0176678815861414,0,"rate_effect","Vip","wisp",235,0.0278749465942383,433.838924407959,19.8628737926483,1.78214120864868
-0.685752234101269,-0.493138896301389,"random_effect","replicate1","wisp",235,0.0278384685516357,430.360751152039,22.3971903324127,1.76852321624756
-0.088760570203637,-0.350372741930187,"random_effect","replicate2","wisp",235,0.0297048091888428,444.295955896378,24.0693807601929,1.65312027931213
0.543348824257526,0.315500993048772,"random_effect","replicate3","wisp",235,0.0325343608856201,439.585692644119,22.7576236724854,1.69080781936646
0.407202408834841,-0.0867553695570678,"random_effect","replicate4","wisp",235,0.0392982959747314,440.06645655632,24.0361716747284,1.71503973007202
0.0277222777222777,1,"FSE","Pvalb","wisp",235,0.029843807220459,437.265570402145,32.5572719573975,1.693115234375
0.370323553997023,1,"FSE","Slc17a7","wisp",235,0.0291032791137695,439.432435512543,28.7472431659698,1.66761207580566
1.2021978021978,0,"FSE","Tac2","wisp",235,0.0333409309387207,453.339238643646,31.4272742271423,1.68288779258728
1.17415917415917,0,"FSE","Vip","wisp",235,0.0347957611083984,417.253128051758,31.6567099094391,1.64820694923401
2.20505024461914e-06,1,"SVG","Pvalb","ELLA",235,0.0314128398895264,437.256318807602,26.5088288784027,1.63021802902222
0.898076479161258,1,"SVG","Slc17a7","ELLA",235,0.0340812206268311,430.002932310104,29.5874364376068,1.69731545448303
2.75001448613033e-07,1,"SVG","Tac2","ELLA",235,0.0293447971343994,435.143224954605,28.5866005420685,1.70678520202637
0.868412069863437,0,"SVG","Vip","ELLA",235,0.0311143398284912,445.551970005035,28.4414129257202,1.71600365638733
0.384082979168157,-0.495486208004877,"rate_effect","Slc17a7","DESeq2",235,0.0289325714111328,403.162273168564,26.9035997390747,1.71544790267944
-14.132532047838,0.0916702703107148,"rate_effect","Pvalb","DESeq2",235,0.0286831855773926,430.203703165054,26.6837778091431,1.66840791702271
-0.0910716454340457,0,"rate_effect","Tac2","DESeq2",235,1.57948327064514,437.185100317001,27.2536680698395,1.667564868927
-0.0686936644833896,0,"rate_effect","Vip","DESeq2",235,0.034404993057251,445.910422801971,27.2072422504425,1.68012309074402
4.92392209626252e-13,1,"FSE","Slc17a7","DESeq2",235,0.0283098220825195,453.391103506088,26.5794351100922,1.68018746376038
1.64299956719074e-75,1,"FSE","Pvalb","DESeq2",235,0.801506280899048,419.876414775848,24.7873849868774,1.75839638710022
0.118994276921033,0,"FSE","Tac2","DESeq2",235,0.0307512283325195,428.397931814194,25.2241079807281,1.7059383392334
0.207470952379442,0,"FSE","Vip","DESeq2",235,0.0340209007263184,436.847017526627,28.057745218277,1.85157752037048
0.0148396262586701,0,"rate_effect","Pvalb","wisp",236,0.0325219631195068,418.58698797226,21.6276752948761,1.68365335464478
-0.0150201826676439,0,"rate_effect","Slc17a7","wisp",236,0.029606819152832,451.323617219925,28.6904950141907,1.68021440505981
-0.115648677560313,0,"rate_effect","Tac2","wisp",236,0.0282809734344482,451.912832021713,22.7493710517883,1.72066164016724
-0.043540021319737,0,"rate_effect","Vip","wisp",236,0.801509857177734,422.313986063004,26.464081287384,1.70801472663879
-0.202404128221607,-0.0366397784091532,"random_effect","replicate1","wisp",236,0.035719633102417,420.760576486588,28.6639797687531,1.73553800582886
-0.397280153089273,-0.245229684980586,"random_effect","replicate2","wisp",236,0.0332770347595215,423.522397279739,32.0795929431915,1.68319892883301
0.276774129278446,0.336578386602923,"random_effect","replicate3","wisp",236,0.0316963195800781,452.135765552521,27.33478307724,1.69501924514771
0.324948955961768,0.496586453635246,"random_effect","replicate4","wisp",236,0.0274889469146729,429.882750511169,29.0840692520142,2.21656131744385
1.29488672345815,0,"FSE","Pvalb","wisp",236,0.0337462425231934,456.47945690155,29.6877138614655,1.71448874473572
2.12064064064064,0,"FSE","Slc17a7","wisp",236,0.0293803215026855,422.508548974991,28.0290486812592,1.72083115577698
1.50711822934045,0,"FSE","Tac2","wisp",236,0.0302333831787109,425.557153701782,25.630185842514,1.71045875549316
1.62431876320765,0,"FSE","Vip","wisp",236,0.0314383506774902,456.831465482712,28.0305428504944,1.73749208450317
0.813005047774674,0,"SVG","Pvalb","ELLA",236,0.0300333499908447,420.228207826614,25.318615436554,1.76744961738586
0.949509571593446,0,"SVG","Slc17a7","ELLA",236,0.029646635055542,425.508758306503,32.9703578948975,1.67997980117798
1.10000737452154e-06,1,"SVG","Tac2","ELLA",236,0.795555591583252,424.274295568466,28.6420726776123,1.70204496383667
0.882336845784778,0,"SVG","Vip","ELLA",236,0.0330798625946045,427.26707816124,18.6909942626953,1.63834738731384
-0.000339040922007788,0,"rate_effect","Slc17a7","DESeq2",236,0.0290913581848145,427.728501081467,29.9143071174622,1.79513120651245
0.000649921487882642,0,"rate_effect","Pvalb","DESeq2",236,0.0293011665344238,426.269878864288,28.6204409599304,1.68565964698792
5.11311874719114e-05,0,"rate_effect","Tac2","DESeq2",236,0.0388209819793701,418.660535097122,32.9334063529968,1.7362232208252
2.98357727028077e-05,0,"rate_effect","Vip","DESeq2",236,0.0292532444000244,425.60621213913,21.9722917079926,1.68773722648621
0.75925328159379,0,"FSE","Slc17a7","DESeq2",236,0.0324656963348389,443.387887001038,24.3710117340088,1.69161748886108
0.75925328159379,0,"FSE","Pvalb","DESeq2",236,0.0302588939666748,439.416900157928,23.9184587001801,1.70590662956238
0.75925328159379,0,"FSE","Tac2","DESeq2",236,0.0327942371368408,438.957689762115,27.6632163524628,1.71968770027161
0.75925328159379,0,"FSE","Vip","DESeq2",236,0.0285742282867432,421.09440946579,29.6664223670959,1.71637344360352
0.460498437968827,0.136050937464461,"rate_effect","Pvalb","wisp",237,0.0321705341339111,433.779055833817,24.2364208698273,1.66416764259338
0.0823779435536891,0,"rate_effect","Slc17a7","wisp",237,0.0324299335479736,441.995455741882,30.9328153133392,1.71126890182495
0.403786270545454,0,"rate_effect","Tac2","wisp",237,0.029210090637207,439.464953899384,34.3297638893127,1.69986629486084
0.543802222787083,-0.452507803449407,"rate_effect","Vip","wisp",237,0.0426244735717773,437.597018718719,24.8363919258118,1.68951106071472
-0.000183318666035156,-0.215841026743874,"random_effect","replicate1","wisp",237,0.0324771404266357,425.207281112671,34.9626548290253,1.69158744812012
-0.019317146389542,-0.315802441444248,"random_effect","replicate2","wisp",237,0.0298991203308105,418.647297859192,25.208455324173,1.70028805732727
0.050086664289174,0.395833486923948,"random_effect","replicate3","wisp",237,0.0298573970794678,427.855692625046,21.8786227703094,1.69300127029419
0.0840572229682066,-0.306404266739264,"random_effect","replicate4","wisp",237,0.0312502384185791,432.517842054367,28.3129653930664,1.68675136566162
0.107142857142857,1,"FSE","Pvalb","wisp",237,0.0320358276367188,411.424299955368,27.6908824443817,1.68193197250366
0.824987512487512,0,"FSE","Slc17a7","wisp",237,0.0310063362121582,427.761325597763,29.3594481945038,1.68344497680664
0.683316683316684,0,"FSE","Tac2","wisp",237,0.0334844589233398,428.166197538376,26.1797046661377,1.7228901386261
0.0495892995892996,1,"FSE","Vip","wisp",237,0.0315742492675781,434.415714979172,25.5722579956055,1.75341796875
0.996988063924027,1,"SVG","Pvalb","ELLA",237,0.0306034088134766,423.648044109344,28.6630384922028,2.33507633209229
0.840739473118787,1,"SVG","Slc17a7","ELLA",237,0.0319352149963379,457.630842685699,30.2729852199554,1.71965885162354
1.10001400316362e-06,1,"SVG","Tac2","ELLA",237,0.0309898853302002,427.793577194214,24.6332676410675,1.78945779800415
0.910333441727071,1,"SVG","Vip","ELLA",237,0.0248186588287354,427.134085416794,20.8497416973114,1.70171666145325
0.0118571323278384,0.136050937464461,"rate_effect","Slc17a7","DESeq2",237,0.0303020477294922,449.407165288925,26.851879119873,1.69535422325134
0.684856488991896,0,"rate_effect","Pvalb","DESeq2",237,0.0301089286804199,428.247339248657,29.8079919815063,1.66396045684814
-0.00774923383599804,0,"rate_effect","Tac2","DESeq2",237,0.0322089195251465,408.884809732437,26.4115223884583,1.72398972511292
-6.96751716755521,-0.452507803449407,"rate_effect","Vip","DESeq2",237,0.0315802097320557,422.765319108963,25.9771552085876,1.73013639450073
0.198254478550372,1,"FSE","Slc17a7","DESeq2",237,0.0289065837860107,439.160111427307,22.1827802658081,1.76004147529602
0,0,"FSE","Pvalb","DESeq2",237,0.0298852920532227,427.017245531082,28.7798230648041,1.70368719100952
0.6796450200092,0,"FSE","Tac2","DESeq2",237,0.0346510410308838,423.745444536209,30.480721950531,1.68005108833313
0,1,"FSE","Vip","DESeq2",237,0.0336208343505859,457.350196123123,29.9804899692535,1.70068073272705
0.0588042828801182,0,"rate_effect","Pvalb","wisp",238,0.0338809490203857,436.45938372612,22.8680624961853,1.66281175613403
-0.00352129985019025,0,"rate_effect","Slc17a7","wisp",238,0.034174919128418,440.511873960495,28.8962671756744,1.64716815948486
-0.0250657284728099,0,"rate_effect","Tac2","wisp",238,0.0303421020507812,427.628512382507,22.2104892730713,1.71368527412415
0.0070457600812542,0,"rate_effect","Vip","wisp",238,0.0332088470458984,344.416242599487,30.4543399810791,1.69739413261414
0.218177808599486,0.471303442725912,"random_effect","replicate1","wisp",238,0.0305843353271484,431.98536658287,24.406289100647,1.68058586120605
0.105105850886592,0.300400221487507,"random_effect","replicate2","wisp",238,0.0328588485717773,449.26571059227,33.3354132175446,1.73019027709961
-0.279494965242162,-0.0267552130389959,"random_effect","replicate3","wisp",238,0.0297694206237793,439.159985542297,26.3205349445343,1.71449494361877
-0.0196857917437571,0.226074057864025,"random_effect","replicate4","wisp",238,0.0305607318878174,428.652082204819,30.6755955219269,1.88950419425964
1.94801198801199,0,"FSE","Pvalb","wisp",238,0.0316033363342285,445.094449043274,42.2195236682892,1.67439436912537
1.84892884892885,0,"FSE","Slc17a7","wisp",238,0.0265688896179199,435.233200311661,26.1416709423065,1.71018147468567
1.53911394727721,0,"FSE","Tac2","wisp",238,0.0327644348144531,439.456162452698,26.0999274253845,1.78638219833374
1.20093795093795,0,"FSE","Vip","wisp",238,0.0307676792144775,437.681057214737,27.9302146434784,1.65710139274597
0.94023235121505,1,"SVG","Pvalb","ELLA",238,0.0290651321411133,427.405111312866,22.3053696155548,1.72048687934875
0.920992852141119,0,"SVG","Slc17a7","ELLA",238,0.0320477485656738,433.640318632126,29.350049495697,1.72802352905273
0.926902985356879,0,"SVG","Tac2","ELLA",238,0.0298590660095215,448.810079097748,25.333607673645,1.71256875991821
0.950052062140311,0,"SVG","Vip","ELLA",238,0.0316283702850342,455.552742004395,29.5427038669586,1.7094087600708
0.00464840875917438,0,"rate_effect","Slc17a7","DESeq2",238,0.0333898067474365,440.108868360519,23.9051141738892,1.67539310455322
-0.000144925620781419,0,"rate_effect","Pvalb","DESeq2",238,0.0299966335296631,419.217404127121,32.1976454257965,1.70710897445679
1.92544014535277e-06,0,"rate_effect","Tac2","DESeq2",238,0.0458025932312012,433.931190729141,28.3724331855774,1.67933249473572
1.77159094261302e-05,0,"rate_effect","Vip","DESeq2",238,0.0300023555755615,429.552792310715,29.0982015132904,1.65337753295898
0.821277710922594,0,"FSE","Slc17a7","DESeq2",238,0.0322961807250977,435.765223503113,31.6087048053741,1.71501207351685
0.821277710922594,0,"FSE","Pvalb","DESeq2",238,0.0341274738311768,417.889683008194,28.9951059818268,1.70399403572083
0.986558142301866,0,"FSE","Tac2","DESeq2",238,0.0294394493103027,453.733312368393,25.2916481494904,1.77246928215027
0.986558142301866,0,"FSE","Vip","DESeq2",238,0.0308578014373779,468.61527967453,25.4667437076569,1.71070170402527
1.22767728988134,0.470766597194597,"rate_effect","Pvalb","wisp",239,0.820080041885376,436.097178220749,26.8479788303375,1.66347169876099
-0.418868329697152,-0.0897781462408602,"rate_effect","Slc17a7","wisp",239,0.0320253372192383,431.81830573082,30.8184201717377,1.66999959945679
-0.3726395621624,-0.0873318244703114,"rate_effect","Tac2","wisp",239,0.0323450565338135,407.469310998917,23.6902546882629,1.6712794303894
0.608667190996535,0.0990311244968325,"rate_effect","Vip","wisp",239,0.0303232669830322,458.878425359726,29.6515972614288,1.6605019569397
0.0558307374039136,0.274926622398198,"random_effect","replicate1","wisp",239,0.0322065353393555,419.259837388992,28.8181869983673,1.6933798789978
-0.183672500055788,-0.0339137702248991,"random_effect","replicate2","wisp",239,0.0321733951568604,430.462215185165,29.7094798088074,1.70585680007935
0.124184072558639,0.131882953457534,"random_effect","replicate3","wisp",239,0.0398569107055664,434.449024200439,32.2220323085785,1.69411945343018
-0.133387465144436,0.00824870471842587,"random_effect","replicate4","wisp",239,0.0285923480987549,429.197801351547,26.8881816864014,1.82680439949036
0.0212892385870011,1,"FSE","Pvalb","wisp",239,0.0303695201873779,462.501043796539,27.2750470638275,1.7259795665741
0.245732931726908,1,"FSE","Slc17a7","wisp",239,0.0310995578765869,422.670966625214,21.7350451946259,1.75525784492493
0.0384036144578314,1,"FSE","Tac2","wisp",239,0.0324530601501465,428.048925638199,30.4400534629822,1.65608763694763
0.230979473449353,1,"FSE","Vip","wisp",239,0.80547022819519,440.463515520096,28.439962387085,1.65983462333679
0.780357746175085,1,"SVG","Pvalb","ELLA",239,0.0333585739135742,445.77917599678,26.5162720680237,1.65799617767334
0.716856731653277,1,"SVG","Slc17a7","ELLA",239,0.834730386734009,404.486200332642,22.7781071662903,1.70609188079834
0.891984052820914,1,"SVG","Tac2","ELLA",239,0.0285840034484863,414.615249633789,23.4158487319946,1.73908114433289
7.33335906499821e-07,1,"SVG","Vip","ELLA",239,0.0306859016418457,433.938928842545,33.8327622413635,1.7237377166748
-0.537861547870903,0.470766597194597,"rate_effect","Slc17a7","DESeq2",239,0.0308890342712402,422.670696020126,25.4336326122284,1.66652059555054
1.94678615087429,-0.0897781462408602,"rate_effect","Pvalb","DESeq2",239,0.0306036472320557,419.418052911758,25.2467229366302,1.70362830162048
-0.498428301156835,-0.0873318244703114,"rate_effect","Tac2","DESeq2",239,0.0317995548248291,461.469823598862,32.3803489208221,1.67511296272278
0.498332998124765,0.0990311244968325,"rate_effect","Vip","DESeq2",239,0.0344686508178711,434.89457821846,27.1384015083313,1.70538330078125
0,1,"FSE","Slc17a7","DESeq2",239,0.0282166004180908,443.423809051514,32.3087086677551,1.67403841018677
0,1,"FSE","Pvalb","DESeq2",239,0.0308902263641357,431.944690704346,30.5837070941925,1.7223334312439
1.92498472756429e-202,1,"FSE","Tac2","DESeq2",239,0.0291938781738281,425.225584983826,23.5495102405548,1.67557716369629
0,1,"FSE","Vip","DESeq2",239,0.0274803638458252,449.36609172821,29.871399641037,1.7144455909729
-0.00517191267954483,0,"rate_effect","Pvalb","wisp",240,0.0323798656463623,397.502710580826,26.9996373653412,1.68184280395508
-0.45477473117875,-0.0990931808482856,"rate_effect","Slc17a7","wisp",240,0.0408256053924561,431.450164318085,30.4177463054657,1.70918226242065
-0.00650806670928722,0,"rate_effect","Tac2","wisp",240,0.0313534736633301,438.536264657974,29.9569611549377,1.84068560600281
0.0496437236225808,0,"rate_effect","Vip","wisp",240,0.0400087833404541,433.042570114136,30.6304001808167,1.66168165206909
-0.149996055229936,0.0707851001061499,"random_effect","replicate1","wisp",240,0.817047119140625,430.118763923645,24.3502914905548,1.6999716758728
0.195927007640899,0.303939601639286,"random_effect","replicate2","wisp",240,0.0297436714172363,437.071761846542,23.595419883728,1.64554500579834
-0.105037159640993,0.0897546806372702,"random_effect","replicate3","wisp",240,0.032271146774292,436.101019144058,24.8949110507965,1.70548939704895
-0.126737980893259,0.153045535087585,"random_effect","replicate4","wisp",240,0.0315263271331787,432.288017749786,30.956157207489,1.69679665565491
0.166405023547881,0,"FSE","Pvalb","wisp",240,0.0336310863494873,437.491618871689,23.7585678100586,1.71569228172302
0.336746586746587,1,"FSE","Slc17a7","wisp",240,1.60711026191711,421.640034914017,25.7011733055115,1.6941704750061
1.15548451548452,0,"FSE","Tac2","wisp",240,0.0332968235015869,424.412275791168,31.337925195694,1.72009944915771
0.519562070582479,0,"FSE","Vip","wisp",240,0.0317978858947754,432.436423778534,26.7529740333557,1.69773530960083
0.937556461318392,1,"SVG","Pvalb","ELLA",240,0.0310676097869873,423.374612569809,30.5652163028717,1.68888401985168
0.867264725439496,1,"SVG","Slc17a7","ELLA",240,0.0288574695587158,432.843449831009,27.3957550525665,1.6828761100769
0.899076364386741,0,"SVG","Tac2","ELLA",240,0.0459022521972656,226.993104219437,24.1935837268829,1.51726198196411
0.84779727199759,0,"SVG","Vip","ELLA",240,0.0322229862213135,331.06693983078,30.7433168888092,1.6044819355011
-0.62735823003614,0,"rate_effect","Slc17a7","DESeq2",240,0.0333068370819092,374.853465080261,21.7227132320404,1.55030393600464
0.0139932429923048,-0.0990931808482856,"rate_effect","Pvalb","DESeq2",240,0.0307085514068604,384.058814287186,22.0142612457275,1.6028254032135
0.0109801488050801,0,"rate_effect","Tac2","DESeq2",240,0.0302438735961914,391.767779111862,25.2758643627167,1.53045392036438
0.00919566425039458,0,"rate_effect","Vip","DESeq2",240,0.0305290222167969,388.461657047272,23.9431219100952,1.55912685394287
0,0,"FSE","Slc17a7","DESeq2",240,0.0326883792877197,384.937769889832,29.8561155796051,1.56570911407471
0.318963918818738,1,"FSE","Pvalb","DESeq2",240,0.026921272277832,389.509970188141,21.9643669128418,1.66833257675171
0.475093664977384,0,"FSE","Tac2","DESeq2",240,0.0267267227172852,388.007637023926,30.0672695636749,1.57240080833435
0.475093664977384,0,"FSE","Vip","DESeq2",240,0.0300586223602295,418.203063964844,30.2898714542389,1.61718273162842
-0.00805688410004821,0,"rate_effect","Pvalb","wisp",241,0.0290942192077637,406.942582845688,31.5599641799927,1.58856463432312
-0.00955457626665369,0,"rate_effect","Slc17a7","wisp",241,0.0287714004516602,429.646015167236,26.2195875644684,1.60668730735779
0.36307928278714,0.239895649021491,"rate_effect","Tac2","wisp",241,0.0317835807800293,341.669018268585,26.9653091430664,1.54579663276672
1.00914055492394,0.411167375510558,"rate_effect","Vip","wisp",241,0.0308656692504883,410.980796337128,26.0913398265839,1.58828997612
-0.205583790072912,-0.321052442071959,"random_effect","replicate1","wisp",241,0.0299198627471924,381.337107896805,27.0866591930389,1.55881309509277
0.485076330997752,0.443890524329618,"random_effect","replicate2","wisp",241,0.0317187309265137,406.580022573471,25.456356048584,2.13756680488586
-0.432778435897416,-0.420679818838835,"random_effect","replicate3","wisp",241,0.0320427417755127,381.373903751373,26.0200519561768,1.62136936187744
-0.165895996646644,-0.303890163078904,"random_effect","replicate4","wisp",241,0.0314962863922119,398.525640964508,30.7137763500214,1.63695192337036
0.821955821955822,0,"FSE","Pvalb","wisp",241,0.0254049301147461,391.480886697769,26.8268549442291,1.66666102409363
0.869130869130869,0,"FSE","Slc17a7","wisp",241,0.0256845951080322,386.229352712631,22.1226570606232,2.23532843589783
0.413523976023976,1,"FSE","Tac2","wisp",241,0.0274255275726318,393.043655633926,26.3135740756989,1.62186360359192
0,1,"FSE","Vip","wisp",241,0.0314497947692871,399.737291574478,27.4356372356415,1.54793643951416
0.788788136963265,0,"SVG","Pvalb","ELLA",241,0.0278842449188232,407.994123220444,30.0831542015076,1.70397877693176
0.876372855908573,0,"SVG","Slc17a7","ELLA",241,0.0312459468841553,454.349458694458,27.4588553905487,1.65162825584412
7.33336969982457e-07,1,"SVG","Tac2","ELLA",241,0.0302815437316895,416.451984167099,27.4706983566284,1.66848421096802
1.09989781144071e-06,1,"SVG","Vip","ELLA",241,0.030287504196167,445.160679101944,26.9797604084015,1.6416482925415
-0.577518123241933,0,"rate_effect","Slc17a7","DESeq2",241,0.0270621776580811,418.129014253616,28.2524511814117,1.66839957237244
-0.576671777659993,0,"rate_effect","Pvalb","DESeq2",241,0.025137186050415,427.151807546616,30.0656287670135,1.72059488296509
0.565902340264178,0.239895649021491,"rate_effect","Tac2","DESeq2",241,0.0248410701751709,419.83846116066,32.9552249908447,1.71002101898193
1.13805946686246,0.411167375510558,"rate_effect","Vip","DESeq2",241,0.031097412109375,420.148341417313,25.3059678077698,1.70672941207886
0,0,"FSE","Slc17a7","DESeq2",241,0.0304763317108154,422.099095344543,27.7931344509125,1.73184728622437
5.35508227139426e-225,0,"FSE","Pvalb","DESeq2",241,0.0281741619110107,436.614368438721,25.8525140285492,1.87365055084229
1.02300566896319e-150,1,"FSE","Tac2","DESeq2",241,0.031022310256958,431.403715372086,31.1884779930115,1.73899722099304
0,1,"FSE","Vip","DESeq2",241,0.0317983627319336,446.260487318039,21.985191822052,1.75307321548462
0.625730154041025,0.188583582639694,"rate_effect","Pvalb","wisp",242,0.0358791351318359,425.043972253799,28.740198135376,1.71167206764221
-0.0122487577592311,0,"rate_effect","Slc17a7","wisp",242,0.0326249599456787,432.28660774231,34.3577883243561,1.82336187362671
0.00996866163189939,0,"rate_effect","Tac2","wisp",242,0.025691032409668,413.085528612137,26.3216788768768,1.68938827514648
-0.0194211775370919,0,"rate_effect","Vip","wisp",242,0.0321977138519287,431.868797302246,31.4128401279449,1.72128224372864
0.308255754450576,-0.0729652049485594,"random_effect","replicate1","wisp",242,0.0303294658660889,427.370543956757,21.0685846805573,1.7031238079071
-0.0136811444173667,-0.243949102237821,"random_effect","replicate2","wisp",242,0.031196117401123,438.467203855515,26.1320161819458,1.84325361251831
-0.516156571278918,-0.423087300965562,"random_effect","replicate3","wisp",242,0.0318443775177002,416.291744470596,28.2499594688416,1.83968019485474
0.339221783548207,-0.0507881112862378,"random_effect","replicate4","wisp",242,0.0282285213470459,444.577963352203,21.2990975379944,2.37900733947754
0.523351648351648,1,"FSE","Pvalb","wisp",242,0.029576301574707,425.557831048965,32.9004528522491,2.33510065078735
1.09832143165476,0,"FSE","Slc17a7","wisp",242,0.0261030197143555,454.543220043182,25.3657302856445,1.65312337875366
1.71023421023421,0,"FSE","Tac2","wisp",242,0.030604362487793,448.491393089294,27.0592975616455,1.72818160057068
1.92710067710068,0,"FSE","Vip","wisp",242,0.0423741340637207,418.818164825439,24.772531747818,1.71317410469055
0.917239682833668,1,"SVG","Pvalb","ELLA",242,0.0336840152740479,421.485532522202,26.0124709606171,1.66458964347839
0.92332887033402,0,"SVG","Slc17a7","ELLA",242,0.0301039218902588,419.07643198967,23.9351878166199,1.70808434486389
0.719424496518502,0,"SVG","Tac2","ELLA",242,0.029496431350708,443.56943154335,25.7597060203552,1.6528697013855
0.919293220277973,0,"SVG","Vip","ELLA",242,0.0322501659393311,423.658175468445,25.207447052002,1.70782256126404
-0.00208293700440649,0.188583582639694,"rate_effect","Slc17a7","DESeq2",242,0.0313875675201416,427.1850502491,25.8664109706879,2.41867923736572
0.946185430051875,0,"rate_effect","Pvalb","DESeq2",242,0.0261313915252686,428.541162490845,22.9495022296906,1.70014810562134
-0.0272669674111305,0,"rate_effect","Tac2","DESeq2",242,0.816929817199707,433.676968336105,31.5241286754608,2.48922324180603
-0.0247330933083898,0,"rate_effect","Vip","DESeq2",242,0.0293712615966797,430.996541023254,24.3395192623138,1.70786213874817
0.783111531295617,1,"FSE","Slc17a7","DESeq2",242,0.0294525623321533,435.360939741135,24.5862038135529,1.74760770797729
0,0,"FSE","Pvalb","DESeq2",242,0.0314376354217529,431.56404876709,26.8166272640228,1.69978642463684
0.27414114643394,0,"FSE","Tac2","DESeq2",242,0.0298619270324707,443.675142288208,30.911069393158,1.68198251724243
0.27414114643394,0,"FSE","Vip","DESeq2",242,0.0369207859039307,443.817051887512,31.6257169246674,1.67301535606384
-0.169293925523869,0,"rate_effect","Pvalb","wisp",243,0.0287370681762695,425.840946435928,20.6871118545532,1.69628477096558
0.0279324456906526,0.0663404152728617,"rate_effect","Slc17a7","wisp",243,0.816901922225952,418.899758338928,25.4150378704071,1.71676182746887
0.035810946497609,0,"rate_effect","Tac2","wisp",243,0.0307743549346924,427.506590843201,28.1352660655975,1.71242094039917
0.172470914469376,0.0904664092231542,"rate_effect","Vip","wisp",243,0.0329976081848145,430.744173049927,26.0876758098602,1.68078994750977
0.2226314924825,-0.0771145557519048,"random_effect","replicate1","wisp",243,0.0331697463989258,343.210713863373,25.4671909809113,1.68777298927307
-0.140821328178234,-0.214687550673261,"random_effect","replicate2","wisp",243,0.0300967693328857,440.774281978607,23.2325868606567,2.37251234054565
-0.284709509835259,-0.277472948888317,"random_effect","replicate3","wisp",243,0.812228679656982,421.734682798386,24.0035390853882,1.67496418952942
0.180239749287455,-0.1163297847379,"random_effect","replicate4","wisp",243,0.0344059467315674,414.342206716537,31.1541674137115,1.68140697479248
0.714563214563215,0,"FSE","Pvalb","wisp",243,0.0330021381378174,437.451224327087,29.745246887207,1.75335311889648
0.191613941613942,1,"FSE","Slc17a7","wisp",243,0.0306010246276855,442.808385372162,28.5078384876251,1.74131655693054
0.96001221001221,0,"FSE","Tac2","wisp",243,0.0322425365447998,418.705527305603,32.1499083042145,1.71031928062439
0.628649128649129,1,"FSE","Vip","wisp",243,0.02848219871521,418.45457649231,31.55730676651,1.6748194694519
0.999197793459615,1,"SVG","Pvalb","ELLA",243,0.0327200889587402,418.613175630569,21.0245373249054,2.49808239936829
0.847414434466049,1,"SVG","Slc17a7","ELLA",243,0.0323636531829834,451.664989948273,26.4137582778931,1.71981382369995
0.868021399455976,1,"SVG","Tac2","ELLA",243,0.0289516448974609,431.30482840538,26.2738811969757,1.79348587989807
2.20004050494049e-06,1,"SVG","Vip","ELLA",243,0.0340394973754883,424.700837850571,28.7098228931427,1.66401886940002
0.16220723718357,0,"rate_effect","Slc17a7","DESeq2",243,0.0275821685791016,425.654767751694,28.4632177352905,1.66555500030518
-0.209025944643292,0.0663404152728617,"rate_effect","Pvalb","DESeq2",243,0.0329325199127197,423.197243452072,33.9429748058319,1.6831533908844
-0.166428949395256,0,"rate_effect","Tac2","DESeq2",243,0.0311880111694336,434.951207876205,25.2036564350128,1.74011588096619
0.242171707848134,0.0904664092231542,"rate_effect","Vip","DESeq2",243,0.0296409130096436,440.225367546082,27.4221527576447,1.70881175994873
5.02394994901065e-83,0,"FSE","Slc17a7","DESeq2",243,0.817978858947754,426.278552532196,33.1131513118744,1.70468354225159
5.73569537330182e-54,1,"FSE","Pvalb","DESeq2",243,0.0321147441864014,422.636915206909,29.2182486057281,1.70727491378784
6.13572584582853e-18,0,"FSE","Tac2","DESeq2",243,0.0328273773193359,447.521906852722,29.8023293018341,1.68975639343262
6.03207046391096e-49,1,"FSE","Vip","DESeq2",243,0.0354571342468262,452.610210418701,26.6774995326996,1.70772361755371
0.881892602750164,0.282009400427341,"rate_effect","Pvalb","wisp",244,0.0321264266967773,433.965416669846,32.878084897995,1.7208776473999
0.000864135331029142,0,"rate_effect","Slc17a7","wisp",244,0.0312814712524414,422.190920829773,24.4393150806427,1.70067930221558
-0.0152972412427383,0,"rate_effect","Tac2","wisp",244,0.0330197811126709,418.523633003235,25.5854187011719,1.69677972793579
0.0172418630008271,0,"rate_effect","Vip","wisp",244,0.034435510635376,420.346521377563,26.4988250732422,1.68244385719299
0.0739375664602017,0.280470862053335,"random_effect","replicate1","wisp",244,0.0320837497711182,450.666950464249,31.1645810604095,1.67498111724854
-0.153348684962273,0.0908751233946532,"random_effect","replicate2","wisp",244,0.0363020896911621,457.17814874649,21.4324703216553,1.71121692657471
-0.149074699349062,0.0878924657590687,"random_effect","replicate3","wisp",244,0.029810905456543,428.343622922897,28.0981600284576,1.70960855484009
0.146165115866695,0.319102574838325,"random_effect","replicate4","wisp",244,0.0300595760345459,430.763073682785,25.8358247280121,1.69846940040588
0.162309912309912,1,"FSE","Pvalb","wisp",244,0.0283267498016357,397.332173585892,18.7034997940063,1.69594931602478
1.24331224331224,0,"FSE","Slc17a7","wisp",244,0.0276176929473877,442.712224245071,28.8775310516357,1.6610062122345
1.3911245004995,0,"FSE","Tac2","wisp",244,0.0308253765106201,427.544069766998,28.7976498603821,1.63383769989014
1.48787323787324,0,"FSE","Vip","wisp",244,0.809355020523071,410.579885721207,29.0670175552368,1.86269569396973
0.914783046939888,1,"SVG","Pvalb","ELLA",244,0.0337629318237305,423.401099443436,29.6546030044556,1.68249821662903
0.89729716257183,0,"SVG","Slc17a7","ELLA",244,0.0272953510284424,422.697418212891,28.5365047454834,1.725830078125
0.964266555950978,0,"SVG","Tac2","ELLA",244,0.029818058013916,439.7497215271,28.5780348777771,1.66135263442993
0.776113285880189,0,"SVG","Vip","ELLA",244,0.0316903591156006,433.967046022415,28.9943070411682,1.69037532806396
-0.00923981284215158,0.282009400427341,"rate_effect","Slc17a7","DESeq2",244,0.0298211574554443,431.580412626266,25.7868802547455,1.6839165687561
1.25009018192258,0,"rate_effect","Pvalb","DESeq2",244,0.030144214630127,421.375997781754,24.3016586303711,1.71349835395813
-0.0104488458541078,0,"rate_effect","Tac2","DESeq2",244,0.807829141616821,465.29434800148,29.0233175754547,1.72194504737854
-0.00698323543645652,0,"rate_effect","Vip","DESeq2",244,0.0383744239807129,429.53732085228,28.4468386173248,1.68207979202271
0.231101898103229,1,"FSE","Slc17a7","DESeq2",244,0.0290732383728027,429.263690233231,27.6097779273987,1.72484445571899
0,0,"FSE","Pvalb","DESeq2",244,0.0312666893005371,437.413307189941,27.8502190113068,1.60901474952698
0.559430661643346,0,"FSE","Tac2","DESeq2",244,0.805010795593262,426.455203294754,26.4656774997711,1.70355725288391
0.559430661643346,0,"FSE","Vip","DESeq2",244,0.0289487838745117,436.127036333084,28.2870264053345,1.67139077186584
-0.03925275952927,0,"rate_effect","Pvalb","wisp",245,0.03226637840271,420.098921537399,31.8938703536987,1.69554042816162
0.00562440755079456,0,"rate_effect","Slc17a7","wisp",245,0.032975435256958,438.165823221207,30.2825698852539,1.69946098327637
-0.0297132763817621,0,"rate_effect","Tac2","wisp",245,0.0294399261474609,422.019849300385,30.9425678253174,1.66973900794983
-0.00972948162025464,0,"rate_effect","Vip","wisp",245,0.0314321517944336,431.475331306458,22.7149419784546,1.67200517654419
-0.676079792069264,-0.494815711164847,"random_effect","replicate1","wisp",245,0.0310087203979492,456.257085084915,32.455356836319,1.71188235282898
0.323735326425662,-0.312630821485072,"random_effect","replicate2","wisp",245,0.0314266681671143,415.877539396286,24.0265824794769,1.67043447494507
-0.326290997193245,-0.446394400671124,"random_effect","replicate3","wisp",245,0.0294971466064453,416.692481517792,28.3475487232208,1.67638111114502
0.663115718330903,0.487737905466929,"random_effect","replicate4","wisp",245,0.0342004299163818,336.719402313232,26.6872763633728,1.68443870544434
1.07048951048951,0,"FSE","Pvalb","wisp",245,0.0316140651702881,440.845675230026,27.6376297473907,1.67763209342957
0.587372627372627,0,"FSE","Slc17a7","wisp",245,0.0327372550964355,439.942652225494,29.3641135692596,1.70473194122314
0.813306693306693,0,"FSE","Tac2","wisp",245,0.0318393707275391,427.237243175507,26.6134941577911,1.71749186515808
1.38081918081918,0,"FSE","Vip","wisp",245,0.0313699245452881,439.644544839859,28.5925753116608,1.69865012168884
2.20002930223506e-06,1,"SVG","Pvalb","ELLA",245,0.0302164554595947,430.495224475861,30.2653694152832,1.85662579536438
0.859760891174607,1,"SVG","Slc17a7","ELLA",245,0.0278749465942383,433.838924407959,19.8628737926483,1.78214120864868
3.66674654861399e-07,1,"SVG","Tac2","ELLA",245,0.0278384685516357,430.360751152039,22.3971903324127,1.76852321624756
0.767421633659773,0,"SVG","Vip","ELLA",245,0.0297048091888428,444.295955896378,24.0693807601929,1.65312027931213
1.11124759480399e-05,0,"rate_effect","Slc17a7","DESeq2",245,0.0325343608856201,439.585692644119,22.7576236724854,1.69080781936646
-0.0002664469675984,0,"rate_effect","Pvalb","DESeq2",245,0.0392982959747314,440.06645655632,24.0361716747284,1.71503973007202
-5.83977018588508e-05,0,"rate_effect","Tac2","DESeq2",245,0.029843807220459,437.265570402145,32.5572719573975,1.693115234375
-1.87446232335276e-06,0,"rate_effect","Vip","DESeq2",245,0.0291032791137695,439.432435512543,28.7472431659698,1.66761207580566
0.886461812086152,0,"FSE","Slc17a7","DESeq2",245,0.0333409309387207,453.339238643646,31.4272742271423,1.68288779258728
0.886461812086152,0,"FSE","Pvalb","DESeq2",245,0.0347957611083984,417.253128051758,31.6567099094391,1.64820694923401
0.886461812086152,0,"FSE","Tac2","DESeq2",245,0.0314128398895264,437.256318807602,26.5088288784027,1.63021802902222
0.886461812086152,0,"FSE","Vip","DESeq2",245,0.0340812206268311,430.002932310104,29.5874364376068,1.69731545448303
-1.36798825289036,-0.277522533899173,"rate_effect","Pvalb","wisp",246,0.0293447971343994,435.143224954605,28.5866005420685,1.70678520202637
1.02918890601745,0.411039825063199,"rate_effect","Slc17a7","wisp",246,0.0311143398284912,445.551970005035,28.4414129257202,1.71600365638733
-0.043134127212308,0,"rate_effect","Tac2","wisp",246,0.0289325714111328,403.162273168564,26.9035997390747,1.71544790267944
-1.97608754396925,-0.401921104872599,"rate_effect","Vip","wisp",246,0.0286831855773926,430.203703165054,26.6837778091431,1.66840791702271
-0.0207788774845721,-0.0979635007679462,"random_effect","replicate1","wisp",246,1.57948327064514,437.185100317001,27.2536680698395,1.667564868927
-0.272156671781553,-0.216768027981743,"random_effect","replicate2","wisp",246,0.034404993057251,445.910422801971,27.2072422504425,1.68012309074402
0.321658566457345,0.199752419954166,"random_effect","replicate3","wisp",246,0.0283098220825195,453.391103506088,26.5794351100922,1.68018746376038
-0.0947453173877824,-0.13625553320162,"random_effect","replicate4","wisp",246,0.801506280899048,419.876414775848,24.7873849868774,1.75839638710022
0.00250260688216892,1,"FSE","Pvalb","wisp",246,0.0307512283325195,428.397931814194,25.2241079807281,1.7059383392334
0.00145985401459854,1,"FSE","Slc17a7","wisp",246,0.0340209007263184,436.847017526627,28.057745218277,1.85157752037048
0.883762020623335,0,"FSE","Tac2","wisp",246,0.0325219631195068,418.58698797226,21.6276752948761,1.68365335464478
0,1,"FSE","Vip","wisp",246,0.029606819152832,451.323617219925,28.6904950141907,1.68021440505981
0.840098289620509,1,"SVG","Pvalb","ELLA",246,0.0282809734344482,451.912832021713,22.7493710517883,1.72066164016724
0.784294148032964,1,"SVG","Slc17a7","ELLA",246,0.801509857177734,422.313986063004,26.464081287384,1.70801472663879
0.752063658779272,0,"SVG","Tac2","ELLA",246,0.035719633102417,420.760576486588,28.6639797687531,1.73553800582886
0.930212185239598,1,"SVG","Vip","ELLA",246,0.0332770347595215,423.522397279739,32.0795929431915,1.68319892883301
2.89634276659012,-0.277522533899173,"rate_effect","Slc17a7","DESeq2",246,0.0316963195800781,452.135765552521,27.33478307724,1.69501924514771
-1.13856322570194,0.411039825063199,"rate_effect","Pvalb","DESeq2",246,0.0274889469146729,429.882750511169,29.0840692520142,2.21656131744385
1.13819357403101,0,"rate_effect","Tac2","DESeq2",246,0.0337462425231934,456.47945690155,29.6877138614655,1.71448874473572
-3.55695955780132,-0.401921104872599,"rate_effect","Vip","DESeq2",246,0.0293803215026855,422.508548974991,28.0290486812592,1.72083115577698
0,1,"FSE","Slc17a7","DESeq2",246,0.0302333831787109,425.557153701782,25.630185842514,1.71045875549316
0,1,"FSE","Pvalb","DESeq2",246,0.0314383506774902,456.831465482712,28.0305428504944,1.73749208450317
0,0,"FSE","Tac2","DESeq2",246,0.0300333499908447,420.228207826614,25.318615436554,1.76744961738586
0,1,"FSE","Vip","DESeq2",246,0.029646635055542,425.508758306503,32.9703578948975,1.67997980117798
0.932093404278642,0.386947891907766,"rate_effect","Pvalb","wisp",247,0.795555591583252,424.274295568466,28.6420726776123,1.70204496383667
0.00622887659333333,0,"rate_effect","Slc17a7","wisp",247,0.0330798625946045,427.26707816124,18.6909942626953,1.63834738731384
-0.215074845540808,-0.129064114531502,"rate_effect","Tac2","wisp",247,0.0290913581848145,427.728501081467,29.9143071174622,1.79513120651245
-0.00812767471880287,0,"rate_effect","Vip","wisp",247,0.0293011665344238,426.269878864288,28.6204409599304,1.68565964698792
0.250356904518621,0.41679560765624,"random_effect","replicate1","wisp",247,0.0388209819793701,418.660535097122,32.9334063529968,1.7362232208252
-0.446230755428294,-0.295442577917129,"random_effect","replicate2","wisp",247,0.0292532444000244,425.60621213913,21.9722917079926,1.68773722648621
0.209159131463765,0.287792013725266,"random_effect","replicate3","wisp",247,0.0324656963348389,443.387887001038,24.3710117340088,1.69161748886108
0.245283470797694,0.434485752601177,"random_effect","replicate4","wisp",247,0.0302588939666748,439.416900157928,23.9184587001801,1.70590662956238
0,1,"FSE","Pvalb","wisp",247,0.0327942371368408,438.957689762115,27.6632163524628,1.71968770027161
1.30832432873249,0,"FSE","Slc17a7","wisp",247,0.0285742282867432,421.09440946579,29.6664223670959,1.71637344360352
0.566713286713287,1,"FSE","Tac2","wisp",247,0.0321705341339111,433.779055833817,24.2364208698273,1.66416764259338
1.882997002997,0,"FSE","Vip","wisp",247,0.0324299335479736,441.995455741882,30.9328153133392,1.71126890182495
0.940982145193149,1,"SVG","Pvalb","ELLA",247,0.029210090637207,439.464953899384,34.3297638893127,1.69986629486084
0.915517185492525,0,"SVG","Slc17a7","ELLA",247,0.0426244735717773,437.597018718719,24.8363919258118,1.68951106071472
1.09975318873801e-06,1,"SVG","Tac2","ELLA",247,0.0324771404266357,425.207281112671,34.9626548290253,1.69158744812012
0.783383449636276,0,"SVG","Vip","ELLA",247,0.0298991203308105,418.647297859192,25.208455324173,1.70028805732727
0.000905002837640924,0.386947891907766,"rate_effect","Slc17a7","DESeq2",247,0.0298573970794678,427.855692625046,21.8786227703094,1.69300127029419
1.63664497278144,0,"rate_effect","Pvalb","DESeq2",247,0.0312502384185791,432.517842054367,28.3129653930664,1.68675136566162
-0.853606759449852,-0.129064114531502,"rate_effect","Tac2","DESeq2",247,0.0320358276367188,411.424299955368,27.6908824443817,1.68193197250366
-0.00288321225797299,0,"rate_effect","Vip","DESeq2",247,0.0310063362121582,427.761325597763,29.3594481945038,1.68344497680664
0.82142138087118,1,"FSE","Slc17a7","DESeq2",247,0.0334844589233398,428.166197538376,26.1797046661377,1.7228901386261
0,0,"FSE","Pvalb","DESeq2",247,0.0315742492675781,434.415714979172,25.5722579956055,1.75341796875
0,1,"FSE","Tac2","DESeq2",247,0.0306034088134766,423.648044109344,28.6630384922028,2.33507633209229
0.82142138087118,0,"FSE","Vip","DESeq2",247,0.0319352149963379,457.630842685699,30.2729852199554,1.71965885162354
0.220481986251782,0,"rate_effect","Pvalb","wisp",248,0.0309898853302002,427.793577194214,24.6332676410675,1.78945779800415
0.784736900286519,0.366207295563072,"rate_effect","Slc17a7","wisp",248,0.0248186588287354,427.134085416794,20.8497416973114,1.70171666145325
0.0435732821728916,0,"rate_effect","Tac2","wisp",248,0.0303020477294922,449.407165288925,26.851879119873,1.69535422325134
-0.0194839587724157,0,"rate_effect","Vip","wisp",248,0.0301089286804199,428.247339248657,29.8079919815063,1.66396045684814
-0.217231529837879,-0.112625203328207,"random_effect","replicate1","wisp",248,0.0322089195251465,408.884809732437,26.4115223884583,1.72398972511292
-0.386912582497305,-0.267943063285202,"random_effect","replicate2","wisp",248,0.0315802097320557,422.765319108963,25.9771552085876,1.73013639450073
0.365871432541831,0.475398292066529,"random_effect","replicate3","wisp",248,0.0289065837860107,439.160111427307,22.1827802658081,1.76004147529602
0.173574564900187,0.0398033990059048,"random_effect","replicate4","wisp",248,0.0298852920532227,427.017245531082,28.7798230648041,1.70368719100952
0.6916,0,"FSE","Pvalb","wisp",248,0.0346510410308838,423.745444536209,30.480721950531,1.68005108833313
0.19872,1,"FSE","Slc17a7","wisp",248,0.0336208343505859,457.350196123123,29.9804899692535,1.70068073272705
0.761728395061728,0,"FSE","Tac2","wisp",248,0.0338809490203857,436.45938372612,22.8680624961853,1.66281175613403
1.77225,0,"FSE","Vip","wisp",248,0.034174919128418,440.511873960495,28.8962671756744,1.64716815948486
0.92143097882022,1,"SVG","Pvalb","ELLA",248,0.0303421020507812,427.628512382507,22.2104892730713,1.71368527412415
0.994724803286261,1,"SVG","Slc17a7","ELLA",248,0.0332088470458984,344.416242599487,30.4543399810791,1.69739413261414
0.718137432432427,0,"SVG","Tac2","ELLA",248,0.0305843353271484,431.98536658287,24.406289100647,1.68058586120605
0.899119109056357,0,"SVG","Vip","ELLA",248,0.0328588485717773,449.26571059227,33.3354132175446,1.73019027709961
1.55407753127781,0,"rate_effect","Slc17a7","DESeq2",248,0.0297694206237793,439.159985542297,26.3205349445343,1.71449494361877
0.023558916755846,0.366207295563072,"rate_effect","Pvalb","DESeq2",248,0.0305607318878174,428.652082204819,30.6755955219269,1.88950419425964
-0.0404344105876339,0,"rate_effect","Tac2","DESeq2",248,0.0316033363342285,445.094449043274,42.2195236682892,1.67439436912537
-0.0271792409167487,0,"rate_effect","Vip","DESeq2",248,0.0265688896179199,435.233200311661,26.1416709423065,1.71018147468567
0,0,"FSE","Slc17a7","DESeq2",248,0.0327644348144531,439.456162452698,26.0999274253845,1.78638219833374
0.0174757541170373,1,"FSE","Pvalb","DESeq2",248,0.0307676792144775,437.681057214737,27.9302146434784,1.65710139274597
0.0128757737056105,0,"FSE","Tac2","DESeq2",248,0.0290651321411133,427.405111312866,22.3053696155548,1.72048687934875
0.0338613780714063,0,"FSE","Vip","DESeq2",248,0.0320477485656738,433.640318632126,29.350049495697,1.72802352905273
-0.00794977177998736,0,"rate_effect","Pvalb","wisp",249,0.0298590660095215,448.810079097748,25.333607673645,1.71256875991821
0.00608425199958359,0,"rate_effect","Slc17a7","wisp",249,0.0316283702850342,455.552742004395,29.5427038669586,1.7094087600708
0.0605553352475763,0,"rate_effect","Tac2","wisp",249,0.0333898067474365,440.108868360519,23.9051141738892,1.67539310455322
0.0145205004931334,0,"rate_effect","Vip","wisp",249,0.0299966335296631,419.217404127121,32.1976454257965,1.70710897445679
-0.282310836139057,-0.111340010538697,"random_effect","replicate1","wisp",249,0.0458025932312012,433.931190729141,28.3724331855774,1.67933249473572
0.224453603581243,0.286596276098862,"random_effect","replicate2","wisp",249,0.0300023555755615,429.552792310715,29.0982015132904,1.65337753295898
0.271185667766927,0.405016633216292,"random_effect","replicate3","wisp",249,0.0322961807250977,435.765223503113,31.6087048053741,1.71501207351685
-0.209589463144373,-0.0598734146915376,"random_effect","replicate4","wisp",249,0.0341274738311768,417.889683008194,28.9951059818268,1.70399403572083
1.25718031968032,0,"FSE","Pvalb","wisp",249,0.0294394493103027,453.733312368393,25.2916481494904,1.77246928215027
0.875124875124875,0,"FSE","Slc17a7","wisp",249,0.0308578014373779,468.61527967453,25.4667437076569,1.71070170402527
0.657566922873045,0,"FSE","Tac2","wisp",249,0.820080041885376,436.097178220749,26.8479788303375,1.66347169876099
0.844355644355644,0,"FSE","Vip","wisp",249,0.0320253372192383,431.81830573082,30.8184201717377,1.66999959945679
0.817161694181006,1,"SVG","Pvalb","ELLA",249,0.0323450565338135,407.469310998917,23.6902546882629,1.6712794303894
0.88940004114529,0,"SVG","Slc17a7","ELLA",249,0.0303232669830322,458.878425359726,29.6515972614288,1.6605019569397
2.7518475859134e-07,1,"SVG","Tac2","ELLA",249,0.0322065353393555,419.259837388992,28.8181869983673,1.6933798789978
7.3334449807172e-07,1,"SVG","Vip","ELLA",249,0.0321733951568604,430.462215185165,29.7094798088074,1.70585680007935
-0.00721570055357029,0,"rate_effect","Slc17a7","DESeq2",249,0.0398569107055664,434.449024200439,32.2220323085785,1.69411945343018
0.000207562064286289,0,"rate_effect","Pvalb","DESeq2",249,0.0285923480987549,429.197801351547,26.8881816864014,1.82680439949036
-0.00016107332285562,0,"rate_effect","Tac2","DESeq2",249,0.0303695201873779,462.501043796539,27.2750470638275,1.7259795665741
5.85498475520252e-05,0,"rate_effect","Vip","DESeq2",249,0.0310995578765869,422.670966625214,21.7350451946259,1.75525784492493
0.00322617563157607,0,"FSE","Slc17a7","DESeq2",249,0.0324530601501465,428.048925638199,30.4400534629822,1.65608763694763
0.212736254444983,0,"FSE","Pvalb","DESeq2",249,0.80547022819519,440.463515520096,28.439962387085,1.65983462333679
0.949806686744588,0,"FSE","Tac2","DESeq2",249,0.0333585739135742,445.77917599678,26.5162720680237,1.65799617767334
0.949806686744588,0,"FSE","Vip","DESeq2",249,0.834730386734009,404.486200332642,22.7781071662903,1.70609188079834
-0.0659674814158122,0,"rate_effect","Pvalb","wisp",250,0.0285840034484863,414.615249633789,23.4158487319946,1.73908114433289
-0.0185048963512365,0,"rate_effect","Slc17a7","wisp",250,0.0306859016418457,433.938928842545,33.8327622413635,1.7237377166748
0.0323532227921269,0,"rate_effect","Tac2","wisp",250,0.0308890342712402,422.670696020126,25.4336326122284,1.66652059555054
0.00923122512858485,0,"rate_effect","Vip","wisp",250,0.0306036472320557,419.418052911758,25.2467229366302,1.70362830162048
-0.541421589056464,-0.432241862872615,"random_effect","replicate1","wisp",250,0.0317995548248291,461.469823598862,32.3803489208221,1.67511296272278
0.30098127907052,-0.0917357180733234,"random_effect","replicate2","wisp",250,0.0344686508178711,434.89457821846,27.1384015083313,1.70538330078125
-0.322239560375496,-0.337916841264814,"random_effect","replicate3","wisp",250,0.0282166004180908,443.423809051514,32.3087086677551,1.67403841018677
0.500442824229532,0.442944519920275,"random_effect","replicate4","wisp",250,0.0308902263641357,431.944690704346,30.5837070941925,1.7223334312439
2.67754467754468,0,"FSE","Pvalb","wisp",250,0.0291938781738281,425.225584983826,23.5495102405548,1.67557716369629
0.864479270729271,0,"FSE","Slc17a7","wisp",250,0.0274803638458252,449.36609172821,29.871399641037,1.7144455909729
1.80987012987013,0,"FSE","Tac2","wisp",250,0.0323798656463623,397.502710580826,26.9996373653412,1.68184280395508
1.85490509490509,0,"FSE","Vip","wisp",250,0.0408256053924561,431.450164318085,30.4177463054657,1.70918226242065
0.961431207177633,1,"SVG","Pvalb","ELLA",250,0.0313534736633301,438.536264657974,29.9569611549377,1.84068560600281
0.960560458300359,0,"SVG","Slc17a7","ELLA",250,0.0400087833404541,433.042570114136,30.6304001808167,1.66168165206909
0.897750920769301,0,"SVG","Tac2","ELLA",250,0.817047119140625,430.118763923645,24.3502914905548,1.6999716758728
0.92056180694469,0,"SVG","Vip","ELLA",250,0.0297436714172363,437.071761846542,23.595419883728,1.64554500579834
-0.0152696497104603,0,"rate_effect","Slc17a7","DESeq2",250,0.032271146774292,436.101019144058,24.8949110507965,1.70548939704895
0.001311515397008,0,"rate_effect","Pvalb","DESeq2",250,0.0315263271331787,432.288017749786,30.956157207489,1.69679665565491
0.0109266953665926,0,"rate_effect","Tac2","DESeq2",250,0.0336310863494873,437.491618871689,23.7585678100586,1.71569228172302
-0.00732551725501659,0,"rate_effect","Vip","DESeq2",250,1.60711026191711,421.640034914017,25.7011733055115,1.6941704750061
0.00538406318464575,0,"FSE","Slc17a7","DESeq2",250,0.0332968235015869,424.412275791168,31.337925195694,1.72009944915771
0.436803222002868,0,"FSE","Pvalb","DESeq2",250,0.0317978858947754,432.436423778534,26.7529740333557,1.69773530960083
0.229774651492847,0,"FSE","Tac2","DESeq2",250,0.0310676097869873,423.374612569809,30.5652163028717,1.68888401985168
0.356875323741408,0,"FSE","Vip","DESeq2",250,0.0288574695587158,432.843449831009,27.3957550525665,1.6828761100769
